event_id,source_customer_id,event_type,item_id,occurred_at,channel
8f77e568-ea2b-56a7-ad48-8cc7c46c11f6,b02430f8-928d-51e6-8e1d-f97243c86c5e,APP_OPEN,,2025-11-16T02:38:28+07:00,APP
7435bc3a-c6db-5a7c-ae72-775b4071c61b,b02430f8-928d-51e6-8e1d-f97243c86c5e,PRODUCT_VIEW,ITM-0050,2026-02-18T20:47:22+07:00,APP
3b84f682-6127-548b-b25e-c43cb34a25bb,b02430f8-928d-51e6-8e1d-f97243c86c5e,CART_ADD,ITM-0099,2025-07-04T06:22:08+07:00,APP
0074e76a-da23-5ae1-995e-b67dddbbd4bd,b02430f8-928d-51e6-8e1d-f97243c86c5e,APP_OPEN,,2025-04-19T22:28:55+07:00,APP
b0e4fe3b-b846-5be2-aa81-7acb35190ca1,b02430f8-928d-51e6-8e1d-f97243c86c5e,APP_OPEN,,2026-02-26T15:22:43+07:00,APP
e3bbc63b-5619-574e-a76c-e6a49cd1d3c6,b02430f8-928d-51e6-8e1d-f97243c86c5e,PRODUCT_VIEW,ITM-0028,2025-07-01T21:24:35+07:00,APP
cca27e61-a000-55fa-a4e1-dfdc6d5ea2a5,5ef7d0cd-5644-5e94-bd5f-fed0775d46fd,APP_OPEN,,2026-01-20T23:05:28+07:00,APP
20ed884c-dba6-5f2c-866a-7bcc30d1e7b9,5ef7d0cd-5644-5e94-bd5f-fed0775d46fd,APP_OPEN,,2026-05-22T07:33:21+07:00,APP
ada4ba99-2294-5454-9164-4db35e7c0508,5ef7d0cd-5644-5e94-bd5f-fed0775d46fd,APP_OPEN,,2025-04-19T08:59:02+07:00,APP
be4818db-a07d-5135-b850-e08377ee95a3,5ef7d0cd-5644-5e94-bd5f-fed0775d46fd,CART_ADD,ITM-0071,2026-07-27T00:22:22+07:00,APP
0ad57433-1a36-5af1-90cd-aca78bfef3a4,be6ccfda-2923-561b-af01-024ac632d1fc,PRODUCT_VIEW,ITM-0084,2025-04-20T14:15:53+07:00,APP
81a1f3a4-5a60-5b76-b2ca-ba497226784c,be6ccfda-2923-561b-af01-024ac632d1fc,APP_OPEN,,2025-12-04T11:08:48+07:00,APP
4ceda2d6-feab-587a-ac9d-4693f31c29f1,be6ccfda-2923-561b-af01-024ac632d1fc,APP_OPEN,,2026-05-16T20:16:26+07:00,APP
9548a523-d872-5233-ad01-34472ee6456f,be6ccfda-2923-561b-af01-024ac632d1fc,PRODUCT_VIEW,ITM-0088,2026-02-27T22:23:28+07:00,APP
38880c64-5503-588a-a879-1dbfddcaa0a9,be6ccfda-2923-561b-af01-024ac632d1fc,APP_OPEN,,2025-11-17T02:50:45+07:00,APP
62959cb4-3f79-58d3-a380-d83d26e5ec8e,be6ccfda-2923-561b-af01-024ac632d1fc,SEARCH,,2026-08-27T12:43:53+07:00,APP
76821ae3-958f-558b-a4e3-e6a1d0f8abde,2c9e0985-0ab3-5afa-bf8b-705741ca4312,PRODUCT_VIEW,ITM-0073,2025-08-14T05:54:22+07:00,APP
1ef54511-3553-525e-a861-94b202bffd43,76706a3c-c8ca-5aa7-ac11-87f683e7e70d,SEARCH,,2026-05-18T08:06:40+07:00,APP
9a7a1cbb-215d-50bc-8c61-5cf4973e85f3,76706a3c-c8ca-5aa7-ac11-87f683e7e70d,APP_OPEN,,2026-08-26T10:45:56+07:00,APP
bd708ce5-36a3-5f88-80d1-2dce220df4b0,76706a3c-c8ca-5aa7-ac11-87f683e7e70d,CART_ADD,ITM-0067,2026-03-01T01:26:54+07:00,APP
67253662-9b22-5633-9ff0-8f521925eb54,76706a3c-c8ca-5aa7-ac11-87f683e7e70d,APP_OPEN,,2025-04-26T07:33:44+07:00,APP
ce2ea675-2800-5504-8d22-241c0ab195e6,76706a3c-c8ca-5aa7-ac11-87f683e7e70d,SEARCH,,2026-09-12T09:32:32+07:00,APP
d1d92731-bd1d-57dd-952d-b977e79d9772,76706a3c-c8ca-5aa7-ac11-87f683e7e70d,APP_OPEN,,2025-04-05T18:28:34+07:00,APP
2fd493db-6882-58c7-bcbb-598ce198dfa7,2b4966c0-bc07-59bf-9797-acfed8fd80fb,CART_ADD,ITM-0033,2026-02-14T11:16:08+07:00,APP
f8b19f6b-7c51-5a7a-afc5-3be72ac4675f,268c43f9-d916-57f2-97c3-4caed2ffc725,CART_ADD,ITM-0036,2026-03-24T18:20:36+07:00,APP
c29feb6c-3bb5-56b5-b662-a59655b85c34,268c43f9-d916-57f2-97c3-4caed2ffc725,APP_OPEN,,2026-03-24T05:15:45+07:00,APP
9e10ed2a-dc3d-5cfd-8648-e4f4a4860dda,268c43f9-d916-57f2-97c3-4caed2ffc725,PRODUCT_VIEW,ITM-0001,2025-04-10T09:57:06+07:00,APP
082a1459-5226-5427-ade0-e3e7f63a041a,268c43f9-d916-57f2-97c3-4caed2ffc725,PRODUCT_VIEW,ITM-0041,2026-09-05T11:38:21+07:00,APP
41dbbcce-acd1-5b09-8d48-dc696361386b,268c43f9-d916-57f2-97c3-4caed2ffc725,PRODUCT_VIEW,ITM-0024,2026-08-08T08:09:48+07:00,APP
1cbcb162-5c84-5ece-ba4b-348a11aab4e0,a32181e8-47bc-5b3e-9998-bf5ecbe75d93,PRODUCT_VIEW,ITM-0070,2025-06-20T12:07:33+07:00,APP
7417dd02-9680-5d9c-bc67-48286054394d,3a56b99d-b537-5a0e-b350-3c721abecc77,APP_OPEN,,2026-07-08T03:48:39+07:00,APP
a4156baa-39ee-57ac-9366-b896ef3905b9,5b3faa4d-01be-5fb3-a6ad-d9cd8554f6f4,SEARCH,,2026-04-07T00:55:57+07:00,APP
be6a56eb-7100-5cda-ad0b-18f7046a3502,5a45a6e4-ff39-5e51-819f-f2b47ea1cc06,SEARCH,,2026-09-29T07:37:08+07:00,APP
767d8758-efde-552a-a98d-dae0b1a2d69f,5a45a6e4-ff39-5e51-819f-f2b47ea1cc06,PRODUCT_VIEW,ITM-0037,2025-09-27T21:05:34+07:00,APP
b49a653f-698d-579a-b4a3-e8d21bedd2c8,5a45a6e4-ff39-5e51-819f-f2b47ea1cc06,CART_ADD,ITM-0096,2025-05-06T11:46:46+07:00,APP
8de7bd65-2510-5fc9-a966-57acc771a862,5a45a6e4-ff39-5e51-819f-f2b47ea1cc06,APP_OPEN,,2026-06-10T17:09:51+07:00,APP
2ded43cd-f619-5bfe-80ac-989bac46c785,5a45a6e4-ff39-5e51-819f-f2b47ea1cc06,PRODUCT_VIEW,ITM-0071,2026-01-20T16:22:37+07:00,APP
a82dfe69-3b14-5000-b462-74d978ca308e,5a45a6e4-ff39-5e51-819f-f2b47ea1cc06,APP_OPEN,,2025-07-04T12:48:29+07:00,APP
8a4dca51-feca-572a-a670-6c110bb4aa0e,9d58d481-0d06-5cd9-a489-b933c222825a,PRODUCT_VIEW,ITM-0093,2025-05-24T07:54:51+07:00,APP
b94dbaf0-9e6d-5261-804d-3eba4abcafce,3b46fcdc-41d4-5a9a-8b44-759a42ca3e5b,PRODUCT_VIEW,ITM-0006,2026-08-09T23:21:08+07:00,APP
9b852f28-5ce3-5574-8c5b-c6f9016f9f42,b10b7d80-ca7e-5fda-8ee6-c3779a034db0,APP_OPEN,,2025-07-07T08:55:00+07:00,APP
c6c1a01a-5ff4-51c5-9255-f81e43dff1c0,b10b7d80-ca7e-5fda-8ee6-c3779a034db0,CART_ADD,ITM-0006,2025-06-20T22:16:55+07:00,APP
230a78cf-9f41-52e7-ae81-6141900fdf51,b10b7d80-ca7e-5fda-8ee6-c3779a034db0,SEARCH,,2025-04-24T04:48:52+07:00,APP
3534fa68-706e-5417-8d91-79bbd06523a9,b10b7d80-ca7e-5fda-8ee6-c3779a034db0,PRODUCT_VIEW,ITM-0038,2025-10-26T10:44:52+07:00,APP
7e5b7837-b4d0-5542-82b4-d337d0af4ba0,b10b7d80-ca7e-5fda-8ee6-c3779a034db0,SEARCH,,2026-08-17T00:55:17+07:00,APP
9e161daf-bfa6-572e-b238-f06d54081f24,b10b7d80-ca7e-5fda-8ee6-c3779a034db0,APP_OPEN,,2025-07-26T17:55:07+07:00,APP
47dd59b9-edb8-5d4e-9236-b0fe123f99db,b10b7d80-ca7e-5fda-8ee6-c3779a034db0,SEARCH,,2026-06-04T00:55:14+07:00,APP
670b8eac-a26f-52d3-bdd8-f691b60e6f7f,b003a144-b382-500e-b2fa-852b874c74a2,APP_OPEN,,2026-05-26T03:55:01+07:00,APP
71574f4d-ef39-551c-b6e8-f3bf0b583b42,b003a144-b382-500e-b2fa-852b874c74a2,SEARCH,,2026-05-14T00:15:33+07:00,APP
4a55c094-5ec7-5aa7-a641-f4c0754b3295,b003a144-b382-500e-b2fa-852b874c74a2,PRODUCT_VIEW,ITM-0049,2026-03-31T21:25:51+07:00,APP
51ad7ba3-5fca-5992-8367-a911d62223dd,b003a144-b382-500e-b2fa-852b874c74a2,CART_ADD,ITM-0089,2025-07-07T02:53:28+07:00,APP
110044b0-da89-5081-add4-1740254f1665,0db9aa45-ff05-5d00-9954-371de26d3d0a,SEARCH,,2025-08-11T16:00:02+07:00,APP
159b27ef-bc46-5a05-b6e9-8eaa2e04b7e0,0db9aa45-ff05-5d00-9954-371de26d3d0a,SEARCH,,2026-07-24T21:17:25+07:00,APP
567a5fe2-3816-56ba-bfe7-4ac650bf0688,12ea92f2-58bc-50e1-bd5d-a53139edc9a1,CART_ADD,ITM-0014,2026-08-16T09:30:14+07:00,APP
83106d8c-49e6-5cf0-99f6-c1ded6b6f706,ac1372a3-222d-5c83-8796-cbeae65b90cd,CART_ADD,ITM-0029,2025-06-27T20:30:45+07:00,APP
2b447339-3927-50b0-af83-eccf8cae6634,1ea835b3-681f-5402-a432-1dc89c458d43,CART_ADD,ITM-0096,2026-07-19T20:20:07+07:00,APP
689fcaa7-d24c-5fb2-a8cd-7eec63ab3fa7,1ea835b3-681f-5402-a432-1dc89c458d43,CART_ADD,ITM-0003,2025-07-17T06:59:39+07:00,APP
1e2a6a31-2ae7-57d6-b369-d9265a786ba1,1ea835b3-681f-5402-a432-1dc89c458d43,APP_OPEN,,2026-07-20T09:16:56+07:00,APP
d6bdfb6e-8428-5021-9515-8edc8b15303e,1ea835b3-681f-5402-a432-1dc89c458d43,CART_ADD,ITM-0028,2025-05-13T12:22:55+07:00,APP
1acc7ba3-f043-5520-a010-6a2f1d7c02c8,bdd9a994-e8df-54b1-bcd3-2cbe196fc704,PRODUCT_VIEW,ITM-0043,2025-11-17T07:45:44+07:00,APP
badae70f-71fd-57d4-a306-6986a837b28d,bdd9a994-e8df-54b1-bcd3-2cbe196fc704,PRODUCT_VIEW,ITM-0094,2025-06-22T17:21:59+07:00,APP
20590c31-9e51-54d9-b7de-6858026b629e,daba81a0-9ba2-59b3-b592-a00c3dd6fc52,CART_ADD,ITM-0055,2026-05-10T01:41:14+07:00,APP
cef0d0cc-823e-59a7-9a02-05fc54ad956f,daba81a0-9ba2-59b3-b592-a00c3dd6fc52,CART_ADD,ITM-0011,2026-08-06T13:06:34+07:00,APP
5911cde8-8ae7-5aa3-9cfc-69fe7956c105,daba81a0-9ba2-59b3-b592-a00c3dd6fc52,SEARCH,,2026-05-03T00:01:44+07:00,APP
bb72c7e4-817f-52b0-863e-4fffa19cd44c,daba81a0-9ba2-59b3-b592-a00c3dd6fc52,APP_OPEN,,2025-11-12T11:49:25+07:00,APP
368c77e8-bd7c-5551-8dc5-a7117ac138a9,daba81a0-9ba2-59b3-b592-a00c3dd6fc52,CART_ADD,ITM-0026,2025-06-30T03:14:10+07:00,APP
b175eb28-0782-5648-828e-4f14d955f5e1,338bbdbe-8093-5636-9c5a-942227435caa,SEARCH,,2025-09-08T07:56:47+07:00,APP
8eb5ed16-73b7-5bbf-b93d-fe38315418a7,338bbdbe-8093-5636-9c5a-942227435caa,PRODUCT_VIEW,ITM-0041,2026-04-03T17:52:09+07:00,APP
09d58959-1507-5112-9713-f56c75466398,338bbdbe-8093-5636-9c5a-942227435caa,APP_OPEN,,2026-09-13T03:00:10+07:00,APP
18a3117c-96a8-5536-b057-079af58d3612,338bbdbe-8093-5636-9c5a-942227435caa,PRODUCT_VIEW,ITM-0031,2025-08-07T16:09:12+07:00,APP
af187566-12f9-546a-b313-780f1e35b304,338bbdbe-8093-5636-9c5a-942227435caa,PRODUCT_VIEW,ITM-0011,2025-11-19T07:45:47+07:00,APP
d716243c-424e-54fa-9ea3-7401a4e432ea,a8a9ee52-f745-59ef-af7b-0cc6be80aad6,SEARCH,,2026-08-17T08:38:43+07:00,APP
4976d67d-bdfc-56ab-a4f3-5a7009ee5f0f,a8a9ee52-f745-59ef-af7b-0cc6be80aad6,CART_ADD,ITM-0060,2025-07-15T03:57:55+07:00,APP
8e62a54b-2fca-5db9-a3f4-7e48aa5fc35d,1e84124b-7809-5598-b633-2936034903c8,CART_ADD,ITM-0028,2026-02-17T10:40:22+07:00,APP
89aca32f-6902-54f8-bb56-0bb3ab2640ea,d1ea4fd3-8297-50fb-82a0-6794f9484c57,CART_ADD,ITM-0029,2026-08-12T09:43:44+07:00,APP
7fd72a1d-67d6-56f4-ba17-cf193be130f8,90138fb5-eae3-5962-ade5-bd7d216de4ee,SEARCH,,2026-09-26T11:19:38+07:00,APP
a0c30618-a1c7-5a16-8dd6-2575c787c800,ac595b16-c473-5751-a6be-2336e8b7db6f,CART_ADD,ITM-0076,2025-06-05T20:27:30+07:00,APP
4fe30bd1-9efe-571b-af7b-7f2df5adf918,ac595b16-c473-5751-a6be-2336e8b7db6f,APP_OPEN,,2025-06-29T19:09:37+07:00,APP
2c9cd917-6bc9-5a81-a5bb-198c38b46adb,ac595b16-c473-5751-a6be-2336e8b7db6f,PRODUCT_VIEW,ITM-0082,2026-09-23T05:51:20+07:00,APP
697d2a26-b839-576a-acfc-6d047069b138,ac595b16-c473-5751-a6be-2336e8b7db6f,APP_OPEN,,2025-07-01T00:41:01+07:00,APP
b2738e3e-7523-57f2-a06c-d4fc9b65531f,ac595b16-c473-5751-a6be-2336e8b7db6f,SEARCH,,2025-08-14T16:57:19+07:00,APP
63f75401-b527-549a-8441-f6154a1e2419,5a67e4d4-46dd-5863-b520-40d40d5e6ac9,APP_OPEN,,2026-06-07T00:04:36+07:00,APP
6ccf9d31-791b-5d00-826a-91cafcd6b406,5a67e4d4-46dd-5863-b520-40d40d5e6ac9,CART_ADD,ITM-0061,2026-09-07T06:42:48+07:00,APP
73b144d5-1c5e-5956-8d19-447a819192b8,5a67e4d4-46dd-5863-b520-40d40d5e6ac9,APP_OPEN,,2025-11-04T16:49:26+07:00,APP
d9fadf15-8586-54ce-a045-8a150fe0d3d8,5a67e4d4-46dd-5863-b520-40d40d5e6ac9,APP_OPEN,,2025-09-15T11:45:10+07:00,APP
55b8c680-1c97-5439-9b60-c65534168d3d,2a248cb0-d3a7-585a-b2c5-9d69ed98ed6f,APP_OPEN,,2025-10-17T23:43:21+07:00,APP
78dce516-d4be-5127-9177-7d0172a057cb,2a248cb0-d3a7-585a-b2c5-9d69ed98ed6f,CART_ADD,ITM-0036,2025-05-26T10:03:28+07:00,APP
c0edf956-fe09-5232-a655-30ea497bb81d,2a248cb0-d3a7-585a-b2c5-9d69ed98ed6f,SEARCH,,2026-05-05T20:32:46+07:00,APP
98a5a240-7ff7-599b-83a1-6ba8c4265282,2a248cb0-d3a7-585a-b2c5-9d69ed98ed6f,APP_OPEN,,2026-02-27T21:27:29+07:00,APP
7a2cd605-1cfb-58be-94dd-bc32b07a70d3,ac295ead-1502-558b-aa29-f9fcca03b9a6,PRODUCT_VIEW,ITM-0023,2026-06-01T22:08:06+07:00,APP
c3355c0c-5bab-55ed-96ee-1d915dbfb298,ac295ead-1502-558b-aa29-f9fcca03b9a6,APP_OPEN,,2025-05-27T06:36:19+07:00,APP
dce8e2cb-5dec-5b00-bc3e-b93d8ff18f8b,ac295ead-1502-558b-aa29-f9fcca03b9a6,SEARCH,,2026-06-12T01:48:57+07:00,APP
09f6eb24-0fdb-5018-9337-609ae1534025,ac295ead-1502-558b-aa29-f9fcca03b9a6,CART_ADD,ITM-0093,2025-07-04T03:46:54+07:00,APP
7f104660-4687-5e0b-b786-cd89ab8ef6aa,a5fb0ea5-9ad8-57d1-bf41-c068c5c438c4,SEARCH,,2026-08-19T17:20:09+07:00,APP
1c09bef7-2b2f-5eab-8e12-cc36a6267c03,b108c503-ba24-5ad9-9c7c-e33b1e85963d,PRODUCT_VIEW,ITM-0098,2026-08-06T23:36:55+07:00,APP
f8eab52d-3652-57a8-8c82-195d472ee332,b108c503-ba24-5ad9-9c7c-e33b1e85963d,CART_ADD,ITM-0046,2025-10-28T09:08:00+07:00,APP
01db9751-a612-5815-aaf0-2946d2eec73b,b108c503-ba24-5ad9-9c7c-e33b1e85963d,PRODUCT_VIEW,ITM-0014,2025-10-04T17:59:23+07:00,APP
4833df79-c233-562e-b12c-c8197de19697,b108c503-ba24-5ad9-9c7c-e33b1e85963d,APP_OPEN,,2025-07-01T05:15:08+07:00,APP
85e74c53-1cc4-526f-ad0a-dd6a48a996f4,b108c503-ba24-5ad9-9c7c-e33b1e85963d,APP_OPEN,,2026-07-18T10:46:57+07:00,APP
96b13d58-aea8-59da-9155-8098b3f1beec,b108c503-ba24-5ad9-9c7c-e33b1e85963d,CART_ADD,ITM-0016,2025-12-25T06:38:06+07:00,APP
6aee76a9-d175-57b9-bf40-f76d4bf679f2,b108c503-ba24-5ad9-9c7c-e33b1e85963d,SEARCH,,2026-06-04T19:24:18+07:00,APP
1e613804-3055-5305-a64f-a1aee135c890,b108c503-ba24-5ad9-9c7c-e33b1e85963d,SEARCH,,2025-12-22T00:25:46+07:00,APP
1e8030f8-7772-5cf0-9462-74c8d153a6ba,bdec9ce3-1b7e-521b-96a5-bbc97348c4b2,SEARCH,,2026-03-21T10:07:59+07:00,APP
e765bc76-3f79-5ca4-99c1-b11ffecd2710,bdec9ce3-1b7e-521b-96a5-bbc97348c4b2,APP_OPEN,,2025-06-19T04:46:45+07:00,APP
a486bff4-a161-5a60-9b33-cc5f935c81d9,bdec9ce3-1b7e-521b-96a5-bbc97348c4b2,CART_ADD,ITM-0083,2026-03-05T12:24:59+07:00,APP
560aa5dd-1eea-5ae1-b1c7-e6ef66e7bf5f,bdec9ce3-1b7e-521b-96a5-bbc97348c4b2,CART_ADD,ITM-0014,2025-06-06T01:14:40+07:00,APP
15fb4658-a625-5bf3-80a6-76d83e45dfe3,bdec9ce3-1b7e-521b-96a5-bbc97348c4b2,APP_OPEN,,2026-05-14T00:30:12+07:00,APP
96be1469-018f-5ef4-a31a-8fab0d489ae7,bdec9ce3-1b7e-521b-96a5-bbc97348c4b2,PRODUCT_VIEW,ITM-0085,2025-05-02T07:14:43+07:00,APP
3d5276ca-4f7d-5313-8b71-2e1798d77362,4c7c72c7-4863-5be1-8000-7b2c41957191,PRODUCT_VIEW,ITM-0003,2025-12-29T16:35:54+07:00,APP
606c2280-d474-5dd4-8ecc-9307a7f17ce5,4c7c72c7-4863-5be1-8000-7b2c41957191,SEARCH,,2025-08-19T17:05:36+07:00,APP
0f5c76be-8e7f-5da6-8502-a5fc1ef3b33f,4c7c72c7-4863-5be1-8000-7b2c41957191,APP_OPEN,,2026-03-27T21:39:31+07:00,APP
e305f062-c0ec-5979-89de-bfdc5758d47f,05ca6a7c-c3c4-56e2-9a37-c6a090d75a8c,APP_OPEN,,2025-11-23T20:02:49+07:00,APP
e40d311b-d3b2-5168-95f6-e2eee4cb1c85,46012afc-120e-5e49-8fe9-46192f141cfd,SEARCH,,2026-09-03T12:28:01+07:00,APP
ed8d6d66-5dc4-5404-8428-b561407bb42b,46012afc-120e-5e49-8fe9-46192f141cfd,SEARCH,,2026-02-12T22:25:02+07:00,APP
b9408af2-5451-56a8-90bb-402d25f9f45a,46012afc-120e-5e49-8fe9-46192f141cfd,SEARCH,,2025-08-07T02:32:42+07:00,APP
2d310ce1-83ad-5330-a243-4bae09297aab,46012afc-120e-5e49-8fe9-46192f141cfd,APP_OPEN,,2025-07-15T21:42:53+07:00,APP
02996f0d-b4c3-5d1d-b7cd-096cae52e9ed,46012afc-120e-5e49-8fe9-46192f141cfd,SEARCH,,2026-04-13T02:14:12+07:00,APP
d3952cd6-9447-5608-abf1-b1244ce6286e,46012afc-120e-5e49-8fe9-46192f141cfd,CART_ADD,ITM-0095,2026-03-19T14:45:17+07:00,APP
323b5e1f-94b9-5a90-817d-0d0072e09a04,879048b7-191f-5eff-90d9-814dcdf1f6bd,PRODUCT_VIEW,ITM-0024,2025-12-31T22:30:32+07:00,APP
e6a6b925-5661-54c4-bbde-4d0f4449ef91,879048b7-191f-5eff-90d9-814dcdf1f6bd,APP_OPEN,,2025-06-19T08:48:19+07:00,APP
da587427-dde3-5f53-8eb3-45e0a169062a,879048b7-191f-5eff-90d9-814dcdf1f6bd,SEARCH,,2026-04-20T23:00:37+07:00,APP
c72a8827-a9c9-5372-9a2b-93e0c0f718d1,879048b7-191f-5eff-90d9-814dcdf1f6bd,SEARCH,,2026-02-28T16:05:29+07:00,APP
66a79a2f-a7a4-507f-8934-33ec07f647a7,60705692-c40c-54fb-ba87-8edf83a69917,PRODUCT_VIEW,ITM-0050,2026-01-05T16:24:15+07:00,APP
21b0fe26-fecf-5e63-87ec-fa1813287f51,60705692-c40c-54fb-ba87-8edf83a69917,APP_OPEN,,2025-11-28T02:58:12+07:00,APP
216f8184-24c7-5b4a-80c7-f6678604a0a5,60705692-c40c-54fb-ba87-8edf83a69917,PRODUCT_VIEW,ITM-0060,2026-08-03T15:57:47+07:00,APP
1b16ac0e-0c94-5b30-ab13-321dcbf43bd4,a2e6ab68-79a5-55d9-ae26-7b0c2f842e1e,PRODUCT_VIEW,ITM-0098,2025-07-06T13:40:53+07:00,APP
26d11602-187a-59bb-8a23-0f480b7ca4bb,a2e6ab68-79a5-55d9-ae26-7b0c2f842e1e,CART_ADD,ITM-0055,2025-09-03T22:33:56+07:00,APP
f47a61e1-34d1-51dd-acaf-50832d0f5ab4,a2e6ab68-79a5-55d9-ae26-7b0c2f842e1e,PRODUCT_VIEW,ITM-0053,2026-02-01T05:22:38+07:00,APP
2a259ad0-0beb-5787-8c6a-4b0ced62d850,a2e6ab68-79a5-55d9-ae26-7b0c2f842e1e,PRODUCT_VIEW,ITM-0031,2026-03-06T19:03:42+07:00,APP
475db938-20a1-5931-b60c-24cc4856c1b3,a2e6ab68-79a5-55d9-ae26-7b0c2f842e1e,APP_OPEN,,2025-10-20T01:50:17+07:00,APP
4e37770f-b205-5cc3-9c05-e41bc7b7d0ae,a2e6ab68-79a5-55d9-ae26-7b0c2f842e1e,PRODUCT_VIEW,ITM-0083,2026-05-10T13:35:02+07:00,APP
168ed295-07af-5d67-b9e0-80d67f159260,a2e6ab68-79a5-55d9-ae26-7b0c2f842e1e,PRODUCT_VIEW,ITM-0062,2025-03-31T18:50:45+07:00,APP
381bbdbb-d4e9-575d-9b2b-106eaa20fd8e,9d0a0883-86b4-52eb-a681-4ba6f6b1c05c,APP_OPEN,,2025-06-29T21:24:03+07:00,APP
0c8b948a-94ad-5377-aafa-e0b798e6927c,9d0a0883-86b4-52eb-a681-4ba6f6b1c05c,APP_OPEN,,2026-08-21T05:24:15+07:00,APP
233b3ba7-7f48-57d2-b794-1f4d36389ff9,9d0a0883-86b4-52eb-a681-4ba6f6b1c05c,SEARCH,,2025-08-10T12:05:24+07:00,APP
b45c02a0-8ac6-5da9-99ec-100168ba2259,9d0a0883-86b4-52eb-a681-4ba6f6b1c05c,SEARCH,,2025-10-16T01:38:48+07:00,APP
9ecbaad2-b07e-55e1-ac77-0b70fb17d4dc,9d0a0883-86b4-52eb-a681-4ba6f6b1c05c,PRODUCT_VIEW,ITM-0031,2026-01-15T17:15:56+07:00,APP
298a9e2b-3ba6-583d-8b2a-d5d116ba8071,9d0a0883-86b4-52eb-a681-4ba6f6b1c05c,SEARCH,,2026-06-21T00:28:54+07:00,APP
2992a17d-5d06-57db-a0d2-f406c27d49ed,9d0a0883-86b4-52eb-a681-4ba6f6b1c05c,CART_ADD,ITM-0085,2025-04-08T11:41:28+07:00,APP
7525beb4-c4f0-554d-9f9a-e9279e64944b,bc4391f0-8bea-5347-ae92-3e4b34632b28,CART_ADD,ITM-0099,2026-06-30T07:20:14+07:00,APP
ce633df8-953d-54f6-909c-61b6f86f26a6,bc4391f0-8bea-5347-ae92-3e4b34632b28,PRODUCT_VIEW,ITM-0080,2025-04-17T00:53:07+07:00,APP
d7d7be9d-3702-52c1-9727-4e1e13e779b0,bc4391f0-8bea-5347-ae92-3e4b34632b28,CART_ADD,ITM-0071,2026-09-29T05:58:27+07:00,APP
5f237dab-b8ea-59b1-b769-bfea7ee8e098,bc4391f0-8bea-5347-ae92-3e4b34632b28,APP_OPEN,,2026-06-23T09:41:01+07:00,APP
485c00c5-af7b-5581-9279-eddccc985ff7,bc4391f0-8bea-5347-ae92-3e4b34632b28,SEARCH,,2025-10-16T01:13:13+07:00,APP
260b686b-44c0-5694-973e-87171a6ea503,bc4391f0-8bea-5347-ae92-3e4b34632b28,APP_OPEN,,2025-11-04T09:20:51+07:00,APP
3c715405-b66d-5112-8792-5d09a26b7811,497b8b14-e71e-5ddf-a1ff-ea64f48bbdac,CART_ADD,ITM-0038,2026-03-17T06:42:56+07:00,APP
d84fefa5-c03c-52ad-9bf2-78cea7ed585e,497b8b14-e71e-5ddf-a1ff-ea64f48bbdac,SEARCH,,2025-11-03T21:30:33+07:00,APP
6b343c2b-c65e-523d-9727-63b460c1a442,497b8b14-e71e-5ddf-a1ff-ea64f48bbdac,SEARCH,,2026-05-20T19:31:23+07:00,APP
ddff042a-e2fa-5136-9340-b723988b9494,497b8b14-e71e-5ddf-a1ff-ea64f48bbdac,PRODUCT_VIEW,ITM-0085,2025-09-23T21:57:08+07:00,APP
54add109-366d-5b2b-8570-05ec9b98229d,b8838d1e-63e8-5a36-8d45-4a2427494b4d,CART_ADD,ITM-0050,2025-10-29T10:39:38+07:00,APP
52b044f9-a526-56db-ae8d-d150d3567ad1,b8838d1e-63e8-5a36-8d45-4a2427494b4d,PRODUCT_VIEW,ITM-0092,2026-01-07T05:07:48+07:00,APP
4e3b769d-e3e6-5c29-b2ab-8f4231226730,b8838d1e-63e8-5a36-8d45-4a2427494b4d,APP_OPEN,,2025-06-14T10:50:37+07:00,APP
646f1cdf-4e8c-5acb-a725-58e32564fd6e,b8838d1e-63e8-5a36-8d45-4a2427494b4d,CART_ADD,ITM-0072,2025-08-20T19:00:39+07:00,APP
4c95232f-5872-5a03-acac-fa64112a8148,b8838d1e-63e8-5a36-8d45-4a2427494b4d,PRODUCT_VIEW,ITM-0013,2026-08-07T18:11:28+07:00,APP
a62bdee6-031a-5cec-b493-0000f5631569,4b6287e9-4231-53a0-b19e-acd2de925a16,PRODUCT_VIEW,ITM-0008,2025-08-11T22:59:29+07:00,APP
04f74ead-99ab-55ab-b857-7b75888ac476,4b6287e9-4231-53a0-b19e-acd2de925a16,PRODUCT_VIEW,ITM-0056,2025-05-03T03:24:07+07:00,APP
96071bdb-9758-5b63-b8ca-5c85e3eae61e,4b6287e9-4231-53a0-b19e-acd2de925a16,APP_OPEN,,2025-08-04T23:23:50+07:00,APP
4830cf73-1eda-51a2-bd1b-bb8df55ae7fc,2fe9fe13-228e-570b-b0ff-73e852df2ee0,SEARCH,,2025-10-17T23:48:16+07:00,APP
b5e610f6-b046-58d4-a822-836df32ed775,2fe9fe13-228e-570b-b0ff-73e852df2ee0,PRODUCT_VIEW,ITM-0007,2026-05-15T15:02:54+07:00,APP
aebe4833-9d69-5c7c-a55e-cd2453903903,2fe9fe13-228e-570b-b0ff-73e852df2ee0,CART_ADD,ITM-0084,2025-04-15T17:37:08+07:00,APP
12571a26-4d2d-5bc8-b5ec-fff823d805de,2fe9fe13-228e-570b-b0ff-73e852df2ee0,CART_ADD,ITM-0028,2025-07-18T16:14:52+07:00,APP
9898d2bc-cc20-5930-ae8c-095bd11266c9,6bdbdaa0-5653-5867-bc6c-369e234a35de,PRODUCT_VIEW,ITM-0085,2026-04-24T07:29:39+07:00,APP
a2a8cfef-2a8e-5348-ac08-8e2d6ceb594b,6bdbdaa0-5653-5867-bc6c-369e234a35de,APP_OPEN,,2026-01-22T04:05:16+07:00,APP
1a9bb5c2-3d4f-511b-a086-b9ad7265e0fa,8c09f50d-ad0e-5936-98a8-aa6a10be6b62,SEARCH,,2026-01-11T20:43:41+07:00,APP
cbbee137-4bdf-5cc9-a2a5-7e7bc1fba8cd,8c09f50d-ad0e-5936-98a8-aa6a10be6b62,CART_ADD,ITM-0014,2025-08-19T10:46:44+07:00,APP
301ac48f-5528-50f3-83ca-e1a537f4d056,639182e0-267e-5d48-ba81-efc9090383ed,PRODUCT_VIEW,ITM-0012,2026-07-24T00:14:59+07:00,APP
0f3636c1-bef3-5a55-bdd6-0b8e8b5ade64,639182e0-267e-5d48-ba81-efc9090383ed,APP_OPEN,,2025-12-19T11:32:26+07:00,APP
dd06801f-9021-55d7-aa70-24e353a42956,d20ceb9f-671b-5662-84a9-885e10285c48,CART_ADD,ITM-0082,2026-08-01T11:45:58+07:00,APP
6c4c9cb0-3ebb-550c-8af3-0524f87619cd,d20ceb9f-671b-5662-84a9-885e10285c48,SEARCH,,2025-04-05T20:55:20+07:00,APP
dcbb07bb-b371-5e05-a947-3377b0b282cf,d20ceb9f-671b-5662-84a9-885e10285c48,CART_ADD,ITM-0016,2026-03-17T14:07:49+07:00,APP
bb026ad8-8745-5e56-a44b-b1157cb78b1d,d20ceb9f-671b-5662-84a9-885e10285c48,SEARCH,,2026-01-02T09:14:49+07:00,APP
312dcad0-0ba9-5608-b0e4-3b9e9d2171c0,d20ceb9f-671b-5662-84a9-885e10285c48,SEARCH,,2026-02-11T06:44:11+07:00,APP
a0d51273-fedf-551f-92a8-847ea8c54218,d20ceb9f-671b-5662-84a9-885e10285c48,APP_OPEN,,2026-02-09T18:43:51+07:00,APP
34e52ab3-e6e5-59f0-9526-31b09e65e4a9,d20ceb9f-671b-5662-84a9-885e10285c48,CART_ADD,ITM-0019,2025-05-09T20:00:12+07:00,APP
428bf291-a123-52a1-8170-d5fc63992c2e,b96eea20-345e-57c4-9aaf-fb68d291eb95,CART_ADD,ITM-0052,2026-08-24T09:56:07+07:00,APP
e349bc05-0a88-505e-8fba-1329a00d1176,b96eea20-345e-57c4-9aaf-fb68d291eb95,APP_OPEN,,2026-07-22T17:01:11+07:00,APP
b06f5304-3fe2-59b5-a190-685f017ceefb,b96eea20-345e-57c4-9aaf-fb68d291eb95,SEARCH,,2025-06-16T06:36:48+07:00,APP
83b8eee9-df12-5123-8c81-b63f915cd9dd,b96eea20-345e-57c4-9aaf-fb68d291eb95,CART_ADD,ITM-0090,2025-10-22T01:05:01+07:00,APP
061de601-c3a0-55ce-9dd9-fbcce592806c,776c3429-3ad9-530a-afee-31462c19cf53,SEARCH,,2025-04-14T10:48:30+07:00,APP
3206e9a9-d27c-5a64-9622-aa786fed0916,776c3429-3ad9-530a-afee-31462c19cf53,APP_OPEN,,2026-06-01T04:03:04+07:00,APP
2faf6879-714b-5217-b01f-677e615dc672,776c3429-3ad9-530a-afee-31462c19cf53,SEARCH,,2025-08-29T13:05:21+07:00,APP
b157ace1-c4d5-56e7-a318-261a5fac4dce,4b80bd86-63be-5034-abd1-565313e44e9a,APP_OPEN,,2026-03-04T17:33:32+07:00,APP
36d95b1c-f0c5-51d2-add4-479697dbadf7,4b80bd86-63be-5034-abd1-565313e44e9a,APP_OPEN,,2026-07-13T18:52:18+07:00,APP
f5f470df-81ed-5054-919b-2a69485b2386,4b80bd86-63be-5034-abd1-565313e44e9a,CART_ADD,ITM-0082,2025-06-05T08:08:52+07:00,APP
cb7df597-b0e8-509a-ae96-235e1d9a12e5,4b80bd86-63be-5034-abd1-565313e44e9a,PRODUCT_VIEW,ITM-0019,2026-03-01T09:03:50+07:00,APP
87c677d0-5176-5334-8b4b-0e13fa5adccb,c6eb8b62-bbd0-50d8-8649-ff6975edb45d,CART_ADD,ITM-0033,2025-07-24T19:29:33+07:00,APP
87ff7283-e64d-50b2-b5b6-0a0de621e2b0,c6eb8b62-bbd0-50d8-8649-ff6975edb45d,CART_ADD,ITM-0002,2025-10-31T15:51:41+07:00,APP
6b4164d6-cbcc-5c0a-9627-82c5c31ebd53,c6eb8b62-bbd0-50d8-8649-ff6975edb45d,CART_ADD,ITM-0081,2026-05-31T22:16:42+07:00,APP
6701593d-8fff-59f6-a9a8-63836b9793bd,835f7050-37b6-55a5-ae43-a19ba857c442,APP_OPEN,,2025-10-31T02:33:38+07:00,APP
e70019de-f894-5e69-81c9-1539540bd4ac,835f7050-37b6-55a5-ae43-a19ba857c442,APP_OPEN,,2026-05-25T12:01:40+07:00,APP
939904ac-f883-5bb9-a8d0-1ed7197d65a8,835f7050-37b6-55a5-ae43-a19ba857c442,APP_OPEN,,2025-04-16T10:28:08+07:00,APP
daabbc39-41ec-59fb-acc8-17e7fd0f3577,835f7050-37b6-55a5-ae43-a19ba857c442,PRODUCT_VIEW,ITM-0075,2025-08-30T03:48:49+07:00,APP
4fd53df0-3dad-5be6-8b87-4939004b48e1,bd36f2e0-373d-5dcf-ba22-b53a75327d03,SEARCH,,2025-10-09T03:59:01+07:00,APP
f98d3218-3e7a-55e3-bb00-cf275587bf96,bd36f2e0-373d-5dcf-ba22-b53a75327d03,CART_ADD,ITM-0073,2025-06-29T23:58:15+07:00,APP
a730a578-d691-54c4-a3cd-ce7d3dd55665,bd36f2e0-373d-5dcf-ba22-b53a75327d03,PRODUCT_VIEW,ITM-0066,2026-01-13T07:03:49+07:00,APP
d13f51a8-c3e5-5af6-8184-6f43ba70e6e4,bd36f2e0-373d-5dcf-ba22-b53a75327d03,PRODUCT_VIEW,ITM-0098,2026-08-04T02:59:49+07:00,APP
968ecbcb-a76f-5ad0-871a-de7bf82262a4,bd36f2e0-373d-5dcf-ba22-b53a75327d03,SEARCH,,2025-04-16T01:19:25+07:00,APP
08d9d43f-7979-5cf3-b3dc-6d3355289d3c,bd36f2e0-373d-5dcf-ba22-b53a75327d03,PRODUCT_VIEW,ITM-0047,2025-06-13T01:06:39+07:00,APP
79918c00-d550-5289-aec2-3b4a91c8007b,b8e6b511-202b-5ddc-902b-bdd42fa8b64f,PRODUCT_VIEW,ITM-0005,2026-07-04T13:28:23+07:00,APP
f1a4fa3b-784c-517c-be37-9d82e5745a71,b8e6b511-202b-5ddc-902b-bdd42fa8b64f,SEARCH,,2025-12-07T03:15:29+07:00,APP
28e69f71-094f-597f-8f9e-5ba216556739,b8e6b511-202b-5ddc-902b-bdd42fa8b64f,APP_OPEN,,2025-07-18T14:31:13+07:00,APP
43e705d7-c07b-5a60-95fb-6588e886c007,b8e6b511-202b-5ddc-902b-bdd42fa8b64f,CART_ADD,ITM-0099,2026-06-26T02:51:16+07:00,APP
aac17af4-6265-50fc-958d-df7547468205,90d4bb78-dd0f-58fd-966c-514dd7c65b70,SEARCH,,2026-05-14T16:00:08+07:00,APP
d4c34660-e0ed-540b-a50f-4f266a562bc6,90d4bb78-dd0f-58fd-966c-514dd7c65b70,PRODUCT_VIEW,ITM-0045,2026-04-25T11:48:45+07:00,APP
e1338d1a-fa59-543f-85b9-f17a6f9e641c,90d4bb78-dd0f-58fd-966c-514dd7c65b70,SEARCH,,2025-10-03T20:44:19+07:00,APP
c2be886d-c5fd-5071-9026-fc7da9734f4c,90d4bb78-dd0f-58fd-966c-514dd7c65b70,PRODUCT_VIEW,ITM-0029,2025-04-19T20:31:33+07:00,APP
2355a1c1-fcbd-5130-a577-8fd4969c336f,90d4bb78-dd0f-58fd-966c-514dd7c65b70,SEARCH,,2026-01-19T22:04:51+07:00,APP
d39c5ed2-1f26-51de-badb-b9fa9504c38e,90d4bb78-dd0f-58fd-966c-514dd7c65b70,CART_ADD,ITM-0006,2025-12-19T10:33:27+07:00,APP
d2290f7b-acf2-5571-b4f0-e952913f46e7,72769f68-3659-5bc2-84bd-d5d8f351c3f5,APP_OPEN,,2025-08-22T13:06:09+07:00,APP
c963f0d3-573a-5dbd-be59-c755565d7733,72769f68-3659-5bc2-84bd-d5d8f351c3f5,APP_OPEN,,2025-11-25T12:09:04+07:00,APP
c5e08492-a165-59bb-bf62-898d99338b71,72769f68-3659-5bc2-84bd-d5d8f351c3f5,SEARCH,,2026-03-27T13:29:37+07:00,APP
2a0b5230-fdd7-5cde-a851-068bcb267309,72769f68-3659-5bc2-84bd-d5d8f351c3f5,PRODUCT_VIEW,ITM-0075,2026-02-01T22:35:32+07:00,APP
100e5ba3-717d-5664-a986-4bea85a19f1d,72769f68-3659-5bc2-84bd-d5d8f351c3f5,PRODUCT_VIEW,ITM-0080,2025-06-14T10:05:28+07:00,APP
544e0e9d-fb83-573c-b9d8-9f52cf7cff24,72769f68-3659-5bc2-84bd-d5d8f351c3f5,CART_ADD,ITM-0049,2025-08-25T11:47:29+07:00,APP
71a71296-cd4f-5560-9663-7db098809786,72769f68-3659-5bc2-84bd-d5d8f351c3f5,SEARCH,,2025-12-06T13:09:57+07:00,APP
364854d3-bcc8-580d-83f1-c2218412dbf8,372d41d4-91b8-5158-843c-1f287344d3e0,CART_ADD,ITM-0072,2025-06-10T18:37:08+07:00,APP
b33077f8-ecaf-53c5-94f6-a46eb7426811,372d41d4-91b8-5158-843c-1f287344d3e0,SEARCH,,2026-02-18T18:45:20+07:00,APP
f515923e-cae8-550b-9ac5-06521fe8d8f6,372d41d4-91b8-5158-843c-1f287344d3e0,APP_OPEN,,2025-07-21T11:30:50+07:00,APP
a76c0425-18bc-54c3-b14f-ea728e6664b4,4111bc6e-cad3-5173-b099-a245a7324585,APP_OPEN,,2026-08-11T04:27:05+07:00,APP
459b5459-c7a4-5553-8ca8-bc8bb474ded3,4111bc6e-cad3-5173-b099-a245a7324585,SEARCH,,2026-04-20T20:39:31+07:00,APP
e349bd74-3b94-582b-b742-dc40bb16bdd7,4111bc6e-cad3-5173-b099-a245a7324585,CART_ADD,ITM-0037,2025-06-23T19:37:16+07:00,APP
ef4ab9ae-8d7c-5562-896d-900133f8dff4,de35e8b6-5043-5785-95d4-4e09355b1e74,APP_OPEN,,2025-11-28T07:19:45+07:00,APP
30e60610-710c-5f9a-9b44-513d8ef25562,de35e8b6-5043-5785-95d4-4e09355b1e74,APP_OPEN,,2026-06-18T06:10:11+07:00,APP
729dd83e-bcd9-56c9-afa9-96b026508fda,de35e8b6-5043-5785-95d4-4e09355b1e74,SEARCH,,2025-12-24T19:39:51+07:00,APP
01ade22e-f74c-52c8-ae3a-5b62c8fa733c,bb77b038-d5a0-59ad-b759-174d2eca149d,SEARCH,,2025-07-25T17:14:39+07:00,APP
99419cb3-fb1a-5d44-841a-aa1efd679266,bb77b038-d5a0-59ad-b759-174d2eca149d,APP_OPEN,,2025-09-10T02:56:05+07:00,APP
0ec561bc-9686-5107-b692-7c361feee21c,bb77b038-d5a0-59ad-b759-174d2eca149d,PRODUCT_VIEW,ITM-0058,2026-05-04T19:51:38+07:00,APP
20ca058a-9921-5702-a376-91264468df17,cc85f20d-c052-5273-adc5-7fb7f4b321d3,SEARCH,,2026-03-27T13:08:41+07:00,APP
fc0de3ab-28be-5922-b095-e772e9e34cab,cc85f20d-c052-5273-adc5-7fb7f4b321d3,SEARCH,,2026-06-21T10:39:26+07:00,APP
63dbdf38-e4c9-5d3f-b462-2ff392d1de18,5113224b-337f-5d7c-881b-59497b812bed,APP_OPEN,,2025-11-04T08:10:19+07:00,APP
66f68efe-89dd-5498-b409-2c722bc65e30,5113224b-337f-5d7c-881b-59497b812bed,SEARCH,,2025-10-22T22:08:26+07:00,APP
5480ac90-4497-5369-b354-213305f24e1c,5113224b-337f-5d7c-881b-59497b812bed,PRODUCT_VIEW,ITM-0100,2026-07-12T22:06:07+07:00,APP
a97df338-563b-5ad0-883b-84fe7b25e137,5113224b-337f-5d7c-881b-59497b812bed,APP_OPEN,,2025-09-16T20:50:43+07:00,APP
5559c9b7-6480-57b4-86aa-42792c30bf2c,5113224b-337f-5d7c-881b-59497b812bed,APP_OPEN,,2026-05-22T08:27:42+07:00,APP
51ae3df5-c167-5164-9923-2cbc599dc3d3,5113224b-337f-5d7c-881b-59497b812bed,SEARCH,,2026-01-04T03:02:19+07:00,APP
9e0018f7-d8bb-5951-be2d-3967b374015c,5113224b-337f-5d7c-881b-59497b812bed,CART_ADD,ITM-0009,2026-08-18T14:36:03+07:00,APP
86d11301-6570-52bc-89e4-dc502dc03ed6,5113224b-337f-5d7c-881b-59497b812bed,PRODUCT_VIEW,ITM-0067,2025-09-21T23:17:03+07:00,APP
f9cbf4d8-e0b9-5808-957f-dccdec4156cd,7805d0dd-f5c1-54a4-be1f-25e976a86f3b,PRODUCT_VIEW,ITM-0006,2025-06-29T03:58:45+07:00,APP
8dc85ec8-4867-5a62-b45e-73fae2293fcc,5672ac86-0aa0-5a81-8249-c9f01ab58733,PRODUCT_VIEW,ITM-0022,2025-04-08T09:22:46+07:00,APP
e62c1747-eeac-5719-b572-d49bb6a243de,5672ac86-0aa0-5a81-8249-c9f01ab58733,CART_ADD,ITM-0085,2025-10-17T09:21:48+07:00,APP
0f267130-d6a1-5fff-9661-d18ddca599e5,5672ac86-0aa0-5a81-8249-c9f01ab58733,CART_ADD,ITM-0082,2025-10-09T02:16:29+07:00,APP
b8fc8ac9-fe48-5cc6-bcd9-107b5ba8581d,5672ac86-0aa0-5a81-8249-c9f01ab58733,SEARCH,,2025-07-29T18:07:00+07:00,APP
1b027fac-e8da-552b-a49f-a8bceabc753e,fc316c06-fc05-5343-a132-437d5211d019,CART_ADD,ITM-0047,2025-10-08T02:05:29+07:00,APP
d0d12680-d348-5b7d-afe6-c1756782642f,fc316c06-fc05-5343-a132-437d5211d019,CART_ADD,ITM-0082,2025-05-14T07:47:28+07:00,APP
5872311d-fc29-5d9c-acd8-bd502a6f482a,fc316c06-fc05-5343-a132-437d5211d019,APP_OPEN,,2025-08-19T06:25:59+07:00,APP
3eff05a7-de47-5a72-ad6b-f950ef5137ef,fc316c06-fc05-5343-a132-437d5211d019,PRODUCT_VIEW,ITM-0028,2026-03-23T13:18:23+07:00,APP
16109603-e76c-518c-afa9-f2c0ec3c663d,fc316c06-fc05-5343-a132-437d5211d019,CART_ADD,ITM-0074,2025-07-31T16:51:24+07:00,APP
4b8faba1-9f5f-5517-85ef-c19a15af8946,fc316c06-fc05-5343-a132-437d5211d019,CART_ADD,ITM-0062,2026-07-02T07:11:12+07:00,APP
e0eb5242-14df-55a9-80d8-862dbd16520d,fc316c06-fc05-5343-a132-437d5211d019,APP_OPEN,,2025-12-02T01:25:02+07:00,APP
220e088e-8b58-5364-b8d1-a9e5aa002447,0db6d8a8-7250-5738-a244-7569c07bf70f,SEARCH,,2025-07-15T06:41:51+07:00,APP
674e84b0-b57f-5b70-a9a9-f4d1962c6cb4,0db6d8a8-7250-5738-a244-7569c07bf70f,APP_OPEN,,2025-06-28T07:40:55+07:00,APP
1676b573-0792-5b62-8b46-faead1fd0286,0db6d8a8-7250-5738-a244-7569c07bf70f,APP_OPEN,,2026-07-24T07:50:37+07:00,APP
db14b16a-e87f-5d36-8972-53aebc171153,0db6d8a8-7250-5738-a244-7569c07bf70f,SEARCH,,2026-02-27T23:33:08+07:00,APP
2bb588d1-41f7-536c-9244-79327fa56ce2,0db6d8a8-7250-5738-a244-7569c07bf70f,PRODUCT_VIEW,ITM-0062,2025-06-15T22:10:04+07:00,APP
a71b8de5-d1dc-5d12-9568-9ef2f65c5e14,0db6d8a8-7250-5738-a244-7569c07bf70f,PRODUCT_VIEW,ITM-0029,2026-09-02T14:37:39+07:00,APP
12d82e5f-61a1-5be1-aade-41a30008d9d9,0db6d8a8-7250-5738-a244-7569c07bf70f,CART_ADD,ITM-0026,2025-08-25T10:25:48+07:00,APP
5aaf90ef-01f0-52b5-add8-782a543e5688,bed3a204-5618-5b7f-9e34-aa2751195237,CART_ADD,ITM-0032,2026-04-17T14:23:22+07:00,APP
3f6bc0e6-bb3a-5c9c-853f-d0fb87c936d3,2de3fdc6-c2ea-5097-8d49-ea2ac03190cf,APP_OPEN,,2025-10-01T07:29:18+07:00,APP
59297bac-71d5-52f1-be8a-23d5a43cfa2f,6b07fd3d-e839-5fc8-895a-d54613281634,SEARCH,,2025-07-02T16:45:08+07:00,APP
5d8dffba-c6d8-5861-b71b-f012fa963d30,6b07fd3d-e839-5fc8-895a-d54613281634,CART_ADD,ITM-0067,2026-02-19T11:14:30+07:00,APP
a64fc208-8398-5bdb-baa0-42e8b98d6adf,6b07fd3d-e839-5fc8-895a-d54613281634,CART_ADD,ITM-0016,2025-08-04T12:45:45+07:00,APP
4c5804f8-dd51-5a29-9067-88a89c3f2493,6b07fd3d-e839-5fc8-895a-d54613281634,CART_ADD,ITM-0027,2026-07-29T18:07:31+07:00,APP
7ff2329f-ea5b-5e5c-bc3c-d5ae38c30af2,6b07fd3d-e839-5fc8-895a-d54613281634,APP_OPEN,,2026-05-04T21:04:49+07:00,APP
87752a5a-bad6-551b-928d-9e3c7c6e9af6,2bceceb6-5499-55de-b60b-f45072c87e0f,CART_ADD,ITM-0069,2026-04-17T02:53:45+07:00,APP
f2a94a40-f0b6-5927-865d-1bee1e80a284,2bceceb6-5499-55de-b60b-f45072c87e0f,PRODUCT_VIEW,ITM-0003,2025-04-16T05:22:39+07:00,APP
fb28612c-7542-5fbf-9ac8-d0e83e8e074d,2bceceb6-5499-55de-b60b-f45072c87e0f,SEARCH,,2026-06-24T05:18:26+07:00,APP
8f7e7a15-2851-5abb-908f-6f1c469226b1,2bceceb6-5499-55de-b60b-f45072c87e0f,CART_ADD,ITM-0039,2026-01-28T15:09:16+07:00,APP
24a147f3-63ac-5076-bd73-743ee75eacd1,2bceceb6-5499-55de-b60b-f45072c87e0f,SEARCH,,2026-08-06T04:48:49+07:00,APP
aca2f259-b007-5693-9413-d709b686f3f3,2bceceb6-5499-55de-b60b-f45072c87e0f,CART_ADD,ITM-0094,2025-08-29T23:48:49+07:00,APP
bdc6b3b1-c4df-5fe0-9571-81d350508add,c18d9dfd-cbdc-54fe-8a48-fb5c4b363406,APP_OPEN,,2025-07-29T21:15:14+07:00,APP
e260c3f0-4f51-5dd0-8513-bc0618e0a434,c18d9dfd-cbdc-54fe-8a48-fb5c4b363406,APP_OPEN,,2026-09-23T16:24:44+07:00,APP
ee911edd-9e32-5404-b891-80843d78d083,c18d9dfd-cbdc-54fe-8a48-fb5c4b363406,SEARCH,,2026-02-27T02:34:22+07:00,APP
bbb16ac2-b6a2-56e4-b4ac-8a203d09efc3,c18d9dfd-cbdc-54fe-8a48-fb5c4b363406,CART_ADD,ITM-0048,2025-12-12T03:58:14+07:00,APP
57d01cd3-2388-5f59-b16b-ad20ca7a5b0a,c18d9dfd-cbdc-54fe-8a48-fb5c4b363406,APP_OPEN,,2026-08-27T14:56:47+07:00,APP
6756d63d-8392-5552-8a1e-ae0fa32498f8,c18d9dfd-cbdc-54fe-8a48-fb5c4b363406,CART_ADD,ITM-0055,2025-11-26T08:35:23+07:00,APP
52d66055-2ed8-5563-a254-97340e3bd8d5,c18d9dfd-cbdc-54fe-8a48-fb5c4b363406,APP_OPEN,,2025-05-05T14:15:21+07:00,APP
728067e2-1643-5ec6-a9c9-6e7ac8cd2709,c18d9dfd-cbdc-54fe-8a48-fb5c4b363406,PRODUCT_VIEW,ITM-0081,2025-04-28T02:15:02+07:00,APP
80757ecd-002f-54f7-97fb-f5955f5943da,33026459-8346-52d0-a07b-d4bc889a986e,CART_ADD,ITM-0084,2025-04-06T02:13:00+07:00,APP
23265bf9-605d-5be7-ad93-d1b2fdc02e68,33026459-8346-52d0-a07b-d4bc889a986e,PRODUCT_VIEW,ITM-0062,2025-09-09T00:40:53+07:00,APP
2ab50027-94e9-5526-8c55-ed5f05dc44b6,33026459-8346-52d0-a07b-d4bc889a986e,APP_OPEN,,2025-04-25T07:36:47+07:00,APP
e1e157a5-ab9a-5c89-92b7-49e8fae28c65,33026459-8346-52d0-a07b-d4bc889a986e,APP_OPEN,,2026-08-31T13:36:33+07:00,APP
374e91e1-423f-56b4-9c42-8af8b9ed4d3e,33026459-8346-52d0-a07b-d4bc889a986e,PRODUCT_VIEW,ITM-0081,2026-01-06T16:49:02+07:00,APP
1df86649-be32-5c73-b496-31251ad51ade,33026459-8346-52d0-a07b-d4bc889a986e,APP_OPEN,,2026-05-21T09:18:41+07:00,APP
b272d610-2515-52db-be8a-76024ad77eb9,33026459-8346-52d0-a07b-d4bc889a986e,CART_ADD,ITM-0051,2025-05-25T11:41:17+07:00,APP
55c3fbd9-bb69-5d89-a254-6a95c2f0a197,33026459-8346-52d0-a07b-d4bc889a986e,APP_OPEN,,2026-07-02T06:58:59+07:00,APP
941937d4-358c-595b-821b-d3b2f85b7644,88dc55e5-f35e-5276-882f-9b42f5188123,PRODUCT_VIEW,ITM-0045,2025-05-25T19:34:11+07:00,APP
1dbb536d-29e1-52cb-b76e-a169d1a8a761,88dc55e5-f35e-5276-882f-9b42f5188123,SEARCH,,2026-05-22T10:24:41+07:00,APP
a3460e00-0b39-55fa-a08d-bc8a6cbae7ed,88dc55e5-f35e-5276-882f-9b42f5188123,SEARCH,,2026-09-06T18:21:59+07:00,APP
d7312af7-ed65-51ab-8f73-70a68ec866b1,88dc55e5-f35e-5276-882f-9b42f5188123,PRODUCT_VIEW,ITM-0026,2025-04-02T12:13:27+07:00,APP
8b239152-a762-5221-93c3-a7fd0f0f89e4,88dc55e5-f35e-5276-882f-9b42f5188123,CART_ADD,ITM-0070,2025-12-09T01:12:53+07:00,APP
211226f8-4b9b-52b5-bae4-8eaa789714cb,88dc55e5-f35e-5276-882f-9b42f5188123,APP_OPEN,,2026-07-18T15:21:15+07:00,APP
34ccc711-bfa7-5582-bc62-e1283acbde6b,88dc55e5-f35e-5276-882f-9b42f5188123,APP_OPEN,,2025-05-12T20:40:55+07:00,APP
b554af5c-55a8-5db0-b0f5-cd73c0a74fcc,88dc55e5-f35e-5276-882f-9b42f5188123,APP_OPEN,,2025-11-25T22:30:53+07:00,APP
2b7d705d-5835-5986-9600-58c0780ed07a,58f0a35f-2881-58bb-ad3f-bff27dcf9ab7,SEARCH,,2026-01-13T10:17:32+07:00,APP
58225bd9-99a9-5cfb-862b-de86609b99ed,58f0a35f-2881-58bb-ad3f-bff27dcf9ab7,SEARCH,,2025-12-01T13:34:59+07:00,APP
8f69d72c-23b9-5302-add5-79be7d6e3fe8,7d637da7-0599-5a63-a8b7-dd663e4b735e,CART_ADD,ITM-0092,2026-01-01T17:26:27+07:00,APP
175c6895-e42f-571e-bec7-0299771d18b2,7d637da7-0599-5a63-a8b7-dd663e4b735e,SEARCH,,2025-12-14T12:38:41+07:00,APP
ba3b0b69-106d-5f95-a3cf-e693fb388c6a,7d637da7-0599-5a63-a8b7-dd663e4b735e,APP_OPEN,,2026-05-04T10:17:27+07:00,APP
cfc2f445-ef7b-5e2b-af82-3898120a76ff,7d637da7-0599-5a63-a8b7-dd663e4b735e,CART_ADD,ITM-0051,2026-06-04T06:18:55+07:00,APP
d85cb40d-e8ae-5816-9fca-f402e10ab7d5,7d637da7-0599-5a63-a8b7-dd663e4b735e,CART_ADD,ITM-0051,2025-09-30T01:49:59+07:00,APP
2d7ab100-3746-5d18-8615-a98c6adb1d30,7d637da7-0599-5a63-a8b7-dd663e4b735e,CART_ADD,ITM-0041,2026-01-05T07:47:18+07:00,APP
85f00ae2-0133-5916-9ca0-2020936276e5,7d637da7-0599-5a63-a8b7-dd663e4b735e,PRODUCT_VIEW,ITM-0038,2026-07-31T04:27:23+07:00,APP
eda8ae86-e38b-5068-a0a2-1731f63ce3d9,7d637da7-0599-5a63-a8b7-dd663e4b735e,APP_OPEN,,2026-07-07T05:39:17+07:00,APP
14871ff2-9dfc-5569-a50c-e87f92893617,5c83990a-64ac-54fa-b41d-d05f3fb44f38,APP_OPEN,,2026-07-10T17:19:14+07:00,APP
f065abda-3566-55c0-8e65-0248355657a6,5c83990a-64ac-54fa-b41d-d05f3fb44f38,PRODUCT_VIEW,ITM-0062,2025-06-24T00:49:01+07:00,APP
f0bc6e36-b962-5e0a-b6ea-9b5c3ce0e16d,5c83990a-64ac-54fa-b41d-d05f3fb44f38,SEARCH,,2026-01-06T22:15:47+07:00,APP
3daecfda-8f23-5545-97c4-610c27f498f2,5c83990a-64ac-54fa-b41d-d05f3fb44f38,APP_OPEN,,2026-06-26T14:13:38+07:00,APP
1174b7a1-c0a5-54f7-81cc-44ff9c650e08,5c83990a-64ac-54fa-b41d-d05f3fb44f38,APP_OPEN,,2026-09-08T16:02:33+07:00,APP
26b007f0-aba0-563c-88a0-77a8bc928c0b,5c83990a-64ac-54fa-b41d-d05f3fb44f38,SEARCH,,2026-01-16T11:51:42+07:00,APP
cd7e6ee7-7323-5a6f-b0c0-b75b0d6b2b7b,5c83990a-64ac-54fa-b41d-d05f3fb44f38,SEARCH,,2026-03-18T22:24:14+07:00,APP
f1c79b46-bc41-55b2-9b34-ce46c37cf7d1,5c83990a-64ac-54fa-b41d-d05f3fb44f38,CART_ADD,ITM-0040,2026-04-22T22:10:15+07:00,APP
5056ffa9-444c-58d7-81d4-1e36941c6d6b,1ed2d7c0-dfbc-5cba-bb86-cf3bea8ccbed,APP_OPEN,,2025-09-20T16:42:11+07:00,APP
125c78b8-a552-50fe-a285-678b8ea91674,1ed2d7c0-dfbc-5cba-bb86-cf3bea8ccbed,SEARCH,,2026-01-19T21:50:54+07:00,APP
56ca7089-8fa8-59bf-9877-098393c93c4a,1ed2d7c0-dfbc-5cba-bb86-cf3bea8ccbed,SEARCH,,2026-03-23T22:01:48+07:00,APP
79dfc007-1fff-5c6a-bdc9-3c162c541c67,1ed2d7c0-dfbc-5cba-bb86-cf3bea8ccbed,PRODUCT_VIEW,ITM-0032,2025-10-25T08:09:23+07:00,APP
d59a51ed-4762-51f0-8165-59b348ef008e,1ed2d7c0-dfbc-5cba-bb86-cf3bea8ccbed,CART_ADD,ITM-0053,2026-03-15T21:48:48+07:00,APP
59cf7c3a-057d-5640-96b9-7a63406f43d2,71a32238-a504-5191-a63c-d48af50e6fb1,CART_ADD,ITM-0032,2026-06-16T10:20:01+07:00,APP
3430ba09-7aed-5646-91c7-711828781105,71a32238-a504-5191-a63c-d48af50e6fb1,SEARCH,,2026-03-14T23:47:11+07:00,APP
9f073bab-2ec4-52a8-a5bd-e4b237008fcd,71a32238-a504-5191-a63c-d48af50e6fb1,CART_ADD,ITM-0033,2025-11-19T08:00:03+07:00,APP
cbf35e7a-0600-51fa-b6cd-10ec48a5d7ed,23de8608-541b-55b3-b810-b5b484d9aefc,CART_ADD,ITM-0078,2026-06-12T20:23:06+07:00,APP
49a21dc0-c51f-578a-94b5-337e0747dcd2,3d2416e3-26c1-5f4b-9764-1c3d581a2506,SEARCH,,2025-05-24T16:29:18+07:00,APP
86eec738-c7bf-5f60-94ec-8975f8aa4cb1,3d2416e3-26c1-5f4b-9764-1c3d581a2506,SEARCH,,2026-01-02T21:26:20+07:00,APP
e5dd3d59-de48-5a27-adf6-ea1884ff8888,3d2416e3-26c1-5f4b-9764-1c3d581a2506,SEARCH,,2026-05-06T02:41:32+07:00,APP
a22f579b-fbde-5793-842b-8ef7cac43b34,bdde3ac6-54cd-527a-a5e6-970d48f44822,CART_ADD,ITM-0014,2026-06-15T04:27:53+07:00,APP
294a4c69-503c-581d-849c-31618e6f7a8f,ef940748-2f85-58c1-95c0-b9ec61764d40,PRODUCT_VIEW,ITM-0026,2025-07-17T23:05:02+07:00,APP
4dccbd15-08a7-596a-b9cf-189702738b00,ef940748-2f85-58c1-95c0-b9ec61764d40,PRODUCT_VIEW,ITM-0093,2026-06-06T20:18:10+07:00,APP
bd1a8b26-ab8e-597b-a8c8-eeee9f5c01a1,ef940748-2f85-58c1-95c0-b9ec61764d40,SEARCH,,2026-09-17T07:53:33+07:00,APP
fd4a12ce-162f-5ace-a8d2-81ec07eb7ea4,937a4204-4f41-5dbf-95fd-8f2311c00dd7,SEARCH,,2026-09-04T23:40:59+07:00,APP
0c643591-7f84-5d0e-a907-0ab2274cb6d3,937a4204-4f41-5dbf-95fd-8f2311c00dd7,PRODUCT_VIEW,ITM-0081,2026-02-11T16:47:20+07:00,APP
40779409-4f61-523e-a000-30fa6a416a68,f25450fd-0d3e-54e7-afbd-4a90b78708ec,PRODUCT_VIEW,ITM-0006,2025-11-19T16:13:07+07:00,APP
3146a8fd-50ed-5418-a3f6-3caeec4d583d,44394579-d5b4-59f2-ad05-65f3cdbaa8af,APP_OPEN,,2026-06-07T12:30:24+07:00,APP
db6c59f7-fb10-5c9c-8108-1fd8a2705c01,44394579-d5b4-59f2-ad05-65f3cdbaa8af,CART_ADD,ITM-0098,2025-11-23T00:06:43+07:00,APP
4c99bed6-8526-597e-a1ba-d41e26130ac2,44394579-d5b4-59f2-ad05-65f3cdbaa8af,CART_ADD,ITM-0047,2026-01-10T00:48:07+07:00,APP
b1220a28-a94a-5824-b4ed-043a22b58cdf,36667326-35de-5808-80ef-36da69472616,APP_OPEN,,2025-07-15T17:56:45+07:00,APP
70be8bb8-e163-5351-8e90-b6c6b4a358ab,36667326-35de-5808-80ef-36da69472616,SEARCH,,2026-07-10T06:01:56+07:00,APP
fc2240dc-13cd-595b-92b7-6f3841f27525,36667326-35de-5808-80ef-36da69472616,APP_OPEN,,2025-12-08T16:42:05+07:00,APP
68b3b96b-b934-5998-8e02-9e628f998bf1,36667326-35de-5808-80ef-36da69472616,APP_OPEN,,2025-10-02T13:58:23+07:00,APP
98216fdf-c4bb-50c5-833a-b07def90d0f5,36667326-35de-5808-80ef-36da69472616,PRODUCT_VIEW,ITM-0097,2026-07-13T03:22:28+07:00,APP
4c7df381-5a02-542e-8865-ca89956cca4e,583c3f80-e771-51af-92e9-8c10c5b44c76,PRODUCT_VIEW,ITM-0089,2026-08-06T22:09:50+07:00,APP
b6e4d39f-0468-5fec-aeb1-ed7e831c1d54,583c3f80-e771-51af-92e9-8c10c5b44c76,APP_OPEN,,2025-08-19T22:57:01+07:00,APP
3a85e88f-4a28-5e76-8ea8-2498a068babf,583c3f80-e771-51af-92e9-8c10c5b44c76,CART_ADD,ITM-0016,2025-05-11T21:34:47+07:00,APP
5c4b76c9-c855-5e76-b7ed-623df144cdf3,583c3f80-e771-51af-92e9-8c10c5b44c76,SEARCH,,2026-07-08T17:24:27+07:00,APP
25c6d8a5-008a-517b-90ad-d2b67eef3b59,223b08fb-7f07-5f8d-a3b0-afffcb693284,APP_OPEN,,2025-07-27T10:12:42+07:00,APP
c15b2ac5-7e32-5efe-bb7e-8c8e7f19c239,223b08fb-7f07-5f8d-a3b0-afffcb693284,PRODUCT_VIEW,ITM-0032,2025-08-26T10:05:59+07:00,APP
0000b8b5-76da-5e77-b86b-1cd6169e3a58,223b08fb-7f07-5f8d-a3b0-afffcb693284,APP_OPEN,,2025-06-13T17:17:27+07:00,APP
913c4440-898e-56c1-9999-716f1f44c2fc,223b08fb-7f07-5f8d-a3b0-afffcb693284,SEARCH,,2026-05-23T04:47:09+07:00,APP
ba3ee07b-e2bd-528a-9f9f-d688d8448c32,223b08fb-7f07-5f8d-a3b0-afffcb693284,CART_ADD,ITM-0075,2025-11-22T05:53:14+07:00,APP
aa5bc7f0-ed3f-5474-a89d-ce1dda719ce5,223b08fb-7f07-5f8d-a3b0-afffcb693284,PRODUCT_VIEW,ITM-0024,2025-07-06T16:47:23+07:00,APP
eaa53dfc-45b5-5311-9d72-bf466cded962,710027e0-3b6c-59c0-9d2f-c3e57658ec10,SEARCH,,2026-05-01T21:38:35+07:00,APP
0543a3cd-10bc-57cc-a630-1b09861ff9dc,710027e0-3b6c-59c0-9d2f-c3e57658ec10,PRODUCT_VIEW,ITM-0010,2026-01-15T02:00:14+07:00,APP
2b25c3e4-8259-5a01-95de-338e60421a02,710027e0-3b6c-59c0-9d2f-c3e57658ec10,CART_ADD,ITM-0098,2026-09-24T14:40:45+07:00,APP
6a22f85d-43b8-57a8-b5ab-a0f47b52d0ba,710027e0-3b6c-59c0-9d2f-c3e57658ec10,CART_ADD,ITM-0075,2025-08-14T11:49:44+07:00,APP
76ad6184-6c99-5ea0-bc7a-3ff11049a240,710027e0-3b6c-59c0-9d2f-c3e57658ec10,SEARCH,,2025-04-17T17:38:01+07:00,APP
1786cb50-d210-5ba3-952a-390260bf1d97,710027e0-3b6c-59c0-9d2f-c3e57658ec10,PRODUCT_VIEW,ITM-0013,2025-03-31T00:51:24+07:00,APP
617a925f-1850-519b-a6b2-6e5ac2a902de,c3c96570-adc8-5d5b-b745-ed5a858cbba7,PRODUCT_VIEW,ITM-0064,2025-06-05T13:25:19+07:00,APP
aa6a1d5a-e416-52c1-86c5-3d6d608a8889,c3c96570-adc8-5d5b-b745-ed5a858cbba7,PRODUCT_VIEW,ITM-0040,2025-05-18T12:40:48+07:00,APP
f4eac704-2ac9-52bb-b860-d8a20932d24e,c3c96570-adc8-5d5b-b745-ed5a858cbba7,SEARCH,,2026-01-06T16:40:49+07:00,APP
4d03fa5f-772f-53a0-806f-f1727c487e06,aa429171-df92-56d1-a873-dfa7ca814c9e,APP_OPEN,,2025-12-12T04:06:14+07:00,APP
63cd03bb-d022-5db8-a1e3-7610b9e6e2f6,aa429171-df92-56d1-a873-dfa7ca814c9e,PRODUCT_VIEW,ITM-0042,2025-05-29T20:02:43+07:00,APP
5d75f9af-f0cb-5a2c-a120-1fb7217b54b8,aa429171-df92-56d1-a873-dfa7ca814c9e,APP_OPEN,,2026-05-15T23:39:50+07:00,APP
94c5b319-f271-5155-8cc6-411466b4a4ff,aa429171-df92-56d1-a873-dfa7ca814c9e,APP_OPEN,,2025-06-06T11:19:27+07:00,APP
81b24167-17c1-59c0-9bed-3adf795723ed,aa429171-df92-56d1-a873-dfa7ca814c9e,PRODUCT_VIEW,ITM-0020,2026-08-15T16:22:25+07:00,APP
2ca3e456-9009-5d04-98be-be3bed043ea1,aa429171-df92-56d1-a873-dfa7ca814c9e,CART_ADD,ITM-0005,2026-08-04T23:14:09+07:00,APP
d8e5ffc0-9d86-5051-81e3-c7ff5bf9c3c0,aa429171-df92-56d1-a873-dfa7ca814c9e,APP_OPEN,,2026-03-25T11:34:56+07:00,APP
8082a21c-ea5a-5890-a7b4-e9dc3fc92133,2a9c8e55-cdf1-5922-b3c0-f3a00d681d22,APP_OPEN,,2026-07-14T09:57:12+07:00,APP
2d208820-caf8-54a2-bb13-4d9d04ba31b8,2a9c8e55-cdf1-5922-b3c0-f3a00d681d22,SEARCH,,2025-11-17T14:29:56+07:00,APP
b1445c36-fec7-5701-93a4-00de5e833f1d,2a9c8e55-cdf1-5922-b3c0-f3a00d681d22,SEARCH,,2026-08-24T11:29:19+07:00,APP
c381dcda-5d99-5e72-af30-a1bf01f21e4e,2a9c8e55-cdf1-5922-b3c0-f3a00d681d22,SEARCH,,2026-04-12T07:09:29+07:00,APP
1793f806-f9c8-5ace-ba82-4dd063c31992,2a9c8e55-cdf1-5922-b3c0-f3a00d681d22,SEARCH,,2025-11-06T08:25:54+07:00,APP
6b5d82f1-5ce2-5feb-a53d-47e5b6f94da0,2a9c8e55-cdf1-5922-b3c0-f3a00d681d22,CART_ADD,ITM-0035,2026-05-03T20:35:22+07:00,APP
a70bfa5e-4e4d-59cd-9fef-4c2cb0d4ad12,94699ae7-2651-5cd9-a572-f73defe3e2bf,APP_OPEN,,2026-08-15T20:02:29+07:00,APP
13964ac1-890c-5fc1-a7b2-a635968b88c2,94699ae7-2651-5cd9-a572-f73defe3e2bf,APP_OPEN,,2025-09-05T06:36:35+07:00,APP
ea0d2c3d-1f98-590d-bb7a-66f8c85dff26,94699ae7-2651-5cd9-a572-f73defe3e2bf,CART_ADD,ITM-0100,2026-06-24T06:34:54+07:00,APP
4dc131eb-633e-5561-8f5a-e18e0b28da32,3c9a1b23-e548-5097-bcd0-8b9da7f5bcd4,SEARCH,,2025-04-20T10:47:50+07:00,APP
337a8449-ab5e-5c91-8474-afeb73f6e42b,3c9a1b23-e548-5097-bcd0-8b9da7f5bcd4,PRODUCT_VIEW,ITM-0032,2026-07-31T17:27:31+07:00,APP
0ce6ae36-b1cc-5b1a-a0b1-b2673b12cb75,79c2430b-e5e8-5b11-be79-eceeb50ca27d,PRODUCT_VIEW,ITM-0036,2025-04-19T05:53:50+07:00,APP
6317c558-c7fc-5185-a666-6c6280df0cc1,79c2430b-e5e8-5b11-be79-eceeb50ca27d,SEARCH,,2025-04-14T15:57:16+07:00,APP
7668af06-fe34-50a2-9091-28b038b478aa,893cbbd4-a193-5576-9a13-b51a0dcf0a8d,SEARCH,,2026-09-12T19:01:41+07:00,APP
04b76f41-a130-5dc6-b55b-a3abca8cc6ba,893cbbd4-a193-5576-9a13-b51a0dcf0a8d,SEARCH,,2026-03-01T11:17:10+07:00,APP
db593a38-b391-5183-afb0-ff5e7d3dc576,c4efb7a0-67ef-5013-b7dc-eac6e5044387,APP_OPEN,,2025-12-15T12:51:37+07:00,APP
778749c9-1d62-5689-bbf9-a2b72f9071c0,2884542d-9a91-5c49-819c-520bddb26f3a,APP_OPEN,,2026-07-17T13:03:01+07:00,APP
d5c8c45e-00dd-50d4-9c54-169df2139e59,2884542d-9a91-5c49-819c-520bddb26f3a,CART_ADD,ITM-0056,2025-09-04T23:11:37+07:00,APP
9ae0b9a6-5099-5ad4-8783-93c1e10f8799,2884542d-9a91-5c49-819c-520bddb26f3a,APP_OPEN,,2026-01-17T02:55:01+07:00,APP
f912c40b-4b6e-58de-b399-0ee398a802da,2884542d-9a91-5c49-819c-520bddb26f3a,CART_ADD,ITM-0082,2026-04-05T10:51:36+07:00,APP
624aa0e1-8c0e-52d8-aaeb-1206eae64a0f,2884542d-9a91-5c49-819c-520bddb26f3a,PRODUCT_VIEW,ITM-0005,2025-12-31T11:29:23+07:00,APP
d2e0f0e3-33d8-58b4-842e-9640fcfad982,2884542d-9a91-5c49-819c-520bddb26f3a,PRODUCT_VIEW,ITM-0029,2025-10-20T21:31:45+07:00,APP
8161c321-cc0a-5e94-8473-8fd1d4a3bd0e,2884542d-9a91-5c49-819c-520bddb26f3a,CART_ADD,ITM-0034,2025-12-16T08:03:04+07:00,APP
1454ac05-34b8-5757-9281-e69128ad18b0,28acd2bf-76b4-5331-a2d6-5095709203a8,CART_ADD,ITM-0027,2026-08-04T07:21:26+07:00,APP
ee4e3376-c6ff-5aca-b008-c34d7f92c364,28acd2bf-76b4-5331-a2d6-5095709203a8,CART_ADD,ITM-0100,2025-05-13T05:08:36+07:00,APP
8d882218-cc80-54a7-87c4-e162ce418618,28acd2bf-76b4-5331-a2d6-5095709203a8,SEARCH,,2026-05-24T07:22:47+07:00,APP
ff16b840-3adf-538e-b1ff-dadd6ca1f62f,28acd2bf-76b4-5331-a2d6-5095709203a8,APP_OPEN,,2025-05-06T08:34:45+07:00,APP
eaf1d8e9-ccee-5f61-b82b-139385730bed,28acd2bf-76b4-5331-a2d6-5095709203a8,CART_ADD,ITM-0056,2025-11-14T03:08:11+07:00,APP
ea16379a-60d4-539f-86c9-5245e3de1ab4,28acd2bf-76b4-5331-a2d6-5095709203a8,CART_ADD,ITM-0045,2026-06-06T17:24:28+07:00,APP
e441102e-ec55-5f2d-89a8-bc91f92d9fa7,28acd2bf-76b4-5331-a2d6-5095709203a8,PRODUCT_VIEW,ITM-0006,2026-08-17T17:57:00+07:00,APP
36f87fcc-6868-5b3b-bc16-1eb57fa583d8,28acd2bf-76b4-5331-a2d6-5095709203a8,SEARCH,,2026-07-22T02:32:20+07:00,APP
f130dc26-5dff-5279-9e06-07042d357c1a,9fa0cfc8-740f-5337-95b3-5a33f089bd6e,APP_OPEN,,2026-05-30T21:32:33+07:00,APP
46a0e68a-b009-50a5-bab7-c8b76cd83d17,9fa0cfc8-740f-5337-95b3-5a33f089bd6e,SEARCH,,2026-08-16T18:24:30+07:00,APP
74fd7792-d214-55f6-8149-d31093c46067,9fa0cfc8-740f-5337-95b3-5a33f089bd6e,SEARCH,,2025-06-06T07:29:29+07:00,APP
4083f607-f300-5fc8-a5e7-adb244951fac,9fa0cfc8-740f-5337-95b3-5a33f089bd6e,CART_ADD,ITM-0076,2025-12-14T08:21:15+07:00,APP
4d251100-b2c0-52af-b670-220083d34869,9fa0cfc8-740f-5337-95b3-5a33f089bd6e,APP_OPEN,,2026-09-05T09:32:37+07:00,APP
77981479-ee83-54b3-ac96-d389010bd0a2,9fa0cfc8-740f-5337-95b3-5a33f089bd6e,PRODUCT_VIEW,ITM-0071,2026-01-31T05:03:07+07:00,APP
68d97f9b-15df-50e3-953c-cf66dfddaddc,9fa0cfc8-740f-5337-95b3-5a33f089bd6e,CART_ADD,ITM-0008,2026-08-11T16:23:59+07:00,APP
090963df-4ddc-5279-819e-81e5c1896f6c,9fa0cfc8-740f-5337-95b3-5a33f089bd6e,SEARCH,,2025-09-09T00:01:31+07:00,APP
e6493c88-c477-5bf4-97b5-0c37754a1953,5a2b72d9-fc2a-5b24-9db9-ad2b7ae0e481,SEARCH,,2025-04-23T07:05:58+07:00,APP
07f69b76-fd40-55cf-b5b3-b09d9a3bd769,5a2b72d9-fc2a-5b24-9db9-ad2b7ae0e481,SEARCH,,2025-06-20T19:02:13+07:00,APP
86d12fa3-e89d-50a8-84c2-1a274b9e2acf,5a2b72d9-fc2a-5b24-9db9-ad2b7ae0e481,CART_ADD,ITM-0019,2025-10-04T19:26:18+07:00,APP
d86d3a5c-8eb8-504d-97e0-d57c2bfce272,5a2b72d9-fc2a-5b24-9db9-ad2b7ae0e481,APP_OPEN,,2026-07-21T21:57:18+07:00,APP
893900d1-7028-5394-815a-255c19f61c85,5a2b72d9-fc2a-5b24-9db9-ad2b7ae0e481,PRODUCT_VIEW,ITM-0009,2026-09-17T03:12:25+07:00,APP
1baec558-d18b-5353-86a2-64d3b5e04bbb,5a2b72d9-fc2a-5b24-9db9-ad2b7ae0e481,PRODUCT_VIEW,ITM-0018,2025-06-11T15:46:43+07:00,APP
630a8678-d94e-50bc-ae1c-42b9aa483fa1,066f7bfa-12eb-5751-a9e6-656a7b83141e,PRODUCT_VIEW,ITM-0091,2025-10-21T20:11:21+07:00,APP
a338a7d5-85d9-5ff6-a7af-b89f7b664ed7,066f7bfa-12eb-5751-a9e6-656a7b83141e,SEARCH,,2026-09-25T03:22:32+07:00,APP
1e4dfba4-8105-5690-8d44-d51cad56e149,066f7bfa-12eb-5751-a9e6-656a7b83141e,SEARCH,,2026-04-11T18:50:58+07:00,APP
0ee8e9ef-00c9-5b51-830e-aea2cef7c0cb,177d0dec-f458-5816-88e5-81a4ab26ed7e,PRODUCT_VIEW,ITM-0048,2025-08-18T20:31:17+07:00,APP
77d8277c-362d-5303-b1f8-10fff3b7a761,177d0dec-f458-5816-88e5-81a4ab26ed7e,APP_OPEN,,2025-05-08T10:57:08+07:00,APP
2b2ba823-cd70-5dfb-b173-01150f8d3610,177d0dec-f458-5816-88e5-81a4ab26ed7e,PRODUCT_VIEW,ITM-0084,2026-08-06T16:23:44+07:00,APP
0cde9625-641f-5066-ad55-7ca28e5c0d86,177d0dec-f458-5816-88e5-81a4ab26ed7e,SEARCH,,2026-05-20T01:15:47+07:00,APP
5fe9bcc2-1220-5b12-807b-f6b79d4253d9,177d0dec-f458-5816-88e5-81a4ab26ed7e,APP_OPEN,,2026-03-09T23:49:08+07:00,APP
a0acbdea-a8f4-5035-8a49-dd9281fce18f,177d0dec-f458-5816-88e5-81a4ab26ed7e,CART_ADD,ITM-0010,2026-07-25T11:29:25+07:00,APP
b951beb4-47a3-57d5-af02-2d8ed28a674c,177d0dec-f458-5816-88e5-81a4ab26ed7e,SEARCH,,2026-06-05T07:13:14+07:00,APP
3e7cac7c-c909-50c0-8529-fa8db4525788,5d73f09f-7701-5b04-a4b3-df7ce52525a1,SEARCH,,2026-09-15T07:51:10+07:00,APP
8dbd96ca-09ac-5464-98af-49afc459c3b6,5d73f09f-7701-5b04-a4b3-df7ce52525a1,PRODUCT_VIEW,ITM-0014,2025-06-20T06:05:34+07:00,APP
43b36a13-e327-5481-b139-ff80930beb7c,5d73f09f-7701-5b04-a4b3-df7ce52525a1,APP_OPEN,,2026-06-11T09:05:33+07:00,APP
d71b7d46-ef01-51f0-8049-4b24ca6eac6c,5d73f09f-7701-5b04-a4b3-df7ce52525a1,APP_OPEN,,2026-05-14T11:12:37+07:00,APP
9fc36e19-2897-579a-9555-a3ec12610759,5d73f09f-7701-5b04-a4b3-df7ce52525a1,SEARCH,,2026-03-20T13:53:58+07:00,APP
4134c0c3-5165-5a3c-af1b-dce407e247cd,92d011ce-7be0-5f5d-8052-dccfb74c4984,CART_ADD,ITM-0039,2026-03-15T17:24:34+07:00,APP
d528d237-e08f-5981-a43e-2846a0d2855b,92d011ce-7be0-5f5d-8052-dccfb74c4984,PRODUCT_VIEW,ITM-0060,2025-08-26T12:15:59+07:00,APP
a9215b9b-a8d5-5aea-837e-db62b0553cb3,1d817aa7-c587-5e3f-8f3f-30143dbc70d8,PRODUCT_VIEW,ITM-0016,2026-04-23T18:30:11+07:00,APP
09c9ef16-4d73-5e60-b6f6-8d9f3b1fbb5d,1d817aa7-c587-5e3f-8f3f-30143dbc70d8,APP_OPEN,,2026-01-22T23:01:41+07:00,APP
f5a1f506-283b-5c46-99f3-6a7fc6d0fb1e,dcddfbd7-5c1a-52b6-bf77-1c58acd42cfe,CART_ADD,ITM-0023,2025-12-03T02:28:24+07:00,APP
5a3e597c-4b10-5864-bb00-9a172ba9d03a,738f013a-dad7-534f-8da0-a909933b8d2c,PRODUCT_VIEW,ITM-0014,2025-12-11T20:33:33+07:00,APP
ce82c610-1e0a-57d0-9ebd-6bb6e3ba7d14,738f013a-dad7-534f-8da0-a909933b8d2c,SEARCH,,2026-07-12T06:44:38+07:00,APP
2cdc8639-9ad4-50bf-8009-d912a8f9bf4e,738f013a-dad7-534f-8da0-a909933b8d2c,CART_ADD,ITM-0024,2026-06-12T13:26:13+07:00,APP
53ba83e8-7ebe-5d4f-83a5-161b19e8213d,738f013a-dad7-534f-8da0-a909933b8d2c,CART_ADD,ITM-0073,2025-04-21T21:29:15+07:00,APP
a4ace021-eff5-599e-9a89-1eb320c732ce,738f013a-dad7-534f-8da0-a909933b8d2c,SEARCH,,2025-10-01T12:33:34+07:00,APP
545444e0-321b-5c16-8721-8e5b51ab5b41,738f013a-dad7-534f-8da0-a909933b8d2c,APP_OPEN,,2026-02-10T15:09:53+07:00,APP
74305b8f-839f-5ee9-85a7-4b17533a50c9,738f013a-dad7-534f-8da0-a909933b8d2c,PRODUCT_VIEW,ITM-0043,2025-10-12T03:24:31+07:00,APP
638fe4c8-bbcc-5412-9ea6-63df2666b877,738f013a-dad7-534f-8da0-a909933b8d2c,CART_ADD,ITM-0051,2026-04-22T17:45:05+07:00,APP
92066a34-138f-511a-968d-7ef15738b2f3,14f584b1-0a7a-52c9-b70d-2f71bbf34c8c,CART_ADD,ITM-0066,2026-07-25T01:30:28+07:00,APP
ee72adba-7277-5a09-9550-8c7f28749720,14f584b1-0a7a-52c9-b70d-2f71bbf34c8c,PRODUCT_VIEW,ITM-0020,2025-12-01T02:25:58+07:00,APP
80cf1168-ddfc-540c-8fde-b641a4242f36,14f584b1-0a7a-52c9-b70d-2f71bbf34c8c,CART_ADD,ITM-0061,2025-07-18T05:53:30+07:00,APP
c24ba2a8-07b9-5ffd-b495-8d4027ba6da1,14f584b1-0a7a-52c9-b70d-2f71bbf34c8c,SEARCH,,2025-06-10T13:55:09+07:00,APP
d6d65916-b12f-57fe-bdeb-54e3d5c75471,14f584b1-0a7a-52c9-b70d-2f71bbf34c8c,PRODUCT_VIEW,ITM-0010,2026-05-21T12:52:06+07:00,APP
ede45646-f5ee-5092-8792-850fc43061b9,d0eb14b2-df19-52af-bf7f-c811713fd5a7,APP_OPEN,,2025-05-03T01:12:40+07:00,APP
181fd503-a20d-59dc-a88b-6d671e60d1a4,d0eb14b2-df19-52af-bf7f-c811713fd5a7,PRODUCT_VIEW,ITM-0051,2025-04-01T08:15:02+07:00,APP
ef64e42c-5e2d-5759-858d-297931b3f732,d0eb14b2-df19-52af-bf7f-c811713fd5a7,PRODUCT_VIEW,ITM-0075,2025-07-11T22:32:57+07:00,APP
746bcfe8-6674-53e2-8aeb-57d7495288f5,d0eb14b2-df19-52af-bf7f-c811713fd5a7,APP_OPEN,,2026-08-05T20:08:02+07:00,APP
7d222dfb-a5f8-5579-abe0-9102ad423bb3,d0eb14b2-df19-52af-bf7f-c811713fd5a7,SEARCH,,2025-05-07T11:51:03+07:00,APP
664a7ccf-020d-54b1-9b95-8b3bfa720581,880c16b9-7c62-5ab5-af79-7e522755607a,PRODUCT_VIEW,ITM-0016,2025-04-27T14:54:34+07:00,APP
e78c516b-cabe-56cd-8016-b4a7f067ba10,880c16b9-7c62-5ab5-af79-7e522755607a,APP_OPEN,,2025-06-13T17:30:38+07:00,APP
7586fb06-bf94-5ee5-acd3-67dcc38b9db1,ea9635b6-8ddb-5b8c-9005-1a3e13d3ca34,CART_ADD,ITM-0013,2025-10-06T11:08:20+07:00,APP
1cc0fd00-3d57-50a1-ab89-b692156c0f9d,61f0b98e-358c-5d2e-81cd-e3395d63309f,SEARCH,,2026-01-22T20:13:36+07:00,APP
ee177069-bc60-5436-bc14-69abb8e71798,61f0b98e-358c-5d2e-81cd-e3395d63309f,CART_ADD,ITM-0065,2025-07-09T03:30:41+07:00,APP
30203489-d735-541f-a44d-47fd8ac0a66c,a1ac501e-80f9-5361-aaa4-9d2333355c36,PRODUCT_VIEW,ITM-0040,2025-09-24T10:28:27+07:00,APP
582a1e7e-7f6c-5b95-b375-03db8899d179,a1ac501e-80f9-5361-aaa4-9d2333355c36,PRODUCT_VIEW,ITM-0073,2025-04-12T03:09:00+07:00,APP
46d59f71-5dc8-502c-93b7-7729e0d3a1a7,c629321c-4383-5a1e-b04e-87efff30f166,PRODUCT_VIEW,ITM-0059,2026-09-15T09:27:35+07:00,APP
6417d587-ee48-5137-a5db-8cfbfbfa503d,c9f873a1-15c4-59d7-b8fb-0c63d17bcaff,CART_ADD,ITM-0098,2025-08-27T01:09:21+07:00,APP
4196585a-b66e-5f98-9c1a-9dab5a8054dd,c9f873a1-15c4-59d7-b8fb-0c63d17bcaff,SEARCH,,2026-03-18T07:24:36+07:00,APP
2b86572f-c132-51bc-98ac-1a70241c28bc,c9f873a1-15c4-59d7-b8fb-0c63d17bcaff,APP_OPEN,,2025-11-09T15:01:46+07:00,APP
20dc035b-ac9f-5cd6-85b7-062e8134df4b,c9f873a1-15c4-59d7-b8fb-0c63d17bcaff,SEARCH,,2025-08-06T00:51:37+07:00,APP
ed7a6e88-99a8-50bb-88db-fc10952900fd,c9f873a1-15c4-59d7-b8fb-0c63d17bcaff,SEARCH,,2026-01-21T13:04:30+07:00,APP
36b79298-1113-56ed-ae20-6d9358d0ff0c,54cf4d83-224e-5b54-b294-b45468f17324,APP_OPEN,,2025-04-06T05:08:00+07:00,APP
d222e9a2-4746-5080-b9d2-567244e3e26a,54cf4d83-224e-5b54-b294-b45468f17324,PRODUCT_VIEW,ITM-0088,2026-01-13T18:26:47+07:00,APP
93a080ca-b1c6-5473-be3f-be45a391d764,54cf4d83-224e-5b54-b294-b45468f17324,PRODUCT_VIEW,ITM-0075,2025-11-26T09:03:19+07:00,APP
a36b8f22-535d-5a86-b1d6-4355da870fbb,54cf4d83-224e-5b54-b294-b45468f17324,PRODUCT_VIEW,ITM-0042,2025-09-22T11:19:05+07:00,APP
7e1ac5b3-5bfb-59d9-80b9-b0a1fc7e38c1,54cf4d83-224e-5b54-b294-b45468f17324,SEARCH,,2026-05-16T05:47:36+07:00,APP
a6bbd210-0ad6-5c85-af9f-ce20494f8697,54cf4d83-224e-5b54-b294-b45468f17324,APP_OPEN,,2026-06-10T01:29:01+07:00,APP
c997cd7b-bb98-5fea-9513-c25a7efd567d,54cf4d83-224e-5b54-b294-b45468f17324,APP_OPEN,,2025-07-31T12:11:20+07:00,APP
c3795c58-e39f-56ee-baab-5967014d79df,54cf4d83-224e-5b54-b294-b45468f17324,CART_ADD,ITM-0026,2026-07-10T22:06:34+07:00,APP
11e573bf-e49d-5ad3-8612-929b525747b9,0c471bd8-2cc1-5888-a934-6c6aca01d8ad,APP_OPEN,,2026-02-12T14:23:50+07:00,APP
e6191ef2-3583-5761-b008-2fc68308004d,0c471bd8-2cc1-5888-a934-6c6aca01d8ad,SEARCH,,2026-06-15T00:38:44+07:00,APP
7899647e-64fb-548e-a0de-1ecd7d0ae00b,0c471bd8-2cc1-5888-a934-6c6aca01d8ad,SEARCH,,2026-05-12T02:46:57+07:00,APP
b94e41a2-cdae-5053-833c-455a3eaee8e3,0c471bd8-2cc1-5888-a934-6c6aca01d8ad,CART_ADD,ITM-0020,2026-06-24T13:29:35+07:00,APP
9444af9d-9b86-5a0f-b8fb-f99b49928dd2,0c471bd8-2cc1-5888-a934-6c6aca01d8ad,APP_OPEN,,2025-10-12T12:32:54+07:00,APP
12d17873-2e20-5fe8-994d-395a555ce3d5,1cd672f0-54de-5879-b10c-ffd7450814c9,CART_ADD,ITM-0087,2026-07-03T10:20:34+07:00,APP
6c4e89a2-fecc-55ff-a774-01469828e640,1cd672f0-54de-5879-b10c-ffd7450814c9,SEARCH,,2026-02-09T00:54:07+07:00,APP
d3559dff-8be2-5eda-8925-94867cc26565,1cd672f0-54de-5879-b10c-ffd7450814c9,CART_ADD,ITM-0026,2025-10-08T22:20:07+07:00,APP
522915cc-8934-522c-b19f-19bea1299abd,5089e8ff-b6f7-5cbd-918d-fd4dfa726b51,APP_OPEN,,2025-04-15T00:45:54+07:00,APP
037ab861-2579-5189-a9bc-4dc17a611570,5089e8ff-b6f7-5cbd-918d-fd4dfa726b51,PRODUCT_VIEW,ITM-0036,2026-07-15T13:30:48+07:00,APP
e7c20be6-3d11-5afc-89cc-0e881759eb61,5089e8ff-b6f7-5cbd-918d-fd4dfa726b51,APP_OPEN,,2026-06-19T16:11:39+07:00,APP
44f3d1c4-8b86-564e-9029-d2a024d8fc40,5089e8ff-b6f7-5cbd-918d-fd4dfa726b51,CART_ADD,ITM-0033,2026-06-18T10:06:00+07:00,APP
2ef363cc-aa84-5207-aee4-355873ee6b6c,5089e8ff-b6f7-5cbd-918d-fd4dfa726b51,APP_OPEN,,2025-08-21T18:09:21+07:00,APP
83425df0-8ded-54b9-a11a-6a5c4506042d,5089e8ff-b6f7-5cbd-918d-fd4dfa726b51,PRODUCT_VIEW,ITM-0027,2025-04-29T09:09:58+07:00,APP
8a8348b6-9fd5-58a8-b0a7-c180a295a376,5089e8ff-b6f7-5cbd-918d-fd4dfa726b51,SEARCH,,2025-07-17T09:23:57+07:00,APP
60d0b1c0-46f5-5e3a-b0a0-5bc6f9280f86,f08e0bd6-0aaf-5595-a2e5-b2c6473c2f67,APP_OPEN,,2025-10-17T23:12:22+07:00,APP
97bcc165-1b57-5ae9-a254-e944ee308ad3,f08e0bd6-0aaf-5595-a2e5-b2c6473c2f67,CART_ADD,ITM-0003,2026-05-11T12:20:50+07:00,APP
0fb6ad0c-462b-5a9d-9a68-50bf267896ea,f08e0bd6-0aaf-5595-a2e5-b2c6473c2f67,CART_ADD,ITM-0046,2025-06-14T16:05:01+07:00,APP
c22de0bb-1fd9-5f51-a9f3-288966f02248,f08e0bd6-0aaf-5595-a2e5-b2c6473c2f67,PRODUCT_VIEW,ITM-0078,2026-05-18T14:07:27+07:00,APP
946121b5-d07d-54d5-b955-abbc734fa61d,f08e0bd6-0aaf-5595-a2e5-b2c6473c2f67,SEARCH,,2025-09-18T03:03:34+07:00,APP
435e54c1-db43-5934-8ca0-1c6969bbe2a6,f08e0bd6-0aaf-5595-a2e5-b2c6473c2f67,PRODUCT_VIEW,ITM-0033,2025-08-18T18:07:25+07:00,APP
5aab8e84-b981-5bb3-9fac-2c4efa537661,04588889-a1db-5dfc-8a6b-cbd511ba326a,PRODUCT_VIEW,ITM-0092,2026-08-11T02:06:19+07:00,APP
9a979275-a226-560e-b3f7-7f854e4a5bda,04588889-a1db-5dfc-8a6b-cbd511ba326a,SEARCH,,2025-06-14T02:10:44+07:00,APP
e2d03867-dfe3-50c7-87f1-06674e87460a,04588889-a1db-5dfc-8a6b-cbd511ba326a,APP_OPEN,,2025-07-11T23:45:37+07:00,APP
82dd8048-6287-551a-a97f-2b65570df782,6644be81-a691-5c96-bc2c-cf781bc74b90,APP_OPEN,,2025-05-25T16:38:27+07:00,APP
09283939-90b6-54e6-a5ac-405ae9593a31,6644be81-a691-5c96-bc2c-cf781bc74b90,APP_OPEN,,2026-02-28T00:36:10+07:00,APP
bba22832-1075-53a8-99dd-f8ae20c242b2,6644be81-a691-5c96-bc2c-cf781bc74b90,APP_OPEN,,2025-07-11T02:58:32+07:00,APP
6c300cf3-d2c3-5231-963d-0edc5b2d1e7a,6644be81-a691-5c96-bc2c-cf781bc74b90,SEARCH,,2026-07-14T03:26:24+07:00,APP
23b69cbb-2fab-504c-a292-a681fe0ebfff,6644be81-a691-5c96-bc2c-cf781bc74b90,CART_ADD,ITM-0025,2025-12-23T06:51:03+07:00,APP
aa25f165-6ab5-52c7-8040-32bf7b792ad9,8e06241e-99a1-5ce6-9023-764fc8052dda,APP_OPEN,,2026-01-04T13:14:02+07:00,APP
6f9dfd47-3a11-559d-8ab2-84d20af79d9e,8e06241e-99a1-5ce6-9023-764fc8052dda,SEARCH,,2025-06-05T04:20:34+07:00,APP
c664afed-ab44-5caf-b514-1046fd797889,8e06241e-99a1-5ce6-9023-764fc8052dda,PRODUCT_VIEW,ITM-0008,2026-09-24T04:16:16+07:00,APP
ed2e12f1-9f8a-5459-af33-99f88bd25156,32a1c335-002f-5b02-b834-b8b1294c8aa5,CART_ADD,ITM-0079,2026-05-31T02:37:27+07:00,APP
0b994717-4cf9-591f-adb4-b108a380320e,32a1c335-002f-5b02-b834-b8b1294c8aa5,PRODUCT_VIEW,ITM-0010,2026-09-11T14:23:06+07:00,APP
c403410f-8798-51fc-8cc2-80fd2bc6adec,32a1c335-002f-5b02-b834-b8b1294c8aa5,PRODUCT_VIEW,ITM-0065,2026-01-20T01:55:21+07:00,APP
43d3c916-2161-511e-a2e9-30d7beafcda6,32a1c335-002f-5b02-b834-b8b1294c8aa5,CART_ADD,ITM-0047,2025-07-05T07:26:57+07:00,APP
59bfbcfa-2000-559e-bae7-8f604e1ea675,32a1c335-002f-5b02-b834-b8b1294c8aa5,APP_OPEN,,2025-08-26T05:48:33+07:00,APP
bee8bb88-6c7a-5e77-8f7e-07be4abfaf8a,32a1c335-002f-5b02-b834-b8b1294c8aa5,PRODUCT_VIEW,ITM-0078,2026-03-04T17:33:55+07:00,APP
ca83f6b7-69da-55a8-a6a1-b7100e0ad5d9,32a1c335-002f-5b02-b834-b8b1294c8aa5,APP_OPEN,,2026-08-22T04:39:01+07:00,APP
a46c7992-b5bc-5aae-8bd9-626ac6a7d5d5,32a1c335-002f-5b02-b834-b8b1294c8aa5,PRODUCT_VIEW,ITM-0074,2025-06-27T03:49:59+07:00,APP
d91ee9f6-b4f3-5c3a-b595-8986b35c7989,0d0fff3a-9a3d-572f-95e9-bcf1e152475d,SEARCH,,2026-02-17T20:52:57+07:00,APP
a331b8c3-6385-5311-bbb5-7b8b7d79ab26,0d0fff3a-9a3d-572f-95e9-bcf1e152475d,PRODUCT_VIEW,ITM-0007,2026-07-16T14:06:38+07:00,APP
79db7610-675b-5cd9-ad82-80f5169fb20c,0d0fff3a-9a3d-572f-95e9-bcf1e152475d,PRODUCT_VIEW,ITM-0021,2026-07-15T17:39:26+07:00,APP
de5787b3-93c1-51dd-ac4e-f76103401e0a,0d0fff3a-9a3d-572f-95e9-bcf1e152475d,APP_OPEN,,2026-06-21T05:03:32+07:00,APP
775f3c01-09b1-5062-a459-b4e7db0fa1d7,0d0fff3a-9a3d-572f-95e9-bcf1e152475d,PRODUCT_VIEW,ITM-0083,2026-03-13T09:36:40+07:00,APP
39430436-237f-5810-b21d-d55a21845f04,fa028c04-8790-54b6-9c48-567cb5586134,PRODUCT_VIEW,ITM-0080,2026-06-17T09:01:21+07:00,APP
c160301f-f092-57d9-b7a0-3a38041cb732,fa028c04-8790-54b6-9c48-567cb5586134,APP_OPEN,,2025-06-08T09:32:46+07:00,APP
fd1863a7-26bd-5c7f-8d51-ffb503e4906c,fa028c04-8790-54b6-9c48-567cb5586134,APP_OPEN,,2026-05-03T22:27:00+07:00,APP
8e6592a1-e84c-5537-91fa-d76e73b14e76,fa028c04-8790-54b6-9c48-567cb5586134,CART_ADD,ITM-0065,2026-03-13T03:20:05+07:00,APP
f445e426-a2ce-5aa3-a58f-5610cc34a813,31081f10-f916-5ab9-ae7c-3620d3de6bf5,APP_OPEN,,2026-03-16T12:57:56+07:00,APP
ef81d5f9-fc44-58f2-a2a5-a2e4476862bc,31081f10-f916-5ab9-ae7c-3620d3de6bf5,APP_OPEN,,2025-05-06T13:40:59+07:00,APP
08a0bb16-e336-5078-860c-e46ea1a48a35,31081f10-f916-5ab9-ae7c-3620d3de6bf5,SEARCH,,2025-07-27T04:01:08+07:00,APP
63553e71-1192-588b-8b70-87429d17affa,31081f10-f916-5ab9-ae7c-3620d3de6bf5,PRODUCT_VIEW,ITM-0029,2025-11-10T23:18:29+07:00,APP
5ea3f672-ea3e-59be-8495-eb3db247b636,31081f10-f916-5ab9-ae7c-3620d3de6bf5,CART_ADD,ITM-0032,2026-06-25T15:01:29+07:00,APP
a1c1a62f-9546-5cd1-bffc-167fd7df2138,31081f10-f916-5ab9-ae7c-3620d3de6bf5,SEARCH,,2025-11-23T21:02:41+07:00,APP
6e4e5927-c423-5b5c-a02f-2de80689a196,6adeb0e8-ff0e-5391-8987-86aa541c78f3,APP_OPEN,,2025-09-10T13:11:22+07:00,APP
47c68faf-c32d-5790-9006-4a0e3dd333b3,6adeb0e8-ff0e-5391-8987-86aa541c78f3,APP_OPEN,,2025-11-02T05:04:26+07:00,APP
270d53d8-b1d3-5431-a857-d1fb89b6e460,6adeb0e8-ff0e-5391-8987-86aa541c78f3,APP_OPEN,,2026-01-17T05:53:29+07:00,APP
645ee46e-937e-58b4-9f94-867da9c587e3,6adeb0e8-ff0e-5391-8987-86aa541c78f3,APP_OPEN,,2026-07-22T08:06:00+07:00,APP
daf99a83-519d-56ad-bb1f-78d4b1c24ac7,6adeb0e8-ff0e-5391-8987-86aa541c78f3,CART_ADD,ITM-0023,2025-07-07T07:12:53+07:00,APP
b783d551-ff2e-514c-b8b0-134500849ef5,6adeb0e8-ff0e-5391-8987-86aa541c78f3,APP_OPEN,,2025-04-15T20:46:35+07:00,APP
13c8d1c1-0234-57c4-a3f4-7c0367b75551,6adeb0e8-ff0e-5391-8987-86aa541c78f3,CART_ADD,ITM-0021,2025-08-28T01:51:12+07:00,APP
75a9a133-71bc-5b13-87f5-16a9b84e43f3,6adeb0e8-ff0e-5391-8987-86aa541c78f3,PRODUCT_VIEW,ITM-0065,2025-11-15T07:36:42+07:00,APP
6e25f340-25f8-5fc9-9bc0-2dd1d79a6913,4483442e-c5d0-5d9a-a5dd-e7271c8cdc08,PRODUCT_VIEW,ITM-0002,2025-11-13T03:57:56+07:00,APP
7e54bda9-f9c5-5ca3-afc0-bcd40581be1d,4483442e-c5d0-5d9a-a5dd-e7271c8cdc08,CART_ADD,ITM-0039,2025-08-14T02:32:34+07:00,APP
b0afed56-c0c5-5b60-a009-9925f704165d,4483442e-c5d0-5d9a-a5dd-e7271c8cdc08,SEARCH,,2026-05-27T19:24:19+07:00,APP
144597a6-0075-593b-a011-81cb4ce33238,4483442e-c5d0-5d9a-a5dd-e7271c8cdc08,PRODUCT_VIEW,ITM-0007,2025-07-22T13:32:26+07:00,APP
be6e179c-306c-5103-b83b-5f930a0281f1,4483442e-c5d0-5d9a-a5dd-e7271c8cdc08,APP_OPEN,,2026-05-06T05:58:22+07:00,APP
dbc29080-bf29-5f0f-9fd9-349f971f9a62,4483442e-c5d0-5d9a-a5dd-e7271c8cdc08,APP_OPEN,,2026-04-09T00:03:03+07:00,APP
8008e65a-a57a-5ba7-9489-282a5b114935,4483442e-c5d0-5d9a-a5dd-e7271c8cdc08,CART_ADD,ITM-0010,2025-10-23T21:10:16+07:00,APP
ebd96966-38f6-5922-a986-8396998e1002,9e3e3048-642c-5bd0-aeb4-a598cf3674c2,SEARCH,,2025-09-04T21:07:33+07:00,APP
d3fdad95-b8e7-5575-9ff5-d553a35a2d03,9e3e3048-642c-5bd0-aeb4-a598cf3674c2,SEARCH,,2026-04-20T18:36:14+07:00,APP
a172786d-4b7b-50d2-ad72-b2e002e9a093,9e3e3048-642c-5bd0-aeb4-a598cf3674c2,PRODUCT_VIEW,ITM-0007,2025-11-22T18:51:03+07:00,APP
f9d4c45c-4383-5f6e-8a33-b784d73cab81,9e3e3048-642c-5bd0-aeb4-a598cf3674c2,APP_OPEN,,2025-05-28T13:07:53+07:00,APP
3eba9572-211c-52fb-9ae7-c46a8dd0a6ac,b80ff1a8-f504-58f5-b377-4bfec48ffdf8,SEARCH,,2025-06-29T00:20:19+07:00,APP
5ccb2055-9f95-5d3f-8eb0-222804e64b43,b80ff1a8-f504-58f5-b377-4bfec48ffdf8,SEARCH,,2026-04-20T13:21:34+07:00,APP
b230592a-ff9c-5863-b8ab-f8e365804479,b80ff1a8-f504-58f5-b377-4bfec48ffdf8,PRODUCT_VIEW,ITM-0085,2026-06-02T20:44:28+07:00,APP
68fd2f0b-3095-5c26-ae18-702748d82482,8dbabd3e-4a2d-505f-9abf-2001e2546905,CART_ADD,ITM-0069,2025-08-06T12:34:52+07:00,APP
090e0801-adf7-5df1-bfe2-d81ce2e9416a,8dbabd3e-4a2d-505f-9abf-2001e2546905,SEARCH,,2026-09-03T15:33:53+07:00,APP
2b593532-9966-5782-99eb-c3d857674546,8dbabd3e-4a2d-505f-9abf-2001e2546905,SEARCH,,2026-02-13T18:50:33+07:00,APP
e3066151-e896-57a5-a980-4390f635b8ac,8dbabd3e-4a2d-505f-9abf-2001e2546905,APP_OPEN,,2026-03-08T06:30:47+07:00,APP
44a0aa26-4507-5c00-97c7-e96a009a640b,8dbabd3e-4a2d-505f-9abf-2001e2546905,APP_OPEN,,2026-08-06T04:10:13+07:00,APP
682d0e26-335f-5561-ae53-22d275886c7a,8dbabd3e-4a2d-505f-9abf-2001e2546905,PRODUCT_VIEW,ITM-0006,2026-09-27T18:07:27+07:00,APP
b3bb5501-79c6-57bd-8ea9-9faf1c99fcab,f70029b7-0c59-5cdc-8b04-8df867c08e52,PRODUCT_VIEW,ITM-0040,2026-04-22T12:25:16+07:00,APP
293849b0-4d2b-539f-af6c-b1e375f64a3c,f70029b7-0c59-5cdc-8b04-8df867c08e52,SEARCH,,2025-12-08T19:30:16+07:00,APP
396b3c9e-cd5f-5ce7-a076-4a10b1b55b08,f70029b7-0c59-5cdc-8b04-8df867c08e52,PRODUCT_VIEW,ITM-0099,2025-11-16T08:08:18+07:00,APP
e261985f-c221-5d2f-8a4e-22e4cf7fbae9,f70029b7-0c59-5cdc-8b04-8df867c08e52,APP_OPEN,,2025-11-25T09:26:12+07:00,APP
ac023e52-52d6-5c5f-8835-ef556fa2e23d,f70029b7-0c59-5cdc-8b04-8df867c08e52,PRODUCT_VIEW,ITM-0045,2026-06-30T07:57:15+07:00,APP
d8f2970e-316c-5107-902c-2c236102565c,f70029b7-0c59-5cdc-8b04-8df867c08e52,SEARCH,,2026-03-09T07:04:30+07:00,APP
8647904a-d7ff-5035-b384-8c8a77d0fe47,f70029b7-0c59-5cdc-8b04-8df867c08e52,CART_ADD,ITM-0042,2025-12-07T18:42:46+07:00,APP
b35e91eb-d53f-5f47-932b-238beb517ad5,3bb570e7-3ac1-5b01-80a0-4b261d05e06b,PRODUCT_VIEW,ITM-0038,2026-09-23T17:16:53+07:00,APP
0a4f6c4c-62c4-524c-a00a-0c1b81a65077,3bb570e7-3ac1-5b01-80a0-4b261d05e06b,SEARCH,,2026-02-04T12:13:19+07:00,APP
603d9165-715d-5fa1-8bd6-9f96eb696b01,3bb570e7-3ac1-5b01-80a0-4b261d05e06b,APP_OPEN,,2026-05-12T14:45:50+07:00,APP
7f5b9215-284a-538e-894c-f848c4519cca,3bb570e7-3ac1-5b01-80a0-4b261d05e06b,SEARCH,,2025-11-06T12:59:16+07:00,APP
c76f6ac4-2627-586e-8498-d694c3d8cff7,3bb570e7-3ac1-5b01-80a0-4b261d05e06b,APP_OPEN,,2025-12-17T17:53:25+07:00,APP
72f07d15-e5aa-5e6f-b2ec-38b17d73f2c4,08a91470-97f8-55fa-8ebf-059528348cf7,PRODUCT_VIEW,ITM-0061,2025-11-29T02:31:29+07:00,APP
e78fc047-f64f-532d-9442-fd22808930bf,08a91470-97f8-55fa-8ebf-059528348cf7,APP_OPEN,,2026-06-18T20:32:30+07:00,APP
fb40d08d-6b82-53dc-90e4-aa51c99cc0cb,08a91470-97f8-55fa-8ebf-059528348cf7,PRODUCT_VIEW,ITM-0019,2025-08-29T06:03:52+07:00,APP
d148d56f-93ae-5a49-8792-edd1feead0cc,08a91470-97f8-55fa-8ebf-059528348cf7,CART_ADD,ITM-0059,2025-04-12T15:14:09+07:00,APP
8cdb299c-5eaf-55a5-a7d3-21b424d42cd4,d28e4169-318d-5863-a1a9-0e15b684f966,APP_OPEN,,2025-10-13T11:39:02+07:00,APP
6e5cc3d6-89ce-56d8-bc8d-ee0d6fc788fd,e5586292-ba7d-598c-8dca-5f80e6666965,PRODUCT_VIEW,ITM-0003,2025-11-16T01:37:07+07:00,APP
8089c704-58d3-5af7-9b78-0d2d169128af,0d83403f-3fd5-596b-aef9-ea318bd8f711,CART_ADD,ITM-0029,2025-12-28T15:09:02+07:00,APP
a2490434-5d23-5a9f-9aa0-78107298e053,0d83403f-3fd5-596b-aef9-ea318bd8f711,SEARCH,,2025-09-03T04:30:20+07:00,APP
a5f72c57-080f-562d-a1b2-8711afe03a09,2de732b1-fabc-5136-a611-2cd87638afdf,PRODUCT_VIEW,ITM-0081,2026-03-14T20:59:37+07:00,APP
56d116a6-9f11-5bcf-80f2-49c65d5cad7f,2de732b1-fabc-5136-a611-2cd87638afdf,CART_ADD,ITM-0021,2025-06-30T04:49:04+07:00,APP
f0f8ef92-ae52-5fcf-ad74-62cb2d9ffa3f,2de732b1-fabc-5136-a611-2cd87638afdf,APP_OPEN,,2025-06-29T23:23:19+07:00,APP
d45d720b-3a67-573d-868e-b9bf7de38df2,2de732b1-fabc-5136-a611-2cd87638afdf,APP_OPEN,,2025-09-22T16:06:13+07:00,APP
15ee6715-f41a-5ec0-9568-f9431de1e515,509bdfbd-7aa1-5480-af98-884f95455628,APP_OPEN,,2026-07-23T17:08:32+07:00,APP
12fc1698-19b7-5910-8700-1800863b19e5,509bdfbd-7aa1-5480-af98-884f95455628,PRODUCT_VIEW,ITM-0076,2026-08-19T01:27:21+07:00,APP
6de637e0-f5b0-59dd-b44b-25a17a689cec,509bdfbd-7aa1-5480-af98-884f95455628,APP_OPEN,,2025-11-01T20:01:43+07:00,APP
2d270b6a-1052-58ce-9fa5-0b98673b26dc,509bdfbd-7aa1-5480-af98-884f95455628,APP_OPEN,,2026-01-25T04:05:09+07:00,APP
ada7ca61-662b-5d5e-8754-ed34bc2ed78f,2b6c815a-dc2d-5a8b-8836-92ef89d36001,SEARCH,,2025-10-09T19:05:07+07:00,APP
43b44b58-57fe-5448-ab6c-d172ad19c640,2b6c815a-dc2d-5a8b-8836-92ef89d36001,PRODUCT_VIEW,ITM-0072,2025-10-21T16:38:21+07:00,APP
75338aae-a4e2-52eb-a2de-170e54526029,2b6c815a-dc2d-5a8b-8836-92ef89d36001,PRODUCT_VIEW,ITM-0032,2025-09-14T03:24:50+07:00,APP
ff71e719-0293-5160-925f-d6b514e22d85,2b6c815a-dc2d-5a8b-8836-92ef89d36001,APP_OPEN,,2025-08-04T09:24:30+07:00,APP
9b16aa59-1e3a-5fd5-b5bf-497b75611c6d,2b6c815a-dc2d-5a8b-8836-92ef89d36001,SEARCH,,2025-06-01T03:42:18+07:00,APP
2c8159db-b5a0-5ec4-98c6-5760a6c14ea2,f900ae4a-3292-5d34-a887-12f93ee58085,APP_OPEN,,2025-10-04T22:55:37+07:00,APP
62b98d5a-23d0-51ce-a8e1-2ae835d73997,f900ae4a-3292-5d34-a887-12f93ee58085,SEARCH,,2026-05-28T13:05:07+07:00,APP
bb04cd7d-b22f-5eac-8c3a-d4a493106737,f900ae4a-3292-5d34-a887-12f93ee58085,APP_OPEN,,2025-04-02T19:28:16+07:00,APP
768b2469-a6cb-5da2-bd6b-695f9845a668,f900ae4a-3292-5d34-a887-12f93ee58085,APP_OPEN,,2026-06-18T17:51:38+07:00,APP
b7c2ad68-cce8-5caf-a6c8-3d2a5981ee20,25f3f2e5-7c54-5784-85aa-22c906933586,APP_OPEN,,2025-04-06T22:15:36+07:00,APP
8f9886ee-3041-51d5-9ac4-04fcbba41236,25f3f2e5-7c54-5784-85aa-22c906933586,SEARCH,,2025-08-20T15:05:10+07:00,APP
16035a6e-b670-5009-97b4-101b578aa743,25f3f2e5-7c54-5784-85aa-22c906933586,CART_ADD,ITM-0025,2026-06-28T13:56:18+07:00,APP
03b86446-5cf1-5fe6-91ef-651c8318b8d9,25f3f2e5-7c54-5784-85aa-22c906933586,APP_OPEN,,2026-03-27T06:16:02+07:00,APP
e34f95e6-66bb-5699-8c56-30e6a64fc78e,25f3f2e5-7c54-5784-85aa-22c906933586,APP_OPEN,,2026-02-15T02:48:52+07:00,APP
04f47256-d072-5e4c-a57d-170e17dc6967,25f3f2e5-7c54-5784-85aa-22c906933586,SEARCH,,2025-09-28T08:21:25+07:00,APP
5d8e1f4a-cc45-5060-b38a-e3c680bcca01,25f3f2e5-7c54-5784-85aa-22c906933586,SEARCH,,2026-05-05T07:58:58+07:00,APP
3cbf2aee-fe21-5401-955c-791a3054e35e,ec04cfc3-1e34-569c-9854-574a4bb00499,SEARCH,,2025-05-16T06:56:51+07:00,APP
bd48c818-6aeb-53fd-9a73-711c7798e07a,ec04cfc3-1e34-569c-9854-574a4bb00499,CART_ADD,ITM-0045,2026-09-16T03:32:02+07:00,APP
5f974ea7-67a5-5308-b3a2-638a2b048f00,ec04cfc3-1e34-569c-9854-574a4bb00499,APP_OPEN,,2026-05-25T05:58:51+07:00,APP
0612c21e-dd1f-57bf-8e1f-3fbff991c349,61ca0fc1-8843-5003-aab7-5ac0942dd70b,PRODUCT_VIEW,ITM-0010,2025-06-02T09:22:21+07:00,APP
71c7ffb5-94ec-5055-805f-2caaac23f431,61ca0fc1-8843-5003-aab7-5ac0942dd70b,APP_OPEN,,2026-03-25T03:29:30+07:00,APP
464a6bcf-b2aa-5a9c-a8be-fc636e4b464c,61ca0fc1-8843-5003-aab7-5ac0942dd70b,SEARCH,,2026-07-04T17:34:51+07:00,APP
94c826a9-e910-5309-90a7-be817e90627f,4f212eb7-33a2-56e3-8ffc-6a72f1500abe,CART_ADD,ITM-0009,2026-08-30T01:43:20+07:00,APP
cbab24d6-3d23-53d6-b3ae-aa03797ae575,4f212eb7-33a2-56e3-8ffc-6a72f1500abe,SEARCH,,2025-06-27T08:35:48+07:00,APP
292286da-7442-58c8-9199-ab9990da0b2c,4f212eb7-33a2-56e3-8ffc-6a72f1500abe,PRODUCT_VIEW,ITM-0033,2026-02-19T01:56:27+07:00,APP
cbd68c1b-a7f5-5ac4-b609-52e7b57788e9,67885a6b-67a7-5a74-b604-132a91c4c45e,PRODUCT_VIEW,ITM-0080,2026-09-28T00:33:54+07:00,APP
a314df60-d445-5cee-9236-a4374ddcfe26,8aef35e5-de3b-50f4-8a6f-2f6939ef8d4e,PRODUCT_VIEW,ITM-0082,2026-04-21T12:50:38+07:00,APP
7cb8dfec-e67b-5caf-b961-2c27c9190254,8aef35e5-de3b-50f4-8a6f-2f6939ef8d4e,PRODUCT_VIEW,ITM-0015,2026-01-04T00:45:36+07:00,APP
1c3f08e9-9095-58b5-b751-9c19c1336dc4,b6dcf8fd-f324-5579-9a24-d1ce79e852d1,PRODUCT_VIEW,ITM-0070,2025-08-17T17:01:45+07:00,APP
75856731-d7b0-5667-a29a-4deb3586f16d,b6dcf8fd-f324-5579-9a24-d1ce79e852d1,SEARCH,,2025-07-04T20:52:20+07:00,APP
126a4d27-b3ac-530b-bdb2-92363427175b,ae393438-faef-5874-b4ea-9eb626366a62,CART_ADD,ITM-0041,2025-08-21T11:05:00+07:00,APP
5deefc29-d70c-5696-a487-26dc43f0ad12,ae393438-faef-5874-b4ea-9eb626366a62,SEARCH,,2025-05-23T08:50:07+07:00,APP
3630b56c-1b66-52da-86b5-52123977fa10,ae393438-faef-5874-b4ea-9eb626366a62,APP_OPEN,,2025-10-22T16:08:40+07:00,APP
1efcfc0c-f40a-54fd-8bb9-3517feaed6ff,ae393438-faef-5874-b4ea-9eb626366a62,APP_OPEN,,2025-05-31T09:11:31+07:00,APP
6882413e-35d7-51a2-95e0-6406b95bc760,ae393438-faef-5874-b4ea-9eb626366a62,PRODUCT_VIEW,ITM-0002,2026-07-15T14:33:50+07:00,APP
e6264c6b-4d83-54a4-83d1-412888c901ed,ae393438-faef-5874-b4ea-9eb626366a62,APP_OPEN,,2026-09-28T11:55:18+07:00,APP
08c2dc1c-6a56-5b0c-a868-3e273c4a519a,ae393438-faef-5874-b4ea-9eb626366a62,CART_ADD,ITM-0087,2026-02-05T21:23:01+07:00,APP
463547f7-37a3-5b7e-86d6-a3349beaf71d,345a4dd7-053c-518b-a3bf-e031486231be,PRODUCT_VIEW,ITM-0060,2025-12-09T19:51:54+07:00,APP
9b60554a-53cb-524d-ad57-1d2c0654fc82,345a4dd7-053c-518b-a3bf-e031486231be,CART_ADD,ITM-0014,2026-06-28T01:24:45+07:00,APP
13bee7bd-76c5-569e-a9e7-7f98c7f471f7,345a4dd7-053c-518b-a3bf-e031486231be,SEARCH,,2025-05-11T03:01:20+07:00,APP
1d423733-4df7-5e0f-9c16-3626ed3fc4c6,345a4dd7-053c-518b-a3bf-e031486231be,CART_ADD,ITM-0034,2025-12-06T00:24:39+07:00,APP
7e3043e9-2060-591e-9ddf-fdf3e22f6ea1,345a4dd7-053c-518b-a3bf-e031486231be,CART_ADD,ITM-0048,2026-05-25T12:58:49+07:00,APP
025197e0-2f7c-59a1-a1c9-4d0590946272,345a4dd7-053c-518b-a3bf-e031486231be,SEARCH,,2025-11-17T05:02:31+07:00,APP
c7a0c2b7-768c-5572-a28d-7416435733bd,345a4dd7-053c-518b-a3bf-e031486231be,SEARCH,,2026-05-06T17:24:21+07:00,APP
351d5ea6-7b3e-58da-ab51-80cc26fa5f50,345a4dd7-053c-518b-a3bf-e031486231be,PRODUCT_VIEW,ITM-0095,2025-07-06T16:07:13+07:00,APP
e18740bd-6d33-5399-bbd3-45d3e7ffbf5b,9dd6ca24-beab-591b-a102-84f6b4fb3f9b,APP_OPEN,,2026-06-10T10:42:20+07:00,APP
d65ca8ef-3e1e-5ed0-8bba-08490e78f908,9dd6ca24-beab-591b-a102-84f6b4fb3f9b,CART_ADD,ITM-0100,2025-07-18T19:28:59+07:00,APP
3a878862-adaa-5767-9fde-1f6953b1b8d5,c591e04b-551e-532b-8df3-fbd34ce9cde2,CART_ADD,ITM-0095,2026-04-04T19:15:25+07:00,APP
4d656af3-13be-594f-bedf-1a382847c98f,c591e04b-551e-532b-8df3-fbd34ce9cde2,SEARCH,,2025-11-12T11:56:59+07:00,APP
6fd389d7-4339-5b56-87bc-063be5ed9e42,c591e04b-551e-532b-8df3-fbd34ce9cde2,PRODUCT_VIEW,ITM-0054,2026-03-02T02:41:40+07:00,APP
41c83b03-5817-5a7c-8089-32a388262c7c,c591e04b-551e-532b-8df3-fbd34ce9cde2,APP_OPEN,,2025-04-28T13:17:58+07:00,APP
b31cc411-7965-5bd7-9ad4-165b4ce0124f,c591e04b-551e-532b-8df3-fbd34ce9cde2,CART_ADD,ITM-0066,2026-08-17T10:08:45+07:00,APP
1e15b733-ece5-58ef-9494-ddaf218d16b4,c591e04b-551e-532b-8df3-fbd34ce9cde2,CART_ADD,ITM-0009,2026-04-07T12:42:06+07:00,APP
51515714-d9f9-53ac-baf9-7cdadf2b3f2b,c591e04b-551e-532b-8df3-fbd34ce9cde2,APP_OPEN,,2025-08-09T04:41:08+07:00,APP
d1255e22-b247-5677-a52c-27b0e2a70b81,c591e04b-551e-532b-8df3-fbd34ce9cde2,SEARCH,,2026-01-17T13:38:53+07:00,APP
7fcd345e-f843-5622-a735-6f12d1356343,24504ef6-991c-58b5-aca6-ffef54717dda,SEARCH,,2026-01-23T22:43:18+07:00,APP
bd3f3319-9dda-5828-ab88-fe45ba9db64b,24504ef6-991c-58b5-aca6-ffef54717dda,PRODUCT_VIEW,ITM-0078,2025-04-11T09:51:27+07:00,APP
5d7ea8ac-a310-51c2-96a1-705dd9f572db,24504ef6-991c-58b5-aca6-ffef54717dda,CART_ADD,ITM-0001,2026-09-23T18:53:43+07:00,APP
7f2d9791-725c-5078-9a9d-229faa9b7632,24504ef6-991c-58b5-aca6-ffef54717dda,PRODUCT_VIEW,ITM-0085,2026-02-10T03:54:44+07:00,APP
2ff92972-4f2f-5115-baf1-80ccfd9c78b6,24504ef6-991c-58b5-aca6-ffef54717dda,PRODUCT_VIEW,ITM-0014,2025-10-18T13:00:41+07:00,APP
1f0db643-00b7-5412-b751-142fe3ea4cbd,24504ef6-991c-58b5-aca6-ffef54717dda,APP_OPEN,,2026-03-31T03:59:41+07:00,APP
29a0ea3d-0c29-5e6d-afb0-90f947a8aaef,24504ef6-991c-58b5-aca6-ffef54717dda,PRODUCT_VIEW,ITM-0046,2025-05-17T01:50:45+07:00,APP
7588e5f5-313a-5c0e-b551-3a3d597ea2ff,24504ef6-991c-58b5-aca6-ffef54717dda,APP_OPEN,,2026-04-16T13:02:53+07:00,APP
210fa79e-723e-5664-a835-5a352692b4a9,975cbf68-a3fa-5f6f-926e-35d6d6934b59,SEARCH,,2026-06-20T17:28:09+07:00,APP
fcafdcbd-c099-5b65-b737-c5428af3b54a,975cbf68-a3fa-5f6f-926e-35d6d6934b59,APP_OPEN,,2026-08-18T14:22:17+07:00,APP
889fbb63-3150-55bb-9b11-282fc0f66710,975cbf68-a3fa-5f6f-926e-35d6d6934b59,CART_ADD,ITM-0048,2025-07-19T06:39:31+07:00,APP
3fecaeea-dbd4-5032-9073-89e7d951d2ea,975cbf68-a3fa-5f6f-926e-35d6d6934b59,SEARCH,,2026-08-03T06:44:10+07:00,APP
9b287877-cb4d-55e1-8abd-96e63d58721d,975cbf68-a3fa-5f6f-926e-35d6d6934b59,CART_ADD,ITM-0035,2026-05-23T02:00:20+07:00,APP
507a8d02-e1cf-5b6e-94aa-8801c567bda2,975cbf68-a3fa-5f6f-926e-35d6d6934b59,SEARCH,,2025-08-08T16:46:45+07:00,APP
5fa266bb-5b21-5948-98fd-83f516eb04a8,975cbf68-a3fa-5f6f-926e-35d6d6934b59,CART_ADD,ITM-0078,2025-08-31T07:24:59+07:00,APP
f77851dd-0ffc-5874-ac7e-d8e0c551d46a,975cbf68-a3fa-5f6f-926e-35d6d6934b59,CART_ADD,ITM-0063,2025-06-18T03:50:51+07:00,APP
5c9e630d-3eef-588e-9571-7acaeba35b04,6f57af12-8035-56d7-9f1f-bcab27a67afc,PRODUCT_VIEW,ITM-0034,2025-11-22T02:16:22+07:00,APP
a87ba535-041b-5e52-9d33-da3140c60371,6f57af12-8035-56d7-9f1f-bcab27a67afc,PRODUCT_VIEW,ITM-0067,2025-07-04T17:53:37+07:00,APP
1ed1c30d-2eac-50a9-86f3-4202548fd858,6f57af12-8035-56d7-9f1f-bcab27a67afc,PRODUCT_VIEW,ITM-0024,2025-09-08T09:03:35+07:00,APP
5bb88292-ad01-5ded-8e8b-4c2b0d2e74b2,6f57af12-8035-56d7-9f1f-bcab27a67afc,APP_OPEN,,2025-10-10T06:40:38+07:00,APP
4fc61194-946f-5700-852e-71a97cc46789,6f57af12-8035-56d7-9f1f-bcab27a67afc,APP_OPEN,,2025-09-23T18:49:08+07:00,APP
f777b698-84f5-5a25-a9e4-91d95504de4a,6f57af12-8035-56d7-9f1f-bcab27a67afc,CART_ADD,ITM-0006,2025-05-26T06:31:55+07:00,APP
67137f21-56b6-5ea7-af6f-14497415a38f,56fc928a-abff-5665-858b-896cf72dc198,PRODUCT_VIEW,ITM-0035,2026-08-24T08:52:20+07:00,APP
2e3f0c9b-73a3-5fbd-86ab-70b3cdd28ceb,56fc928a-abff-5665-858b-896cf72dc198,SEARCH,,2025-07-04T08:40:01+07:00,APP
abe85b5b-bc54-598f-8838-426912bedf4b,56fc928a-abff-5665-858b-896cf72dc198,CART_ADD,ITM-0077,2026-02-09T16:15:54+07:00,APP
29da505a-2fdd-5b63-9c59-c3c003633f07,56fc928a-abff-5665-858b-896cf72dc198,SEARCH,,2026-05-29T14:33:38+07:00,APP
91acdfa5-ea0c-5a02-9de0-47d5e11700d5,56fc928a-abff-5665-858b-896cf72dc198,APP_OPEN,,2025-10-10T10:10:14+07:00,APP
dcf62b16-5829-501a-adab-00acdfc6e9ed,56fc928a-abff-5665-858b-896cf72dc198,CART_ADD,ITM-0078,2026-03-01T23:51:59+07:00,APP
8f707024-3423-5986-93dc-1dbc17854621,b53922ff-66f0-5cc0-a7ac-a93ff74bbc99,PRODUCT_VIEW,ITM-0079,2025-08-30T07:52:27+07:00,APP
350f9a29-6a42-58b6-86f3-d8465bafa658,b53922ff-66f0-5cc0-a7ac-a93ff74bbc99,PRODUCT_VIEW,ITM-0092,2026-01-06T04:47:30+07:00,APP
8b842e89-7ec8-506e-b7ee-a416f1d87427,b53922ff-66f0-5cc0-a7ac-a93ff74bbc99,CART_ADD,ITM-0007,2026-05-12T04:59:06+07:00,APP
f8af2791-8189-5011-a680-29608e3823dc,b53922ff-66f0-5cc0-a7ac-a93ff74bbc99,PRODUCT_VIEW,ITM-0038,2025-04-30T13:32:05+07:00,APP
eda09710-c4e4-520e-b9a7-3a34d31057a7,b53922ff-66f0-5cc0-a7ac-a93ff74bbc99,CART_ADD,ITM-0006,2026-09-21T00:22:55+07:00,APP
cebf2b83-c568-531f-bbe3-94150d59040d,b53922ff-66f0-5cc0-a7ac-a93ff74bbc99,SEARCH,,2025-06-06T08:43:44+07:00,APP
52a75fdc-cce9-5789-b6a3-742986d62000,53282f11-67b2-5fa5-a261-16536ea048c4,SEARCH,,2025-04-19T04:49:00+07:00,APP
6b41ecd3-e0f2-55b8-850e-de451b104cbf,53282f11-67b2-5fa5-a261-16536ea048c4,APP_OPEN,,2025-05-25T23:38:14+07:00,APP
9fa8f2a2-852a-5cb6-b28d-947a179e1635,53282f11-67b2-5fa5-a261-16536ea048c4,PRODUCT_VIEW,ITM-0030,2025-12-23T17:34:25+07:00,APP
3e91367e-5c9e-5204-97dd-a1eac350bf0e,8c697ee4-3a5d-5ec8-a13e-31683f9ce15b,CART_ADD,ITM-0004,2025-06-30T23:48:26+07:00,APP
03dd893a-fd7c-5f72-a007-3e6437e21907,8c697ee4-3a5d-5ec8-a13e-31683f9ce15b,APP_OPEN,,2026-05-13T12:50:26+07:00,APP
2207da80-868a-5fac-8a5f-ee3a6dc63575,8c697ee4-3a5d-5ec8-a13e-31683f9ce15b,CART_ADD,ITM-0041,2026-07-19T01:22:44+07:00,APP
4d493720-a99c-5ad9-ac32-34480264c4c9,8c697ee4-3a5d-5ec8-a13e-31683f9ce15b,CART_ADD,ITM-0033,2026-01-15T05:11:34+07:00,APP
59d357fe-c3a7-51bf-8620-2c9242204d96,8c697ee4-3a5d-5ec8-a13e-31683f9ce15b,CART_ADD,ITM-0088,2026-03-02T09:27:41+07:00,APP
0ea0e2f0-a7c3-5dfa-9967-52d6518da254,042c2827-3440-5097-88c0-4752330e0c92,APP_OPEN,,2026-01-06T03:02:50+07:00,APP
4f3196e0-4942-5424-af52-2ae76394eb4c,042c2827-3440-5097-88c0-4752330e0c92,APP_OPEN,,2025-11-07T11:39:44+07:00,APP
576fa2b0-6357-56d7-be57-773096f8819e,042c2827-3440-5097-88c0-4752330e0c92,SEARCH,,2025-08-30T03:28:05+07:00,APP
2f47ae84-0fdb-5af9-ae92-9d4988e480c4,042c2827-3440-5097-88c0-4752330e0c92,SEARCH,,2025-09-16T02:35:30+07:00,APP
1107cd46-4078-5c4e-8b8f-d0064ef8cd07,b2782f19-93da-5e82-ade4-90eac5ec4c33,CART_ADD,ITM-0084,2026-01-24T15:58:30+07:00,APP
96930756-8691-5cd3-9d38-6fdd856f0978,b2782f19-93da-5e82-ade4-90eac5ec4c33,APP_OPEN,,2026-04-24T02:20:20+07:00,APP
ec6c2a12-1119-5f1c-b35f-88f4fc8c8fd5,b2782f19-93da-5e82-ade4-90eac5ec4c33,APP_OPEN,,2026-03-12T11:46:04+07:00,APP
8fb761a4-ec1a-56f9-96e3-36fad8b0f2da,b2782f19-93da-5e82-ade4-90eac5ec4c33,CART_ADD,ITM-0021,2025-07-17T07:04:17+07:00,APP
203355f4-e0b3-5a21-b8ee-e8c47355c66f,b2782f19-93da-5e82-ade4-90eac5ec4c33,PRODUCT_VIEW,ITM-0008,2026-05-30T21:19:37+07:00,APP
17fc655c-67f9-5378-ac58-b6042d57834a,0952d705-7445-5626-b45d-63b01592ccc5,CART_ADD,ITM-0066,2025-09-10T09:14:47+07:00,APP
dab62d4c-721f-5b8c-ac47-51d4f35dd90a,0952d705-7445-5626-b45d-63b01592ccc5,CART_ADD,ITM-0090,2026-04-27T01:28:33+07:00,APP
d515a767-1e2a-5702-a4a3-d11c3abe547e,0952d705-7445-5626-b45d-63b01592ccc5,PRODUCT_VIEW,ITM-0068,2026-09-22T17:02:13+07:00,APP
5abf1a80-38bf-578b-b35f-cbdb8a6386fa,0952d705-7445-5626-b45d-63b01592ccc5,PRODUCT_VIEW,ITM-0071,2025-05-07T16:59:12+07:00,APP
04db89d3-aff0-5979-a6bf-55b8d4adc2f4,0952d705-7445-5626-b45d-63b01592ccc5,APP_OPEN,,2025-10-02T13:55:57+07:00,APP
43bb12db-ed31-5d42-b1bc-f91f40295e37,0952d705-7445-5626-b45d-63b01592ccc5,PRODUCT_VIEW,ITM-0022,2025-12-03T00:21:11+07:00,APP
4d4aca22-4f13-5a7a-85f1-6e60c93bb8b8,0952d705-7445-5626-b45d-63b01592ccc5,APP_OPEN,,2026-05-21T10:45:08+07:00,APP
1e9b4d57-2572-5bc4-8347-787d6fddf78a,9a5f2d2e-eef0-5af0-91ae-45764a7092f8,SEARCH,,2025-07-10T20:06:45+07:00,APP
bb61c416-bf5e-5f9b-a149-1ca49d199df5,9a5f2d2e-eef0-5af0-91ae-45764a7092f8,PRODUCT_VIEW,ITM-0037,2025-08-04T15:45:52+07:00,APP
a26f9693-7129-5973-b5aa-929964cb4671,5d3cfe57-fa71-528d-9315-2727e335758b,PRODUCT_VIEW,ITM-0050,2026-08-31T16:59:53+07:00,APP
730788d8-4195-5020-ac61-7c11d7a17a1b,e10ce483-ad1f-5f04-850d-c7e2b52422da,SEARCH,,2025-05-06T13:06:16+07:00,APP
1d7ab669-d2bd-503b-a991-cc4f3db969d4,e10ce483-ad1f-5f04-850d-c7e2b52422da,APP_OPEN,,2025-06-24T19:14:59+07:00,APP
54ce378d-638c-5a87-bf6e-2870afb93616,a99b5b4f-7c48-584b-9354-28e0556650f6,PRODUCT_VIEW,ITM-0037,2026-05-09T16:56:24+07:00,APP
958c0606-5e6f-5087-8f29-f653b40b5525,a99b5b4f-7c48-584b-9354-28e0556650f6,APP_OPEN,,2026-07-22T19:36:44+07:00,APP
6730925d-ac1f-54d2-abdf-d083257f2432,4e167332-7477-5eae-b911-0c713af68813,CART_ADD,ITM-0017,2025-11-08T11:33:24+07:00,APP
87a12387-55a2-53b5-808e-2d4893425b18,4e167332-7477-5eae-b911-0c713af68813,PRODUCT_VIEW,ITM-0040,2025-05-20T05:46:26+07:00,APP
2d3e8159-e033-547a-8d1b-0bd355333b43,4e167332-7477-5eae-b911-0c713af68813,APP_OPEN,,2025-10-01T01:16:01+07:00,APP
81544873-78a5-5f6a-9469-1eaf0650919b,4e167332-7477-5eae-b911-0c713af68813,SEARCH,,2026-08-02T17:12:55+07:00,APP
a8e1b262-e2d0-56fd-81d9-d81d32a20d5f,4e167332-7477-5eae-b911-0c713af68813,APP_OPEN,,2026-08-31T11:53:41+07:00,APP
478e0b32-d869-5626-ad46-0db5a25ea250,4e167332-7477-5eae-b911-0c713af68813,SEARCH,,2026-08-31T20:47:45+07:00,APP
9af4dbbd-d9fd-574b-99d5-149444163b66,01912f0e-bd4e-57af-adca-735d5d79abb8,SEARCH,,2025-12-30T20:28:11+07:00,APP
bae7781e-cbf6-5df8-b19a-2b48c4c82b28,01912f0e-bd4e-57af-adca-735d5d79abb8,APP_OPEN,,2026-08-23T18:21:41+07:00,APP
5c6dfe66-4a8a-5563-9a9a-5a98e441b45d,01912f0e-bd4e-57af-adca-735d5d79abb8,CART_ADD,ITM-0085,2026-06-05T02:56:31+07:00,APP
6fb5f659-1e1a-5372-a6b8-fa459846ce13,01912f0e-bd4e-57af-adca-735d5d79abb8,CART_ADD,ITM-0041,2026-07-15T18:59:35+07:00,APP
4649cd66-66b5-5610-b099-930f84e50a30,01912f0e-bd4e-57af-adca-735d5d79abb8,SEARCH,,2026-08-23T12:42:19+07:00,APP
c5df7fd4-3b4a-565a-9f23-c22cf557dbbd,01912f0e-bd4e-57af-adca-735d5d79abb8,APP_OPEN,,2025-05-25T06:55:24+07:00,APP
d11f745c-8d76-58b4-8987-bd6533ae60c4,01912f0e-bd4e-57af-adca-735d5d79abb8,APP_OPEN,,2025-09-22T02:27:23+07:00,APP
04cd71c7-bf65-5146-b7a1-bc334f2208af,01912f0e-bd4e-57af-adca-735d5d79abb8,PRODUCT_VIEW,ITM-0035,2026-04-30T19:44:45+07:00,APP
30e18147-0a3d-5b8e-ab80-a2c1d35d2de1,2215a1f0-e7de-535f-ada0-fe9fe350bb0f,PRODUCT_VIEW,ITM-0042,2025-05-08T17:22:07+07:00,APP
bd9c92c6-ef04-5393-a34c-9281dae2c769,2215a1f0-e7de-535f-ada0-fe9fe350bb0f,APP_OPEN,,2025-07-04T04:05:08+07:00,APP
0eddea5a-52b1-51b0-a501-53cd065b1d29,2215a1f0-e7de-535f-ada0-fe9fe350bb0f,CART_ADD,ITM-0096,2025-08-20T01:03:51+07:00,APP
dbaba92e-a9ac-5ea2-8aff-4e4e49ae17c7,2215a1f0-e7de-535f-ada0-fe9fe350bb0f,CART_ADD,ITM-0002,2025-08-10T02:02:56+07:00,APP
b7c7d156-151d-565c-a4ea-3436fb2b41e7,2215a1f0-e7de-535f-ada0-fe9fe350bb0f,PRODUCT_VIEW,ITM-0038,2026-05-20T13:49:52+07:00,APP
f0403d3e-7323-5aba-a124-6c0a2adfff96,7f4c020d-d64d-56bb-a7c2-701dc541c96f,CART_ADD,ITM-0086,2025-09-25T01:15:43+07:00,APP
5dff80eb-dcb7-5e8d-8903-8d870162700f,7f4c020d-d64d-56bb-a7c2-701dc541c96f,SEARCH,,2025-07-02T08:11:50+07:00,APP
d230a031-bef5-59bc-bd06-bd73f9c84437,7f4c020d-d64d-56bb-a7c2-701dc541c96f,SEARCH,,2026-03-20T10:47:00+07:00,APP
434271e0-16a1-5bbe-a82e-c39f32793865,1bbf5c2a-585b-555a-9781-47d4f94d7fe1,PRODUCT_VIEW,ITM-0018,2025-05-26T19:57:01+07:00,APP
272e2b72-cbff-5401-8fa3-1ba36ab1bf56,1bbf5c2a-585b-555a-9781-47d4f94d7fe1,SEARCH,,2025-05-25T16:34:08+07:00,APP
e44dcfe2-83e5-5ef0-97f4-f5f008eb3498,1bbf5c2a-585b-555a-9781-47d4f94d7fe1,CART_ADD,ITM-0080,2026-05-16T00:50:27+07:00,APP
c6e43cd1-117b-5b4e-a9bf-7b617e0dc4c5,1bbf5c2a-585b-555a-9781-47d4f94d7fe1,CART_ADD,ITM-0042,2025-11-25T09:59:14+07:00,APP
672145c5-911e-5a17-ae96-5878af11cb02,1c127239-0e85-5f9e-937b-7859dfbf946f,APP_OPEN,,2026-04-17T22:32:02+07:00,APP
352042d6-e582-50dc-bb67-975f9c0d1eb7,1c127239-0e85-5f9e-937b-7859dfbf946f,CART_ADD,ITM-0033,2026-07-22T18:40:04+07:00,APP
9f867ac4-7caa-54da-833a-f40037dc5d80,1c127239-0e85-5f9e-937b-7859dfbf946f,CART_ADD,ITM-0027,2026-04-06T03:55:36+07:00,APP
e0df5dbc-7500-5f2e-ab00-d58f4e534883,1c127239-0e85-5f9e-937b-7859dfbf946f,CART_ADD,ITM-0055,2026-09-11T20:30:47+07:00,APP
51b1dc0e-ced4-518f-b7dc-0d321aaf08ad,1c127239-0e85-5f9e-937b-7859dfbf946f,SEARCH,,2026-01-09T15:08:31+07:00,APP
fde4bcd7-eab2-554b-99f9-f2dd467b3f2b,1c127239-0e85-5f9e-937b-7859dfbf946f,APP_OPEN,,2025-12-03T17:44:40+07:00,APP
f797f5ea-3bd7-5fb6-b4ab-334dde8f9cbc,1c127239-0e85-5f9e-937b-7859dfbf946f,CART_ADD,ITM-0100,2026-09-11T03:50:37+07:00,APP
6587848a-e8d7-529e-8757-71fdd7ca65d1,1c127239-0e85-5f9e-937b-7859dfbf946f,PRODUCT_VIEW,ITM-0040,2026-03-29T08:56:49+07:00,APP
cb218c37-9eda-598e-9a5b-184707d1f7e4,5ca3febf-4804-51af-9c40-29e39442ea74,SEARCH,,2026-03-17T03:20:57+07:00,APP
cd22a313-7551-5809-b22d-06946ed03925,c45a7674-3296-5c85-9fad-fa902d471bef,SEARCH,,2025-09-29T19:16:32+07:00,APP
72ed8eac-56f9-5372-9f2d-b072527d02a8,c45a7674-3296-5c85-9fad-fa902d471bef,SEARCH,,2025-10-05T14:14:58+07:00,APP
62ef5c67-c248-573d-a916-c07c96213872,c45a7674-3296-5c85-9fad-fa902d471bef,APP_OPEN,,2026-08-23T09:35:07+07:00,APP
48022d79-e63a-5e78-8703-2842c5684898,c45a7674-3296-5c85-9fad-fa902d471bef,SEARCH,,2026-02-23T07:15:26+07:00,APP
a911b0ce-c660-5b2f-bccf-262abab618c4,5a2e4fc8-f6ec-512b-90a5-b211f79ee4b1,PRODUCT_VIEW,ITM-0001,2025-04-27T21:42:43+07:00,APP
e49987d9-4651-597e-8ac1-f127138056ae,5a2e4fc8-f6ec-512b-90a5-b211f79ee4b1,CART_ADD,ITM-0006,2026-04-07T21:22:01+07:00,APP
2c55c598-77c2-5c13-8853-d51814aed296,5a2e4fc8-f6ec-512b-90a5-b211f79ee4b1,PRODUCT_VIEW,ITM-0014,2025-10-11T11:31:28+07:00,APP
8ba939ff-8a62-534c-a80f-05d0714569bb,f2a766ea-4dd8-57e5-a49c-ff6ee34139a8,SEARCH,,2026-07-24T11:44:17+07:00,APP
da6cdc84-6722-5899-a1fb-672a867ce1e0,f2a766ea-4dd8-57e5-a49c-ff6ee34139a8,CART_ADD,ITM-0074,2026-09-24T09:36:18+07:00,APP
f1337669-69c3-50e1-a25d-df8ff3adf185,f2a766ea-4dd8-57e5-a49c-ff6ee34139a8,PRODUCT_VIEW,ITM-0031,2026-02-23T13:11:39+07:00,APP
284d164e-28e4-5274-ad3b-715bff3a4461,f2a766ea-4dd8-57e5-a49c-ff6ee34139a8,APP_OPEN,,2026-05-09T05:50:47+07:00,APP
5d072863-fd7d-533e-a0f4-ed1f2adbdd24,f2a766ea-4dd8-57e5-a49c-ff6ee34139a8,PRODUCT_VIEW,ITM-0100,2025-08-09T20:11:39+07:00,APP
62e2370e-1b28-56b8-ad36-5c85b1a97283,f2a766ea-4dd8-57e5-a49c-ff6ee34139a8,SEARCH,,2026-03-11T08:07:34+07:00,APP
ce020daa-eeef-53e5-9125-34dc11338f33,f2a766ea-4dd8-57e5-a49c-ff6ee34139a8,SEARCH,,2025-11-09T09:51:08+07:00,APP
a6613781-558f-5b9f-b7ed-4394df9d2ed8,f2a766ea-4dd8-57e5-a49c-ff6ee34139a8,SEARCH,,2026-03-15T00:46:34+07:00,APP
6d87e0f4-cd86-553a-b582-ed47a3c5e079,f5485b87-02f1-57d9-8a8f-3a0fa754bf27,SEARCH,,2026-04-22T16:36:35+07:00,APP
42c98026-a658-5a0c-b67f-228d6e70bb88,f5485b87-02f1-57d9-8a8f-3a0fa754bf27,SEARCH,,2025-06-19T01:40:55+07:00,APP
4a434a22-cd2c-5af1-b4f8-f92af3ea85d1,f5485b87-02f1-57d9-8a8f-3a0fa754bf27,SEARCH,,2026-06-24T04:50:00+07:00,APP
5966ad30-7760-5f33-89a5-c559d0385e30,f5485b87-02f1-57d9-8a8f-3a0fa754bf27,CART_ADD,ITM-0026,2026-02-16T14:13:15+07:00,APP
28cf8281-be91-5012-894e-e0ba1d3b1a4b,f5485b87-02f1-57d9-8a8f-3a0fa754bf27,PRODUCT_VIEW,ITM-0047,2026-01-09T00:22:36+07:00,APP
373d4576-8463-5942-b436-c7c47856ac77,f5485b87-02f1-57d9-8a8f-3a0fa754bf27,PRODUCT_VIEW,ITM-0079,2026-07-19T19:28:54+07:00,APP
456eb8cd-6e74-598b-bcda-5ca238d5bd32,16adae2e-42ce-5f4b-87d5-8c7a0d5840d0,PRODUCT_VIEW,ITM-0092,2025-07-29T15:00:42+07:00,APP
f5dfe047-0909-5e07-a12d-61e306db9f48,16adae2e-42ce-5f4b-87d5-8c7a0d5840d0,SEARCH,,2025-08-17T08:29:36+07:00,APP
370e0282-565d-57e7-987d-a316e4dfe456,16adae2e-42ce-5f4b-87d5-8c7a0d5840d0,PRODUCT_VIEW,ITM-0055,2026-08-24T06:43:00+07:00,APP
b5d0563a-48ef-5581-9a10-5f384856e5ca,6458bb33-d7eb-5b8b-99a7-132401070cc4,APP_OPEN,,2026-03-12T03:56:57+07:00,APP
4d81ee7f-be07-5a49-8b13-d4005ea9b198,6458bb33-d7eb-5b8b-99a7-132401070cc4,PRODUCT_VIEW,ITM-0070,2025-05-08T03:16:12+07:00,APP
aa6fcc77-b1d9-5ead-9a3d-fdfacd918d69,6458bb33-d7eb-5b8b-99a7-132401070cc4,APP_OPEN,,2026-08-08T06:23:05+07:00,APP
3e794334-5179-52ff-8125-32588dcea5f7,6458bb33-d7eb-5b8b-99a7-132401070cc4,CART_ADD,ITM-0003,2026-08-26T00:04:09+07:00,APP
08f2853c-ca8c-59e7-a825-4fd714f40898,ba45c462-73bb-5221-a6d0-f871865895dc,APP_OPEN,,2026-08-02T09:35:02+07:00,APP
1d7aa776-670e-503c-bf24-39e67268668b,944ad19e-60c1-58c4-9ff4-e665fda67437,APP_OPEN,,2025-05-24T08:12:18+07:00,APP
3e82b92f-9aae-5ea9-9ffc-f484f39868b6,944ad19e-60c1-58c4-9ff4-e665fda67437,PRODUCT_VIEW,ITM-0020,2025-06-19T07:54:13+07:00,APP
700b02ef-0a5b-5bd3-8be0-68e6f58c114c,944ad19e-60c1-58c4-9ff4-e665fda67437,SEARCH,,2026-09-25T13:51:56+07:00,APP
c33adb75-beb3-568e-9b0c-0f715530bebb,944ad19e-60c1-58c4-9ff4-e665fda67437,CART_ADD,ITM-0005,2026-01-25T20:07:25+07:00,APP
c62d6c72-600c-59cc-bc5c-b685b9d7f159,4d4ed657-eafa-5873-aac2-741c880a0ec6,CART_ADD,ITM-0076,2025-11-21T14:17:32+07:00,APP
1b4cbb9a-e0b6-5f6d-8a65-cbf6659d2382,4d4ed657-eafa-5873-aac2-741c880a0ec6,APP_OPEN,,2026-08-08T01:43:35+07:00,APP
40dd2a83-6529-53d8-9d7c-5747c1a27b8a,4d4ed657-eafa-5873-aac2-741c880a0ec6,CART_ADD,ITM-0006,2025-08-08T21:49:01+07:00,APP
86058b2c-b3ee-5a2d-be51-47f0447caed5,74cff629-15fd-5620-958d-e31065c677c8,CART_ADD,ITM-0062,2025-04-06T20:09:37+07:00,APP
2009988d-37b4-5391-b5b5-c658c3326e6f,a3f0ae79-147f-595f-aadd-dd65c23eb71e,SEARCH,,2025-04-09T00:33:42+07:00,APP
25a19808-d4f1-5da6-9162-80cc3cb45a65,a3f0ae79-147f-595f-aadd-dd65c23eb71e,CART_ADD,ITM-0028,2026-06-05T21:00:22+07:00,APP
3b629bdc-692c-50bc-bfcb-c18632fa7ca6,a3f0ae79-147f-595f-aadd-dd65c23eb71e,PRODUCT_VIEW,ITM-0075,2025-11-14T14:35:06+07:00,APP
f765a939-c5ab-5091-a42a-f9b50c06e50b,a3f0ae79-147f-595f-aadd-dd65c23eb71e,PRODUCT_VIEW,ITM-0038,2025-11-22T05:33:49+07:00,APP
9b72def3-9c6d-5177-82e6-2a2ec6f146e8,5f179ba3-3173-5f22-b06c-3621c982ff88,APP_OPEN,,2026-02-18T14:29:10+07:00,APP
f03fbcec-0356-5c9d-bf02-aa96db8866f0,5f179ba3-3173-5f22-b06c-3621c982ff88,PRODUCT_VIEW,ITM-0059,2026-07-14T05:39:53+07:00,APP
a55ad835-0fcf-5bfc-82c0-7325d2d6439d,5f179ba3-3173-5f22-b06c-3621c982ff88,PRODUCT_VIEW,ITM-0005,2025-11-13T10:40:15+07:00,APP
a990bc7a-0a6f-5ce5-9fd1-0f63bcae2348,5f179ba3-3173-5f22-b06c-3621c982ff88,PRODUCT_VIEW,ITM-0090,2025-09-16T09:48:38+07:00,APP
378cda89-991f-5998-9659-4ade7cddee31,5f179ba3-3173-5f22-b06c-3621c982ff88,CART_ADD,ITM-0090,2026-09-07T19:47:10+07:00,APP
2de1fdb4-cb2d-5265-91d6-5d8de1701b02,5f179ba3-3173-5f22-b06c-3621c982ff88,SEARCH,,2025-12-23T20:33:10+07:00,APP
dbed5309-1536-5a2e-9be5-e8242a2e02f2,5f179ba3-3173-5f22-b06c-3621c982ff88,SEARCH,,2026-03-05T20:20:04+07:00,APP
27574aa5-97da-5ba7-ba12-33b1d83ad8ca,5f179ba3-3173-5f22-b06c-3621c982ff88,APP_OPEN,,2026-02-10T07:02:22+07:00,APP
0dc71113-3912-59d4-b12e-0c1b1456ce25,1a86f89e-4ed8-5b02-9631-32f565d733a5,PRODUCT_VIEW,ITM-0071,2025-05-02T22:50:38+07:00,APP
7246f334-09cb-5445-bc82-3b835f9ff7d1,1a86f89e-4ed8-5b02-9631-32f565d733a5,CART_ADD,ITM-0045,2026-03-09T11:04:44+07:00,APP
5f482127-a956-5fb0-8e12-5d917f96c947,1a86f89e-4ed8-5b02-9631-32f565d733a5,APP_OPEN,,2026-08-10T08:15:11+07:00,APP
20701871-f25c-593e-aa5a-48d4ad2c7273,1a86f89e-4ed8-5b02-9631-32f565d733a5,CART_ADD,ITM-0022,2025-04-12T04:53:39+07:00,APP
2573d88b-82f3-54fa-9ebb-a7348153a678,6176b3b3-d0c0-5659-83bf-5867ba3a596e,PRODUCT_VIEW,ITM-0082,2026-07-04T06:42:35+07:00,APP
ac94acb3-d408-52a9-99ee-0ceb3cd98bad,6176b3b3-d0c0-5659-83bf-5867ba3a596e,CART_ADD,ITM-0060,2026-07-15T16:52:27+07:00,APP
d8069364-2d74-5cf5-b57a-541b93d5e314,6176b3b3-d0c0-5659-83bf-5867ba3a596e,APP_OPEN,,2026-05-21T19:34:28+07:00,APP
87235b5e-d579-51d8-9648-519076d72a2c,6176b3b3-d0c0-5659-83bf-5867ba3a596e,CART_ADD,ITM-0058,2025-11-20T04:37:52+07:00,APP
a0b65398-3f7e-5676-9ddb-7077dd031ee2,6176b3b3-d0c0-5659-83bf-5867ba3a596e,PRODUCT_VIEW,ITM-0084,2026-01-18T11:45:07+07:00,APP
fc4d783b-c9fc-5297-89e9-7271968f2400,6176b3b3-d0c0-5659-83bf-5867ba3a596e,APP_OPEN,,2026-02-17T05:54:09+07:00,APP
920b80ab-0bba-57b5-8d63-dbdce17f190a,6176b3b3-d0c0-5659-83bf-5867ba3a596e,APP_OPEN,,2026-01-11T02:07:30+07:00,APP
2e36c298-202f-55ed-8e17-aa03476e9eb7,6176b3b3-d0c0-5659-83bf-5867ba3a596e,SEARCH,,2026-08-02T20:17:19+07:00,APP
272893b1-9912-5cdd-9c91-7c0e55136b61,e46b6829-fb6c-5f7a-af1d-a7b2ef669a53,SEARCH,,2025-05-12T03:22:00+07:00,APP
ad3bbab4-cfe3-5507-9539-7de9de57d44c,e46b6829-fb6c-5f7a-af1d-a7b2ef669a53,SEARCH,,2025-09-30T07:23:23+07:00,APP
7f9a8149-158a-53d1-b567-60cfe5e34b01,e46b6829-fb6c-5f7a-af1d-a7b2ef669a53,CART_ADD,ITM-0077,2026-08-08T04:14:18+07:00,APP
172acc50-12fe-5ba4-b27c-ba987d2e4c88,e46b6829-fb6c-5f7a-af1d-a7b2ef669a53,CART_ADD,ITM-0047,2026-08-30T23:13:05+07:00,APP
251c647b-e4ba-5cbb-8d36-a341711c6365,e46b6829-fb6c-5f7a-af1d-a7b2ef669a53,CART_ADD,ITM-0039,2026-03-07T11:47:17+07:00,APP
19e89a0d-0214-5ac0-8c61-445e8a69c7d4,e46b6829-fb6c-5f7a-af1d-a7b2ef669a53,PRODUCT_VIEW,ITM-0076,2026-03-25T13:17:13+07:00,APP
1ae590e5-e20c-538a-b5f7-616e7581bc08,b2bdbefa-01e9-5c7f-9a9e-e44aab4bb844,CART_ADD,ITM-0044,2026-08-07T22:16:38+07:00,APP
a00c82b1-8b7d-5fac-aa74-e887f7458689,b2bdbefa-01e9-5c7f-9a9e-e44aab4bb844,CART_ADD,ITM-0010,2026-08-19T06:02:14+07:00,APP
f00977b3-ef1e-5a53-87c2-42130f186028,b2bdbefa-01e9-5c7f-9a9e-e44aab4bb844,CART_ADD,ITM-0089,2026-03-24T16:29:16+07:00,APP
845cb63c-ca78-528e-95dc-a63c0674befd,b2bdbefa-01e9-5c7f-9a9e-e44aab4bb844,APP_OPEN,,2025-09-08T01:21:32+07:00,APP
a728adc5-4435-5249-a5b2-8ff4eb088e48,42b7c866-c4d8-5bd1-9939-6d1b7fc74d8f,PRODUCT_VIEW,ITM-0055,2026-08-26T16:42:22+07:00,APP
67a1201a-3d42-5466-be91-918ee20b7aa9,42b7c866-c4d8-5bd1-9939-6d1b7fc74d8f,APP_OPEN,,2026-04-06T11:18:12+07:00,APP
be5b29df-2104-56f4-b471-00cd767d7a01,03f05c3a-7865-5c50-a584-62d87d31de4c,PRODUCT_VIEW,ITM-0096,2025-04-30T23:41:28+07:00,APP
e76942ce-90e4-5426-9167-5ae86506a53d,03f05c3a-7865-5c50-a584-62d87d31de4c,PRODUCT_VIEW,ITM-0071,2026-01-02T06:15:04+07:00,APP
93de562b-34a1-57b8-bd45-c6ef1d72e3a6,03f05c3a-7865-5c50-a584-62d87d31de4c,CART_ADD,ITM-0031,2025-12-26T08:36:50+07:00,APP
7a7d59da-5b29-5d07-8077-a17c01164fea,ffcf42ca-b5d1-5706-ac85-fef4415982ac,PRODUCT_VIEW,ITM-0095,2026-07-03T06:05:18+07:00,APP
fd18b630-146e-506a-82d0-0a3c97e2eb76,ffcf42ca-b5d1-5706-ac85-fef4415982ac,APP_OPEN,,2026-06-10T20:40:23+07:00,APP
b52dc176-71c8-59d0-a848-9019cc59760a,ffcf42ca-b5d1-5706-ac85-fef4415982ac,PRODUCT_VIEW,ITM-0031,2026-02-02T06:17:23+07:00,APP
21673365-b113-5b00-9c1e-06a4749c7e80,ffcf42ca-b5d1-5706-ac85-fef4415982ac,SEARCH,,2026-09-11T17:08:13+07:00,APP
5384f576-7295-5d19-bf1c-9c74301876e8,ffcf42ca-b5d1-5706-ac85-fef4415982ac,APP_OPEN,,2026-09-16T03:29:53+07:00,APP
ed0d40cf-2c74-512b-82f6-3bcb4a78d621,ffcf42ca-b5d1-5706-ac85-fef4415982ac,PRODUCT_VIEW,ITM-0003,2026-08-25T14:36:48+07:00,APP
945141ab-88f8-58d9-ad8c-3e157a148ae5,431a64fe-6518-5819-975a-6277888555bd,PRODUCT_VIEW,ITM-0028,2025-10-25T13:07:03+07:00,APP
e3a1f229-65fb-50df-9e5d-01b1f87d617d,431a64fe-6518-5819-975a-6277888555bd,CART_ADD,ITM-0070,2026-05-26T03:58:39+07:00,APP
2401b30c-55c0-56bd-b0d7-ea156f13dab8,431a64fe-6518-5819-975a-6277888555bd,PRODUCT_VIEW,ITM-0056,2026-09-12T16:03:15+07:00,APP
dd323672-6b7c-5c33-842f-5a7ba3d177e8,431a64fe-6518-5819-975a-6277888555bd,PRODUCT_VIEW,ITM-0048,2025-10-28T04:15:55+07:00,APP
87533d46-4ea6-51f5-9319-e7c90215393d,431a64fe-6518-5819-975a-6277888555bd,SEARCH,,2026-09-10T03:45:37+07:00,APP
e130bd2b-9cf9-55cb-9609-d8e0166ebb8b,03cf2e27-1a6e-58e6-bd35-2f2ecf43331b,PRODUCT_VIEW,ITM-0095,2025-10-29T12:17:45+07:00,APP
a3ca2c4d-cc1e-5e27-8b91-5984f5c6ae05,03cf2e27-1a6e-58e6-bd35-2f2ecf43331b,SEARCH,,2025-10-03T23:00:06+07:00,APP
2c725fd5-f882-5415-8851-cadbb8d4d941,03cf2e27-1a6e-58e6-bd35-2f2ecf43331b,CART_ADD,ITM-0021,2026-03-18T06:01:12+07:00,APP
88c8943f-0bfe-5cbb-8a1a-84326642ea5a,03cf2e27-1a6e-58e6-bd35-2f2ecf43331b,APP_OPEN,,2026-08-29T15:58:12+07:00,APP
2a65573e-084a-52e7-8f50-4f4c79250300,03cf2e27-1a6e-58e6-bd35-2f2ecf43331b,SEARCH,,2026-01-30T08:49:12+07:00,APP
612f767b-e204-5d40-a3dc-f259799fa87c,03cf2e27-1a6e-58e6-bd35-2f2ecf43331b,CART_ADD,ITM-0072,2026-04-29T22:04:45+07:00,APP
4a4fe257-a502-585a-949b-f5baf1043125,03cf2e27-1a6e-58e6-bd35-2f2ecf43331b,CART_ADD,ITM-0066,2026-05-12T09:45:22+07:00,APP
45c1f0e5-319c-5d57-900f-6bf255325c30,8068e38b-853f-51d8-ba56-b3a368ff917c,CART_ADD,ITM-0008,2026-05-12T06:09:01+07:00,APP
3222ae51-5886-53ca-83fe-1dba4977c2df,8068e38b-853f-51d8-ba56-b3a368ff917c,CART_ADD,ITM-0056,2026-08-27T18:38:04+07:00,APP
5a2ae9db-8af4-57fd-886c-82f3434731d3,8068e38b-853f-51d8-ba56-b3a368ff917c,CART_ADD,ITM-0092,2026-01-07T13:24:37+07:00,APP
23b02c18-8988-5351-bd9a-38523bd45cef,8068e38b-853f-51d8-ba56-b3a368ff917c,CART_ADD,ITM-0065,2026-04-24T10:16:25+07:00,APP
d975c52d-9f57-50bc-8ac5-7a4c8b060b05,8068e38b-853f-51d8-ba56-b3a368ff917c,PRODUCT_VIEW,ITM-0060,2026-09-22T13:12:52+07:00,APP
b0045897-f636-5fdc-a8dd-5db84bc9e51f,8068e38b-853f-51d8-ba56-b3a368ff917c,CART_ADD,ITM-0081,2026-09-13T17:38:54+07:00,APP
84261d79-9e84-532d-89df-8d9e0b5ee8a6,8068e38b-853f-51d8-ba56-b3a368ff917c,APP_OPEN,,2026-04-09T05:37:49+07:00,APP
281c6c85-837c-5595-8a52-9cf4bdd9335d,8068e38b-853f-51d8-ba56-b3a368ff917c,SEARCH,,2025-04-13T18:44:59+07:00,APP
dc0cc749-0729-5c79-b1ff-7c5aa560b3ca,5d5ec58a-f93a-58de-a4ca-38dd0dc88e1a,SEARCH,,2025-10-23T11:51:15+07:00,APP
2999840e-304a-560e-9964-fadffddd1cb2,5d5ec58a-f93a-58de-a4ca-38dd0dc88e1a,SEARCH,,2025-09-07T12:01:19+07:00,APP
73492c13-872a-5f8b-b9bd-94af19866c1b,5d5ec58a-f93a-58de-a4ca-38dd0dc88e1a,CART_ADD,ITM-0040,2026-04-13T18:56:05+07:00,APP
343dce99-d58a-5852-9f84-b0b23a448432,2daefa95-487e-515d-993f-283448dddd9a,PRODUCT_VIEW,ITM-0055,2025-05-21T18:45:17+07:00,APP
528881ff-a94f-522a-a134-c423fe4bdd33,2daefa95-487e-515d-993f-283448dddd9a,APP_OPEN,,2025-05-24T09:31:52+07:00,APP
9683050b-5021-5683-a6e6-784199be37c9,2daefa95-487e-515d-993f-283448dddd9a,APP_OPEN,,2025-08-07T02:57:32+07:00,APP
daf12433-2924-526a-822f-413d74764013,038408ac-bdf8-5084-adfb-629c67c059b6,APP_OPEN,,2025-12-18T18:28:13+07:00,APP
9164f604-2cd2-5352-915f-172d32e2e963,038408ac-bdf8-5084-adfb-629c67c059b6,PRODUCT_VIEW,ITM-0034,2026-07-02T02:40:42+07:00,APP
909143bf-77f8-551b-8c67-36c00f3d04da,038408ac-bdf8-5084-adfb-629c67c059b6,APP_OPEN,,2025-11-11T18:00:31+07:00,APP
9fe72baa-bc0a-5c68-81a3-e7b3e8b46e59,038408ac-bdf8-5084-adfb-629c67c059b6,PRODUCT_VIEW,ITM-0005,2026-03-31T09:27:43+07:00,APP
fdd13940-369d-5923-b20f-858ec12debf7,038408ac-bdf8-5084-adfb-629c67c059b6,SEARCH,,2026-05-07T19:46:23+07:00,APP
18383af2-dfec-5229-ae87-6f126d5f6b5a,038408ac-bdf8-5084-adfb-629c67c059b6,PRODUCT_VIEW,ITM-0056,2026-02-06T11:52:23+07:00,APP
eddb5d41-4829-5675-bde7-3eb8e8ffe314,d1bd2155-260d-5f83-9b4b-93061862957a,CART_ADD,ITM-0098,2026-09-06T09:33:49+07:00,APP
5625dce0-6996-587c-b174-f1ede0dbdd3f,d1bd2155-260d-5f83-9b4b-93061862957a,SEARCH,,2026-07-20T12:25:07+07:00,APP
83ddda51-ce90-5e81-acc4-ab64caa00998,d1bd2155-260d-5f83-9b4b-93061862957a,CART_ADD,ITM-0022,2025-05-10T02:03:44+07:00,APP
62422c8a-39d5-5c9f-b4e9-5e9432a8c0bd,d1bd2155-260d-5f83-9b4b-93061862957a,APP_OPEN,,2025-08-28T05:37:46+07:00,APP
1bd92ba2-d326-5cdf-bcc8-13db73a9670f,d1bd2155-260d-5f83-9b4b-93061862957a,CART_ADD,ITM-0013,2025-10-10T00:07:55+07:00,APP
6076a081-d74e-56d8-9f33-5310364487e7,d1bd2155-260d-5f83-9b4b-93061862957a,SEARCH,,2025-09-24T02:33:21+07:00,APP
87892c53-7f76-5ce4-80c5-ed23a852277e,d1bd2155-260d-5f83-9b4b-93061862957a,CART_ADD,ITM-0082,2025-07-25T08:29:59+07:00,APP
f9bd1725-7b3a-5fbb-8132-1ddb8f86bc29,99596c84-498b-5b3b-a657-c8cdf2c2b057,CART_ADD,ITM-0052,2026-01-13T03:29:43+07:00,APP
42b12fbb-0a80-5b16-a9f3-76c19de3b023,99596c84-498b-5b3b-a657-c8cdf2c2b057,CART_ADD,ITM-0009,2025-05-19T05:07:05+07:00,APP
0392a92d-e76a-5817-9706-935d3da6d0e4,99596c84-498b-5b3b-a657-c8cdf2c2b057,CART_ADD,ITM-0093,2026-01-25T17:58:16+07:00,APP
ba41f80f-de14-53db-9c6c-64adfa6c1300,68aa1b7c-7372-5818-b1a3-78f100a02ae5,SEARCH,,2025-07-02T11:38:32+07:00,APP
41efc6ad-7617-5fb6-a21f-f0d5b52907b1,68aa1b7c-7372-5818-b1a3-78f100a02ae5,PRODUCT_VIEW,ITM-0077,2026-07-13T18:41:09+07:00,APP
c32f0df5-0592-50fb-ad31-8f0a5792c0dd,68aa1b7c-7372-5818-b1a3-78f100a02ae5,APP_OPEN,,2025-10-10T04:47:01+07:00,APP
43363cb7-2dc9-56df-b116-6be259b78d51,9fb2a9a7-7dff-5d1f-a823-62a13c95798c,APP_OPEN,,2025-04-11T22:17:45+07:00,APP
545bf330-b2b1-59ab-b11f-8818a62002c4,9fb2a9a7-7dff-5d1f-a823-62a13c95798c,PRODUCT_VIEW,ITM-0071,2026-07-10T12:43:50+07:00,APP
935803a0-3fdd-58df-8c34-2554ed64ef62,9fb2a9a7-7dff-5d1f-a823-62a13c95798c,APP_OPEN,,2025-07-10T08:53:10+07:00,APP
32483c11-4c3d-51a5-bd7d-1580190a0ece,9fb2a9a7-7dff-5d1f-a823-62a13c95798c,SEARCH,,2026-09-27T08:23:16+07:00,APP
d47d31f5-58b8-503e-9d6f-735b61672fff,9fb2a9a7-7dff-5d1f-a823-62a13c95798c,SEARCH,,2025-05-27T23:22:07+07:00,APP
663ef80e-4710-5106-aad8-ef84b198449c,9fb2a9a7-7dff-5d1f-a823-62a13c95798c,PRODUCT_VIEW,ITM-0003,2025-10-19T22:19:50+07:00,APP
522a8420-991a-5348-862d-1c08a5f2fe0a,9fb2a9a7-7dff-5d1f-a823-62a13c95798c,SEARCH,,2025-04-02T01:00:59+07:00,APP
e0a52f78-09ca-5711-ab49-91b8b2120ebb,9fb2a9a7-7dff-5d1f-a823-62a13c95798c,APP_OPEN,,2025-11-01T19:40:10+07:00,APP
5c0e6de3-e6cb-5106-913a-af964e797cd3,eec793df-636e-584d-9a39-307df62cfe3b,CART_ADD,ITM-0014,2025-07-08T00:09:59+07:00,APP
b3fe2927-be11-5bfc-add7-7359842ef7b3,eec793df-636e-584d-9a39-307df62cfe3b,APP_OPEN,,2026-03-21T00:16:03+07:00,APP
e713e408-3981-56ce-a9be-3b09b2379cb7,eec793df-636e-584d-9a39-307df62cfe3b,PRODUCT_VIEW,ITM-0080,2026-01-09T11:07:13+07:00,APP
7e459b88-3918-5715-98fb-bf55df2f188f,3240f845-28eb-5efb-a670-9f93077dd536,SEARCH,,2026-03-07T22:06:49+07:00,APP
f39aca23-7227-5084-9a56-a251c6f4d232,3240f845-28eb-5efb-a670-9f93077dd536,CART_ADD,ITM-0036,2026-04-15T15:49:53+07:00,APP
b2e3fa22-7a34-5906-a9d2-f0266175cba1,3240f845-28eb-5efb-a670-9f93077dd536,SEARCH,,2026-03-03T06:09:11+07:00,APP
ee12a5f1-d0cd-5045-a6ff-fd37666cb179,3240f845-28eb-5efb-a670-9f93077dd536,SEARCH,,2026-02-17T21:29:58+07:00,APP
1f73eb91-51cd-5ace-b7e2-1a1da6363bc5,3240f845-28eb-5efb-a670-9f93077dd536,PRODUCT_VIEW,ITM-0035,2026-02-07T02:37:58+07:00,APP
7c7f9b99-2aeb-571d-a332-2a213aaa7fcd,3240f845-28eb-5efb-a670-9f93077dd536,SEARCH,,2025-12-12T14:50:07+07:00,APP
b40eb661-4190-50e8-9699-7cb8305d5d70,3240f845-28eb-5efb-a670-9f93077dd536,CART_ADD,ITM-0091,2025-11-12T18:49:58+07:00,APP
9e029925-5b8e-5f3a-a8b9-2372ff8b2e0b,3240f845-28eb-5efb-a670-9f93077dd536,APP_OPEN,,2026-08-17T15:16:12+07:00,APP
9726cef3-4be9-5381-9409-12d956eaa541,150a15e4-6a99-5d93-a5d2-aad42cba82bd,CART_ADD,ITM-0095,2026-04-18T23:43:53+07:00,APP
f08f7d55-5c8b-5f39-a3d9-35fabfb74c8d,150a15e4-6a99-5d93-a5d2-aad42cba82bd,PRODUCT_VIEW,ITM-0068,2025-11-23T16:36:45+07:00,APP
c873f8ee-3402-56b8-ae09-e6d74ba52eb9,2a31c6d7-3c89-5e85-bcd0-c7b4af0fc690,CART_ADD,ITM-0014,2025-06-27T13:29:10+07:00,APP
bc042881-d16f-5fcd-874d-d3d1b5c3a8ed,2a31c6d7-3c89-5e85-bcd0-c7b4af0fc690,SEARCH,,2026-04-17T06:22:06+07:00,APP
356b4a76-47fd-520b-944b-bcff80ff9018,2a31c6d7-3c89-5e85-bcd0-c7b4af0fc690,SEARCH,,2026-06-26T06:49:54+07:00,APP
5233b821-9508-53fa-9398-e16c380b0516,2a31c6d7-3c89-5e85-bcd0-c7b4af0fc690,PRODUCT_VIEW,ITM-0097,2026-02-20T21:40:53+07:00,APP
fd330cd5-c810-5d1e-8c5c-a03526229b92,2a31c6d7-3c89-5e85-bcd0-c7b4af0fc690,SEARCH,,2026-05-30T14:29:10+07:00,APP
91a2e309-64de-50c1-bc1a-2918872686b7,2a31c6d7-3c89-5e85-bcd0-c7b4af0fc690,SEARCH,,2026-06-11T11:04:44+07:00,APP
7f37f587-5567-5ffe-9a70-52a4e7b923d0,2a31c6d7-3c89-5e85-bcd0-c7b4af0fc690,CART_ADD,ITM-0048,2026-04-28T14:38:31+07:00,APP
53f8a4c6-926c-5fc6-a7ba-0c123f011b13,71c42a70-287f-5265-ade0-8ac9eaf29985,APP_OPEN,,2026-08-03T14:11:13+07:00,APP
14c8819c-6808-51bd-873e-4e080625b21f,71c42a70-287f-5265-ade0-8ac9eaf29985,SEARCH,,2025-11-16T06:41:15+07:00,APP
b9baad7d-2189-52b2-8f44-ad459b1229e6,71c42a70-287f-5265-ade0-8ac9eaf29985,PRODUCT_VIEW,ITM-0071,2026-09-08T01:57:40+07:00,APP
19169b78-d28d-54b2-9f28-191398d1bef9,59c8c221-acb6-5f46-97b1-f53588fac222,SEARCH,,2025-12-31T21:20:30+07:00,APP
6c13d379-4744-5efc-89b5-165704bd1c37,59c8c221-acb6-5f46-97b1-f53588fac222,APP_OPEN,,2026-06-29T18:31:46+07:00,APP
c8dda875-6076-5024-83c5-600a80311145,42deb96e-3a12-561a-b223-c5411d331b24,PRODUCT_VIEW,ITM-0004,2026-01-29T20:37:35+07:00,APP
c2bc3a15-5d28-53af-8f64-05c4e77d1823,42deb96e-3a12-561a-b223-c5411d331b24,CART_ADD,ITM-0043,2026-02-07T19:13:51+07:00,APP
a74a095e-3433-5b86-9ccb-af1e0bbff2d6,42deb96e-3a12-561a-b223-c5411d331b24,SEARCH,,2025-06-15T17:23:59+07:00,APP
f9ab7a9c-2e98-5365-a3c6-71117cb01ea7,42deb96e-3a12-561a-b223-c5411d331b24,PRODUCT_VIEW,ITM-0099,2025-04-14T01:06:53+07:00,APP
1d5f2aaa-28db-5591-970b-407b4a9301e4,42deb96e-3a12-561a-b223-c5411d331b24,APP_OPEN,,2026-03-26T02:55:25+07:00,APP
eef547cb-084c-5fe0-a96e-f0d9959d823b,041eb049-259c-58ae-8600-4e63eecda47a,SEARCH,,2026-05-15T11:04:05+07:00,APP
6079137a-4bcb-5a16-9e00-7a5ad2c33efa,041eb049-259c-58ae-8600-4e63eecda47a,APP_OPEN,,2025-09-21T19:10:32+07:00,APP
d096d819-2b40-5e59-98cb-3d24035232d1,041eb049-259c-58ae-8600-4e63eecda47a,APP_OPEN,,2025-08-11T03:38:46+07:00,APP
a0778798-0127-5bd6-a8e6-6d821dcf7d83,041eb049-259c-58ae-8600-4e63eecda47a,PRODUCT_VIEW,ITM-0066,2025-12-08T12:41:58+07:00,APP
1b64fc99-5447-55e1-b028-e8f49d8956c5,f6e1b2ff-d181-535a-8bfe-e99b9484e5fa,CART_ADD,ITM-0082,2026-09-19T13:36:39+07:00,APP
d5706704-ca8d-50c2-b088-638921e5f54b,f6e1b2ff-d181-535a-8bfe-e99b9484e5fa,CART_ADD,ITM-0042,2025-06-01T14:15:26+07:00,APP
52098c40-6f87-5a24-8a44-e6710d8b31ec,f6e1b2ff-d181-535a-8bfe-e99b9484e5fa,PRODUCT_VIEW,ITM-0012,2025-11-04T07:20:07+07:00,APP
d09442f1-9844-5280-8a45-cffb9a991c36,f6e1b2ff-d181-535a-8bfe-e99b9484e5fa,APP_OPEN,,2026-09-25T14:05:51+07:00,APP
907fa315-4765-5b1d-b520-611a71a4712f,f6e1b2ff-d181-535a-8bfe-e99b9484e5fa,CART_ADD,ITM-0018,2025-09-17T02:16:16+07:00,APP
c5c5aee0-99b8-5c98-aa90-f88eefd4cbec,f6e1b2ff-d181-535a-8bfe-e99b9484e5fa,APP_OPEN,,2026-01-23T04:46:25+07:00,APP
178e042e-83b1-534f-9000-9c99f7290511,f6e1b2ff-d181-535a-8bfe-e99b9484e5fa,PRODUCT_VIEW,ITM-0098,2026-07-12T10:06:24+07:00,APP
74e2dc7c-1d7c-59bb-83d0-4b0b58f61ca8,b13ab579-8458-52ca-894c-95287ee7b4a3,CART_ADD,ITM-0009,2025-10-17T15:29:52+07:00,APP
bfd1ffa5-04ab-5f40-b209-43505f2c4f80,b13ab579-8458-52ca-894c-95287ee7b4a3,CART_ADD,ITM-0044,2026-08-25T08:14:27+07:00,APP
c0c06e51-b9ba-5e57-9763-fa94b9caf573,b13ab579-8458-52ca-894c-95287ee7b4a3,PRODUCT_VIEW,ITM-0073,2026-03-22T11:01:22+07:00,APP
fb9fdd52-7c0b-511d-a78b-40e920efa523,d243838a-c43b-5805-91c0-5588ccfa8f92,SEARCH,,2026-02-12T12:02:43+07:00,APP
ce6a896b-5d55-5966-bd5a-deda9b8e3860,d243838a-c43b-5805-91c0-5588ccfa8f92,APP_OPEN,,2026-02-13T05:42:24+07:00,APP
17509400-65f6-54b3-81fc-95fbcb8d6dea,d243838a-c43b-5805-91c0-5588ccfa8f92,SEARCH,,2025-09-23T13:44:17+07:00,APP
5d316941-532f-5653-8067-ef04e6d991cc,d243838a-c43b-5805-91c0-5588ccfa8f92,CART_ADD,ITM-0090,2026-03-11T08:00:57+07:00,APP
99f6a886-cb06-5279-8c31-a853c0a8fccd,798eae17-0cdb-56cb-9d35-2fa12006c33d,APP_OPEN,,2026-07-28T22:18:26+07:00,APP
84fbf2e3-0932-51ab-9abd-c566d426cc6c,798eae17-0cdb-56cb-9d35-2fa12006c33d,CART_ADD,ITM-0070,2026-04-25T14:12:28+07:00,APP
8266208c-7019-5a7b-8414-cce6dca408d7,798eae17-0cdb-56cb-9d35-2fa12006c33d,CART_ADD,ITM-0003,2026-05-22T11:03:00+07:00,APP
dc476623-cd45-55d0-b988-a329ce8b4a73,798eae17-0cdb-56cb-9d35-2fa12006c33d,PRODUCT_VIEW,ITM-0086,2026-03-29T20:18:49+07:00,APP
2374301f-b7eb-55ae-bc9e-ff4920980b6b,798eae17-0cdb-56cb-9d35-2fa12006c33d,APP_OPEN,,2026-01-07T17:19:27+07:00,APP
e101c6f6-b8a2-5d75-a25d-119fcd4c3848,0e133ce7-9144-50b7-921a-279d70a0a319,APP_OPEN,,2026-09-03T08:10:19+07:00,APP
806d038b-6e2e-5d45-aa21-b80c42562ca3,0e133ce7-9144-50b7-921a-279d70a0a319,APP_OPEN,,2025-09-17T15:17:33+07:00,APP
96a13c0c-f65b-537d-b3d6-42f426aa9f8f,0e133ce7-9144-50b7-921a-279d70a0a319,PRODUCT_VIEW,ITM-0020,2025-08-26T14:54:19+07:00,APP
7517a882-45c2-5265-8468-9a74e4030451,0e133ce7-9144-50b7-921a-279d70a0a319,PRODUCT_VIEW,ITM-0049,2026-04-28T21:41:03+07:00,APP
685d8396-ee46-5e7b-b92f-9a31ae4a0112,0e133ce7-9144-50b7-921a-279d70a0a319,CART_ADD,ITM-0020,2026-02-11T23:23:56+07:00,APP
8828913f-97f7-585a-bbfc-abd7de8249e8,4414e173-bfb8-5213-8e42-f7eb6172be43,CART_ADD,ITM-0029,2025-11-01T10:12:22+07:00,APP
3b1e4b04-b5d3-5fd3-aab8-b1d5d13db075,4414e173-bfb8-5213-8e42-f7eb6172be43,SEARCH,,2025-05-15T12:06:55+07:00,APP
e6151264-ba1d-5ffe-94b8-23477f5dde53,4414e173-bfb8-5213-8e42-f7eb6172be43,APP_OPEN,,2025-10-23T17:22:25+07:00,APP
caaf31ae-9dbb-5a0a-82b1-6e791c145553,4414e173-bfb8-5213-8e42-f7eb6172be43,APP_OPEN,,2025-05-13T02:05:49+07:00,APP
3e518ac8-c705-57f1-b493-8ad1cb1bb7c3,4414e173-bfb8-5213-8e42-f7eb6172be43,SEARCH,,2025-11-21T01:38:15+07:00,APP
56ec2727-905f-5c76-885e-ba8a4a7b0ed1,9cd171b5-4d33-5eb0-b2f2-815746339a5a,CART_ADD,ITM-0100,2025-09-19T02:02:36+07:00,APP
4204dada-4463-5362-89a0-ddb8458bbf15,9cd171b5-4d33-5eb0-b2f2-815746339a5a,APP_OPEN,,2025-04-12T12:31:39+07:00,APP
6e126362-736a-55bd-b9c9-da07654f153b,9cd171b5-4d33-5eb0-b2f2-815746339a5a,APP_OPEN,,2025-04-16T06:35:01+07:00,APP
1e811ea6-c663-5e19-8031-8f61001695c3,67211e47-8d0f-5f7c-96f2-a200b3266ea4,APP_OPEN,,2025-05-15T09:44:35+07:00,APP
b2e17122-4f5e-5a1e-846e-4941076c0f90,67211e47-8d0f-5f7c-96f2-a200b3266ea4,SEARCH,,2026-07-06T04:33:24+07:00,APP
c4c24e00-6946-58a1-bf13-66012867965b,67211e47-8d0f-5f7c-96f2-a200b3266ea4,APP_OPEN,,2025-12-17T03:46:59+07:00,APP
b1c4a6f9-dddb-52a8-8379-f10263e99ce3,67211e47-8d0f-5f7c-96f2-a200b3266ea4,APP_OPEN,,2026-02-24T19:46:19+07:00,APP
d99e096a-599e-568d-8421-7335f198a8a9,f939e0ca-6888-5185-a4f1-0aa3aabb1e42,SEARCH,,2026-06-04T12:08:18+07:00,APP
ecb62277-ad0f-5d0c-8ec4-4ed056df9da6,f939e0ca-6888-5185-a4f1-0aa3aabb1e42,SEARCH,,2025-09-25T06:07:52+07:00,APP
64d8f92b-6d95-5d66-8f4b-67ae32d7543b,f939e0ca-6888-5185-a4f1-0aa3aabb1e42,PRODUCT_VIEW,ITM-0085,2025-10-24T05:58:22+07:00,APP
ac9da4fa-20ab-5663-9e73-89a7ae63d464,f939e0ca-6888-5185-a4f1-0aa3aabb1e42,APP_OPEN,,2026-04-02T20:43:57+07:00,APP
8538629e-6f5a-5aaa-832d-f9dc997d7827,f939e0ca-6888-5185-a4f1-0aa3aabb1e42,APP_OPEN,,2025-11-29T13:24:09+07:00,APP
606248ae-a93f-5aad-93ae-b754cd4d4956,f939e0ca-6888-5185-a4f1-0aa3aabb1e42,PRODUCT_VIEW,ITM-0011,2026-02-02T23:49:00+07:00,APP
bd171bdb-5b3e-582f-b476-4ed6bba3b26c,f939e0ca-6888-5185-a4f1-0aa3aabb1e42,APP_OPEN,,2026-07-01T15:25:42+07:00,APP
f0499b65-5876-5cfc-afc0-02e4e1c89bd5,f1af066b-6167-5463-aad9-aec4a365475e,CART_ADD,ITM-0063,2026-05-08T16:44:12+07:00,APP
02cbe8b9-fe09-5fe9-af78-6b22f09da0d3,f1af066b-6167-5463-aad9-aec4a365475e,SEARCH,,2025-09-18T11:30:25+07:00,APP
297d2178-4eb5-5f4a-8aeb-63d69f55c144,f1af066b-6167-5463-aad9-aec4a365475e,SEARCH,,2026-08-20T10:26:06+07:00,APP
dafc9128-0049-5c46-b1f2-d4b54f59f54a,f1af066b-6167-5463-aad9-aec4a365475e,SEARCH,,2026-01-11T18:40:08+07:00,APP
0a9c187d-d8f1-56b9-9b35-1044ff65a17d,f1af066b-6167-5463-aad9-aec4a365475e,APP_OPEN,,2025-06-20T05:15:03+07:00,APP
0d7dd73e-8d37-5f89-ac8e-f9ca693875c8,f1af066b-6167-5463-aad9-aec4a365475e,APP_OPEN,,2025-12-09T06:26:10+07:00,APP
452ec601-daf0-53b1-94e7-b9d904e58493,f1af066b-6167-5463-aad9-aec4a365475e,SEARCH,,2026-07-21T04:40:15+07:00,APP
86144956-e983-5df4-a07b-f83820d7ba54,24ebc88b-4307-5f93-9934-82598c869214,CART_ADD,ITM-0052,2025-07-03T16:43:14+07:00,APP
c0f1941d-197d-543b-8b1e-8ff289f53348,24ebc88b-4307-5f93-9934-82598c869214,APP_OPEN,,2026-08-02T17:12:54+07:00,APP
676b231e-671c-5af0-9a13-3e22e9452e98,24ebc88b-4307-5f93-9934-82598c869214,CART_ADD,ITM-0075,2025-05-30T22:43:45+07:00,APP
e213f900-c697-5b3c-be5e-a370de368c8d,24ebc88b-4307-5f93-9934-82598c869214,APP_OPEN,,2025-10-12T18:47:56+07:00,APP
7c4f73ec-cd6b-5e4c-bbe6-c00c622dd872,24ebc88b-4307-5f93-9934-82598c869214,SEARCH,,2026-01-24T01:58:34+07:00,APP
33cccb25-21a4-55f8-8554-ca5cb928d058,24ebc88b-4307-5f93-9934-82598c869214,PRODUCT_VIEW,ITM-0096,2026-04-17T20:27:15+07:00,APP
d44dd41f-998c-5f70-9b10-f168f1f1306e,24ebc88b-4307-5f93-9934-82598c869214,PRODUCT_VIEW,ITM-0075,2025-12-15T09:27:59+07:00,APP
3fb77962-e26e-5c63-b6e2-0ce184002933,527c2b2e-4a99-5f86-a23d-372b075fab44,SEARCH,,2026-06-30T15:44:20+07:00,APP
ee1cb0f3-73ae-5522-9157-639ed8a1fe64,527c2b2e-4a99-5f86-a23d-372b075fab44,PRODUCT_VIEW,ITM-0025,2026-07-16T11:52:10+07:00,APP
535cd55f-5d93-59de-b029-8215cfe2b414,c0c88aef-06fb-59be-8543-5eadfe4d7fa3,PRODUCT_VIEW,ITM-0061,2025-04-22T09:10:47+07:00,APP
8776c927-accf-5795-ba45-edee92055b75,c0c88aef-06fb-59be-8543-5eadfe4d7fa3,SEARCH,,2025-07-02T19:39:55+07:00,APP
e5d5af4e-2bb8-5a73-a221-c0ef18969137,c0c88aef-06fb-59be-8543-5eadfe4d7fa3,SEARCH,,2025-05-28T21:53:54+07:00,APP
bfbec982-ec08-596f-a740-009104378d39,c0c88aef-06fb-59be-8543-5eadfe4d7fa3,PRODUCT_VIEW,ITM-0041,2026-06-26T10:59:27+07:00,APP
aba0c0cc-3cb0-55ab-8453-7b2495997b07,c0c88aef-06fb-59be-8543-5eadfe4d7fa3,PRODUCT_VIEW,ITM-0080,2026-02-15T06:47:38+07:00,APP
b052bb35-7900-526f-bb90-bb7ed7b8f99e,c0c88aef-06fb-59be-8543-5eadfe4d7fa3,CART_ADD,ITM-0093,2025-11-04T23:21:39+07:00,APP
79948d16-4a07-5925-affc-711a9b817286,c0c88aef-06fb-59be-8543-5eadfe4d7fa3,SEARCH,,2025-12-09T14:20:43+07:00,APP
9908612e-2b5d-5bd4-b12e-b0c51335f344,fbdaf910-1a23-5889-bf33-6ec561ecdcdb,CART_ADD,ITM-0088,2026-08-27T23:22:36+07:00,APP
87789a2b-53c7-52bd-8804-176b7377a33d,fbdaf910-1a23-5889-bf33-6ec561ecdcdb,APP_OPEN,,2025-07-06T13:05:35+07:00,APP
63dfbb9c-c913-54ce-ac4c-196e111695f2,fbdaf910-1a23-5889-bf33-6ec561ecdcdb,SEARCH,,2026-04-11T16:50:28+07:00,APP
bf452ca1-5827-58d3-922c-4e1281893119,fbdaf910-1a23-5889-bf33-6ec561ecdcdb,CART_ADD,ITM-0024,2025-12-23T18:11:52+07:00,APP
f28bcbbc-f2e6-501a-86ba-485feeb1a136,fbdaf910-1a23-5889-bf33-6ec561ecdcdb,SEARCH,,2026-08-01T18:20:14+07:00,APP
0afd4c34-0260-5524-9fdd-9bcc006453e8,fbdaf910-1a23-5889-bf33-6ec561ecdcdb,SEARCH,,2025-10-31T03:54:27+07:00,APP
6a2caa01-51ff-5915-94be-fac3ea03f2f1,fbdaf910-1a23-5889-bf33-6ec561ecdcdb,PRODUCT_VIEW,ITM-0024,2026-03-14T10:41:53+07:00,APP
9dc391f9-d7ab-5fa7-aab2-f08c7cf329e6,fbdaf910-1a23-5889-bf33-6ec561ecdcdb,CART_ADD,ITM-0049,2026-03-19T15:27:42+07:00,APP
5cd03910-c5bf-5cb5-8172-9000ac14083f,795c2e65-b491-5ce1-9860-85d50942cee3,APP_OPEN,,2025-11-09T02:33:16+07:00,APP
02105403-d9ed-5f2e-a58a-553cf96f0ec6,795c2e65-b491-5ce1-9860-85d50942cee3,CART_ADD,ITM-0019,2026-08-06T12:59:47+07:00,APP
ef5f4111-49d1-54c9-8dc1-28fe7cb6a3e7,795c2e65-b491-5ce1-9860-85d50942cee3,APP_OPEN,,2026-06-01T22:45:54+07:00,APP
e5bd4267-5a87-504b-a412-93db5e6d000e,795c2e65-b491-5ce1-9860-85d50942cee3,APP_OPEN,,2026-07-25T17:54:15+07:00,APP
505c8e31-111d-5249-a3b5-4ce1b3ab73e3,795c2e65-b491-5ce1-9860-85d50942cee3,APP_OPEN,,2025-09-06T01:23:54+07:00,APP
77df8eac-0df9-59c1-a075-37b233af161f,795c2e65-b491-5ce1-9860-85d50942cee3,PRODUCT_VIEW,ITM-0087,2025-12-08T10:10:04+07:00,APP
a548450b-1c51-505c-9ad9-3263b2032eca,795c2e65-b491-5ce1-9860-85d50942cee3,APP_OPEN,,2025-12-07T08:36:57+07:00,APP
72b7871c-9e70-5187-8930-09774fa615b0,795c2e65-b491-5ce1-9860-85d50942cee3,CART_ADD,ITM-0039,2026-04-11T10:56:03+07:00,APP
43b7e5b0-9da0-5284-83d0-cc2053c73e91,2bca47fe-5116-5f9f-bdd6-f78429345ebb,CART_ADD,ITM-0098,2025-05-10T18:12:01+07:00,APP
6f93eb16-a74b-5a1f-a070-d019f901f138,2bca47fe-5116-5f9f-bdd6-f78429345ebb,CART_ADD,ITM-0007,2026-06-27T19:24:35+07:00,APP
bb8a740d-4419-5ac8-8f41-a9412c187b3f,2bca47fe-5116-5f9f-bdd6-f78429345ebb,CART_ADD,ITM-0042,2025-12-27T21:08:29+07:00,APP
286b3d8c-caba-5a15-a269-64f148cad53b,2bca47fe-5116-5f9f-bdd6-f78429345ebb,SEARCH,,2026-06-27T22:52:09+07:00,APP
3375b47f-5f7a-5245-9937-11cf6a6b9a85,2bca47fe-5116-5f9f-bdd6-f78429345ebb,CART_ADD,ITM-0095,2026-06-12T19:28:02+07:00,APP
24953371-4ca7-537b-bd04-ceb6b582d444,4488e346-44c3-5f25-99f8-83da25beaa50,SEARCH,,2025-12-03T06:04:45+07:00,APP
c9236192-8fc2-56f7-b3e5-3e968b7530fa,57eab091-c398-5d28-b552-4e90be9bfb87,APP_OPEN,,2026-09-18T21:38:52+07:00,APP
d75feb94-6feb-5cd2-9b00-41b3b0d8cf78,57eab091-c398-5d28-b552-4e90be9bfb87,APP_OPEN,,2026-07-13T12:09:55+07:00,APP
c5198e74-5375-5097-8860-4e573dfb2c70,4191f5b7-7952-59f5-8c7a-72ac7f053122,PRODUCT_VIEW,ITM-0051,2025-07-01T07:07:48+07:00,APP
21d0d1e2-7860-5125-9811-2d839d9a7112,4191f5b7-7952-59f5-8c7a-72ac7f053122,CART_ADD,ITM-0098,2025-12-21T09:22:31+07:00,APP
3f553468-769c-5e96-900e-c34def4db0e4,4191f5b7-7952-59f5-8c7a-72ac7f053122,PRODUCT_VIEW,ITM-0021,2025-12-27T04:38:20+07:00,APP
ecf9c8cc-40c1-5a25-a495-de359104f037,4191f5b7-7952-59f5-8c7a-72ac7f053122,APP_OPEN,,2025-04-04T18:48:40+07:00,APP
3eaa1230-7374-5606-b894-df9c6839c22d,4191f5b7-7952-59f5-8c7a-72ac7f053122,PRODUCT_VIEW,ITM-0017,2025-09-10T21:42:04+07:00,APP
58428bb9-3474-58e7-b2f0-a43974e1d04b,4191f5b7-7952-59f5-8c7a-72ac7f053122,PRODUCT_VIEW,ITM-0082,2025-10-17T20:41:00+07:00,APP
4c2d4965-0da8-52bf-bde2-6df739a47dec,4191f5b7-7952-59f5-8c7a-72ac7f053122,CART_ADD,ITM-0074,2026-06-10T12:12:25+07:00,APP
18fbc407-46eb-5f15-b9bd-287492ecee81,92d609d4-8f2a-576e-bffa-5095ac2ef601,PRODUCT_VIEW,ITM-0054,2026-09-12T23:05:12+07:00,APP
e11285da-23c5-59cb-a1e0-dbcc1fe58a31,92d609d4-8f2a-576e-bffa-5095ac2ef601,APP_OPEN,,2026-01-29T03:24:38+07:00,APP
4d09d147-b8c7-54bc-829e-b4d9c3461357,92d609d4-8f2a-576e-bffa-5095ac2ef601,PRODUCT_VIEW,ITM-0011,2025-07-01T11:50:37+07:00,APP
0fba364a-d7af-578a-a38e-eb5b230c4064,92d609d4-8f2a-576e-bffa-5095ac2ef601,SEARCH,,2026-03-04T12:21:46+07:00,APP
530a2005-5ed3-506d-80c9-8448fdc3fca9,92d609d4-8f2a-576e-bffa-5095ac2ef601,SEARCH,,2026-08-12T22:00:10+07:00,APP
7f084375-ee3d-55c2-9376-31b61b6e699d,92d609d4-8f2a-576e-bffa-5095ac2ef601,APP_OPEN,,2026-07-11T04:47:18+07:00,APP
f1af0638-791c-5eae-801c-e58cdf6bb434,92d609d4-8f2a-576e-bffa-5095ac2ef601,APP_OPEN,,2025-05-10T12:16:20+07:00,APP
68c14835-b486-59cf-b3a2-dd1ccf43b993,abe8a9f0-c215-544a-aeb0-bfbd7de77974,CART_ADD,ITM-0047,2025-06-28T22:13:32+07:00,APP
1fa22bf2-1119-5b29-aca7-c79778f0b816,abe8a9f0-c215-544a-aeb0-bfbd7de77974,PRODUCT_VIEW,ITM-0099,2026-05-16T18:28:49+07:00,APP
0e83933e-e675-5935-9423-507508298621,b64d154d-a444-5e12-a0d0-d05607144fc7,APP_OPEN,,2025-12-31T06:05:14+07:00,APP
51256837-562c-5c01-a910-f263c8d1b95b,b64d154d-a444-5e12-a0d0-d05607144fc7,SEARCH,,2026-04-17T03:03:23+07:00,APP
b311e080-6d67-58b1-9aac-c6bf6adabe22,b64d154d-a444-5e12-a0d0-d05607144fc7,PRODUCT_VIEW,ITM-0032,2025-10-31T06:07:23+07:00,APP
a1192895-ae26-5b46-9f3c-2849198906d4,b64d154d-a444-5e12-a0d0-d05607144fc7,CART_ADD,ITM-0033,2025-04-16T21:53:47+07:00,APP
948bd22f-7954-5c7d-8bb9-b100d62e844d,b64d154d-a444-5e12-a0d0-d05607144fc7,CART_ADD,ITM-0070,2026-08-19T18:16:28+07:00,APP
f10debbf-725e-539d-be79-a1101f50e039,b64d154d-a444-5e12-a0d0-d05607144fc7,SEARCH,,2026-08-30T16:15:57+07:00,APP
2f1ea36b-c036-5ddc-8bbb-ef1be4f47043,b64d154d-a444-5e12-a0d0-d05607144fc7,APP_OPEN,,2025-09-22T16:40:01+07:00,APP
7a74449f-3232-590a-bc5f-43bac7873e8d,b64d154d-a444-5e12-a0d0-d05607144fc7,APP_OPEN,,2025-07-05T10:58:36+07:00,APP
9b800df9-10ec-5eb3-87c7-e02d0f2badb3,bdb5dc5b-f775-5792-b815-63938d776366,PRODUCT_VIEW,ITM-0078,2025-04-18T03:54:37+07:00,APP
40d1b33e-a0e6-589e-b913-026c09000d8a,bdb5dc5b-f775-5792-b815-63938d776366,PRODUCT_VIEW,ITM-0026,2026-05-20T16:01:14+07:00,APP
343e97d7-6bc2-537c-ae88-b38afab0237a,bdb5dc5b-f775-5792-b815-63938d776366,APP_OPEN,,2025-08-31T04:57:39+07:00,APP
50f8f499-a7b8-55fc-9bcf-524ea053502c,bdb5dc5b-f775-5792-b815-63938d776366,SEARCH,,2026-06-06T01:39:34+07:00,APP
f8839359-28f3-5666-8078-8265c190cbc9,bdb5dc5b-f775-5792-b815-63938d776366,SEARCH,,2026-07-27T03:57:27+07:00,APP
a064c606-9cbe-58ad-8661-72ec96e01a8a,bdb5dc5b-f775-5792-b815-63938d776366,PRODUCT_VIEW,ITM-0091,2025-12-31T14:56:50+07:00,APP
681a596a-27e6-5629-9ebc-271fdfbd4fa0,40a4772a-8a88-5d9e-b9a1-b4aa15d09f96,SEARCH,,2025-12-03T15:32:33+07:00,APP
5d1f822c-a505-54b1-abc7-9efdc2b43ae7,40a4772a-8a88-5d9e-b9a1-b4aa15d09f96,SEARCH,,2025-10-10T18:54:45+07:00,APP
7a499b23-dcbd-5d18-9ec2-e14e6f09028d,40a4772a-8a88-5d9e-b9a1-b4aa15d09f96,PRODUCT_VIEW,ITM-0039,2025-10-23T09:39:01+07:00,APP
f7e418ed-bcfa-5c3e-9b37-0a6e51305b0e,40a4772a-8a88-5d9e-b9a1-b4aa15d09f96,APP_OPEN,,2025-11-18T17:17:38+07:00,APP
b7f42300-06bc-50b7-80dd-a69f346b1fbe,40a4772a-8a88-5d9e-b9a1-b4aa15d09f96,CART_ADD,ITM-0011,2025-12-23T20:21:18+07:00,APP
f20e8419-53ee-51f2-b1b9-6ed15536c7fc,08d0fb29-067e-576e-abf5-cafd2888431d,CART_ADD,ITM-0036,2025-08-29T19:04:33+07:00,APP
3b0c9601-1234-5b11-a47b-15de0b84ecd9,08d0fb29-067e-576e-abf5-cafd2888431d,APP_OPEN,,2025-09-15T21:51:41+07:00,APP
f53cf5be-cc01-562d-8ddc-5be45a370274,00e4d6b7-79e4-5537-9863-e76dbb7ca4af,PRODUCT_VIEW,ITM-0022,2025-05-28T17:39:52+07:00,APP
d7bc1a6e-480c-5fd0-8a17-a6b3630888d3,00e4d6b7-79e4-5537-9863-e76dbb7ca4af,SEARCH,,2026-03-13T15:11:50+07:00,APP
62551dc6-909c-5ed4-9705-8bb0e26d2b81,00e4d6b7-79e4-5537-9863-e76dbb7ca4af,SEARCH,,2026-07-01T11:23:04+07:00,APP
c2791f79-6ced-52b4-993e-60a75552aee9,00e4d6b7-79e4-5537-9863-e76dbb7ca4af,CART_ADD,ITM-0058,2026-08-14T22:53:26+07:00,APP
b3ae2591-9991-5ff1-9be6-c9e98003689f,00e4d6b7-79e4-5537-9863-e76dbb7ca4af,CART_ADD,ITM-0081,2025-06-26T23:32:09+07:00,APP
a9e40fe7-0bd5-590f-b60e-f122d3efe474,2f294cb3-b7ee-5073-a255-dba3c86ed26f,CART_ADD,ITM-0010,2025-08-07T00:17:22+07:00,APP
68510400-9d45-50f1-964e-2a3dc5417fea,2f294cb3-b7ee-5073-a255-dba3c86ed26f,SEARCH,,2025-06-06T01:00:54+07:00,APP
2cf453e5-3816-5325-b7a5-0d220422fdea,2f294cb3-b7ee-5073-a255-dba3c86ed26f,APP_OPEN,,2025-05-25T05:29:20+07:00,APP
9ab9f679-66d0-5666-8a30-98b8b278cc3d,2f294cb3-b7ee-5073-a255-dba3c86ed26f,APP_OPEN,,2025-04-22T02:42:00+07:00,APP
753a6f6f-e318-5787-ae6d-d84e19635889,b2903f98-d257-5f42-b70b-0a37294ea691,PRODUCT_VIEW,ITM-0049,2026-03-22T13:47:51+07:00,APP
c86a5bd1-2286-5f2b-9696-91a610203564,b2903f98-d257-5f42-b70b-0a37294ea691,APP_OPEN,,2026-09-24T12:26:14+07:00,APP
3cf1a771-757f-53bf-adb9-7aea04201095,b2903f98-d257-5f42-b70b-0a37294ea691,APP_OPEN,,2025-10-16T17:27:48+07:00,APP
ce884c4d-1761-530e-82de-f8bc8513ea7c,ca97f69a-8fcb-5867-96a4-cfc6948f6de2,SEARCH,,2025-08-12T04:10:17+07:00,APP
3b31558c-b151-5896-b445-618d797c0c39,ca97f69a-8fcb-5867-96a4-cfc6948f6de2,SEARCH,,2026-09-04T02:24:28+07:00,APP
c877b7d6-703b-528d-94cf-525b74cc60a2,ca97f69a-8fcb-5867-96a4-cfc6948f6de2,CART_ADD,ITM-0043,2025-04-03T04:02:33+07:00,APP
ae636b9f-5832-5549-a7cb-8cbb0d8a4c4a,ca97f69a-8fcb-5867-96a4-cfc6948f6de2,PRODUCT_VIEW,ITM-0093,2025-11-19T04:42:50+07:00,APP
cfae6708-47a3-50af-94b8-df2a7fa5144a,ca97f69a-8fcb-5867-96a4-cfc6948f6de2,SEARCH,,2025-04-28T11:00:48+07:00,APP
61582c98-0113-5764-90e8-20fdcc0915ac,ca97f69a-8fcb-5867-96a4-cfc6948f6de2,PRODUCT_VIEW,ITM-0006,2026-02-10T01:16:33+07:00,APP
0da8e9d1-7e55-5f2d-b55f-546f3e32679a,ca97f69a-8fcb-5867-96a4-cfc6948f6de2,PRODUCT_VIEW,ITM-0017,2026-04-03T13:30:57+07:00,APP
7d69f877-660b-5992-a797-812ef86954f8,17a43159-3038-500c-a487-5f39ebf49e84,CART_ADD,ITM-0093,2026-01-08T19:27:54+07:00,APP
9867625d-3417-5fb2-81d1-9f0013b607ee,17a43159-3038-500c-a487-5f39ebf49e84,APP_OPEN,,2026-04-12T19:07:21+07:00,APP
92f99ac8-8cf7-5341-a8b9-e9187fbccfcd,17a43159-3038-500c-a487-5f39ebf49e84,SEARCH,,2025-09-22T15:43:38+07:00,APP
e866c949-ca2c-5a5a-aeed-fe9cc20dc290,17a43159-3038-500c-a487-5f39ebf49e84,SEARCH,,2026-07-19T03:28:59+07:00,APP
169b3a47-eb12-5278-bfb1-702ef3bbe246,17a43159-3038-500c-a487-5f39ebf49e84,CART_ADD,ITM-0058,2026-05-13T01:00:49+07:00,APP
9d03677e-7e53-58e8-b35c-0daeecaa2bba,17a43159-3038-500c-a487-5f39ebf49e84,SEARCH,,2026-05-10T19:06:16+07:00,APP
94ff4a56-766f-53b1-8628-0f3fb51725ed,17a43159-3038-500c-a487-5f39ebf49e84,APP_OPEN,,2025-11-21T07:06:46+07:00,APP
f95835a9-bb76-58c0-97cf-02534c8d2583,17a43159-3038-500c-a487-5f39ebf49e84,SEARCH,,2025-05-04T03:21:46+07:00,APP
9911b794-d727-58f0-9ebb-3c611d45ac87,bffa0b43-31d4-5819-90f2-87ca56599238,PRODUCT_VIEW,ITM-0049,2025-10-03T21:57:19+07:00,APP
083a3ddc-cfa2-52a8-8ddc-40567ff2040e,bffa0b43-31d4-5819-90f2-87ca56599238,SEARCH,,2025-04-03T21:25:19+07:00,APP
6e3025b2-f1e9-5016-bcaf-b95c84436e25,bffa0b43-31d4-5819-90f2-87ca56599238,CART_ADD,ITM-0024,2026-03-12T17:21:40+07:00,APP
03a87a84-8d14-5c21-a7b9-94268abe3897,bffa0b43-31d4-5819-90f2-87ca56599238,SEARCH,,2026-06-12T21:00:13+07:00,APP
730ef772-4925-5cd8-a55b-c228099850bd,bffa0b43-31d4-5819-90f2-87ca56599238,SEARCH,,2025-04-16T08:30:17+07:00,APP
0da8dcfb-60a5-529f-9292-11f0c86a4c61,bffa0b43-31d4-5819-90f2-87ca56599238,PRODUCT_VIEW,ITM-0068,2026-06-30T23:57:23+07:00,APP
a846a7ae-4de9-5541-9877-479455015983,3bc2f7a8-e07a-54e8-9e17-a7826da2965b,SEARCH,,2025-09-17T03:34:28+07:00,APP
90bd0e8c-8ab1-5fda-a75a-9f6c34abe6d0,c29d29b8-774e-53be-8a39-70c3507f59a6,PRODUCT_VIEW,ITM-0090,2026-07-31T05:57:51+07:00,APP
353bca8e-f136-5b0e-b67d-2f8ebd0c1fae,2e6c9eb1-4c19-53b0-9f4b-79b35fa3bdcb,APP_OPEN,,2025-06-02T18:53:50+07:00,APP
ad3b389c-f533-5fac-be05-0f586f2c261e,2e6c9eb1-4c19-53b0-9f4b-79b35fa3bdcb,PRODUCT_VIEW,ITM-0048,2025-08-19T03:42:09+07:00,APP
c6c34702-4bc9-5ecd-811f-6211d282d7f9,2e6c9eb1-4c19-53b0-9f4b-79b35fa3bdcb,PRODUCT_VIEW,ITM-0095,2026-06-06T13:14:10+07:00,APP
7fd8aa3e-347b-53b2-8333-3a6a9a86fd36,2e6c9eb1-4c19-53b0-9f4b-79b35fa3bdcb,CART_ADD,ITM-0025,2025-10-10T04:50:04+07:00,APP
471a1b20-c413-53cc-b73b-8c6591754df3,2e6c9eb1-4c19-53b0-9f4b-79b35fa3bdcb,SEARCH,,2025-11-19T06:03:02+07:00,APP
41afc342-05c8-51a9-9b74-05945047fbca,2e6c9eb1-4c19-53b0-9f4b-79b35fa3bdcb,CART_ADD,ITM-0023,2026-09-04T15:52:18+07:00,APP
d8695d0a-ee92-5590-bf40-d0acb86e5852,2e6c9eb1-4c19-53b0-9f4b-79b35fa3bdcb,PRODUCT_VIEW,ITM-0006,2025-07-04T17:59:47+07:00,APP
052ca498-e9ae-5cbd-8c09-9072e5b91237,adc00163-c67e-55b7-a03d-94f1579e8049,APP_OPEN,,2025-04-28T07:37:53+07:00,APP
62066937-52fa-58d4-88a7-f9c26a72707a,5f02c523-ff05-5ebf-aa91-fde7e367a5c5,CART_ADD,ITM-0083,2025-08-19T20:11:11+07:00,APP
22117896-58b5-5d33-9349-392088b31a92,5f02c523-ff05-5ebf-aa91-fde7e367a5c5,CART_ADD,ITM-0053,2026-02-25T18:47:48+07:00,APP
adf638ac-d564-5397-bc94-a40fc3850fe7,5f02c523-ff05-5ebf-aa91-fde7e367a5c5,CART_ADD,ITM-0067,2026-08-01T14:08:05+07:00,APP
000fc9ce-5e8a-5888-b153-80269f6809dc,5f02c523-ff05-5ebf-aa91-fde7e367a5c5,SEARCH,,2025-06-09T09:01:59+07:00,APP
76f1d892-5e97-5ed9-b300-b3da5e2ba3a1,5f02c523-ff05-5ebf-aa91-fde7e367a5c5,APP_OPEN,,2026-07-27T18:11:35+07:00,APP
4bf663c4-7771-504d-846b-0addb60ae2b4,5f02c523-ff05-5ebf-aa91-fde7e367a5c5,CART_ADD,ITM-0094,2025-08-16T09:24:10+07:00,APP
e89ac207-995c-5584-adc6-b05fefedd695,787abb4b-e9cd-5f25-a6e4-7f8a1fb0d0a7,SEARCH,,2026-09-27T03:52:14+07:00,APP
39d10dc5-f386-57b3-b4aa-dd8744c59b6b,787abb4b-e9cd-5f25-a6e4-7f8a1fb0d0a7,PRODUCT_VIEW,ITM-0059,2025-12-22T13:07:01+07:00,APP
58717021-7dfc-53b4-8203-33ae5eeb10fa,787abb4b-e9cd-5f25-a6e4-7f8a1fb0d0a7,PRODUCT_VIEW,ITM-0005,2025-12-24T13:18:21+07:00,APP
9d029a47-b4d1-5779-a211-0f6b9c1ca1c3,787abb4b-e9cd-5f25-a6e4-7f8a1fb0d0a7,PRODUCT_VIEW,ITM-0060,2026-01-28T23:54:27+07:00,APP
afc39c52-7841-58d8-a94b-34bc4909ab56,787abb4b-e9cd-5f25-a6e4-7f8a1fb0d0a7,CART_ADD,ITM-0085,2026-02-08T05:22:45+07:00,APP
e1e3d9b3-9235-5e64-9308-6e6c10a217dd,787abb4b-e9cd-5f25-a6e4-7f8a1fb0d0a7,PRODUCT_VIEW,ITM-0069,2026-02-27T02:12:35+07:00,APP
4b122b42-e395-5a8e-84f6-4a6a56cb474e,3f064f1f-ac40-5543-a79c-9729fde8f36f,CART_ADD,ITM-0082,2026-03-18T07:08:48+07:00,APP
a2e70074-6659-5885-946a-1b9bafd908d6,3f064f1f-ac40-5543-a79c-9729fde8f36f,PRODUCT_VIEW,ITM-0063,2025-11-20T08:10:42+07:00,APP
3cd0aa09-3666-5595-b560-fdd3804af316,3f064f1f-ac40-5543-a79c-9729fde8f36f,APP_OPEN,,2026-05-18T03:00:05+07:00,APP
b691a5ae-66ab-5faf-9e20-2f578faaf199,3f064f1f-ac40-5543-a79c-9729fde8f36f,APP_OPEN,,2026-09-29T01:20:20+07:00,APP
16be3531-1027-5ab5-8ca8-006025fe171c,308d29c0-06de-5fb8-8b07-f018cf5edf0c,SEARCH,,2025-12-08T16:28:56+07:00,APP
53f738c3-b49f-598e-ad5d-1502cc628185,308d29c0-06de-5fb8-8b07-f018cf5edf0c,PRODUCT_VIEW,ITM-0067,2026-08-12T10:33:09+07:00,APP
9b5e26f1-4650-5385-862a-2db760e0db45,308d29c0-06de-5fb8-8b07-f018cf5edf0c,APP_OPEN,,2026-08-07T06:01:26+07:00,APP
5ddf46b8-27cb-515f-8158-b55da1ee0bae,308d29c0-06de-5fb8-8b07-f018cf5edf0c,APP_OPEN,,2026-07-08T00:55:10+07:00,APP
56a72527-e885-5303-92e5-2f9777dd5c40,7872c932-5c3a-5aad-9783-5e54dad3b28c,CART_ADD,ITM-0002,2025-12-27T21:40:52+07:00,APP
b841c0b4-9eac-56ae-86ca-d8011fb900e1,7872c932-5c3a-5aad-9783-5e54dad3b28c,PRODUCT_VIEW,ITM-0086,2025-08-08T03:51:21+07:00,APP
efd22c9b-d704-5180-bfae-229bff284df6,7872c932-5c3a-5aad-9783-5e54dad3b28c,CART_ADD,ITM-0014,2026-08-28T09:16:55+07:00,APP
4e98f724-d837-501c-906b-7af0d210b892,7872c932-5c3a-5aad-9783-5e54dad3b28c,CART_ADD,ITM-0037,2026-06-02T15:01:45+07:00,APP
4e213500-e2b5-58a3-ad82-116d1f015a14,7872c932-5c3a-5aad-9783-5e54dad3b28c,SEARCH,,2026-02-25T21:33:33+07:00,APP
dc356773-60e5-576f-81de-d73e2b5e08b0,7872c932-5c3a-5aad-9783-5e54dad3b28c,APP_OPEN,,2025-11-28T01:37:53+07:00,APP
2c434854-64d0-5296-8f84-92dcc5a54e13,7872c932-5c3a-5aad-9783-5e54dad3b28c,APP_OPEN,,2026-02-21T15:22:09+07:00,APP
ee28446d-9b82-52c6-9b2e-6a350881da69,7872c932-5c3a-5aad-9783-5e54dad3b28c,CART_ADD,ITM-0016,2026-05-21T08:40:32+07:00,APP
cb4edb9e-8be0-5e4c-8334-db8ce59b92c7,f53214b4-b01f-5c1a-aebd-7b3696d098ce,APP_OPEN,,2025-11-22T08:02:18+07:00,APP
7196ec08-1276-5dd7-ad79-754f1a9d05eb,f53214b4-b01f-5c1a-aebd-7b3696d098ce,APP_OPEN,,2025-10-27T00:08:16+07:00,APP
5091443c-ce62-585b-8349-7a9d4df1a39f,f53214b4-b01f-5c1a-aebd-7b3696d098ce,SEARCH,,2025-07-18T23:34:29+07:00,APP
c54a7147-2022-56cf-b2bf-2dc2e7c85bb4,f53214b4-b01f-5c1a-aebd-7b3696d098ce,SEARCH,,2026-02-19T02:03:20+07:00,APP
42ec8b2b-78b0-5fc1-a3b3-42b3fe3bf039,f53214b4-b01f-5c1a-aebd-7b3696d098ce,APP_OPEN,,2025-09-24T13:48:17+07:00,APP
240cecb4-0d9e-5c76-88ee-ba11e6c37c94,619791db-4691-5c09-a7dd-e2cced046c19,PRODUCT_VIEW,ITM-0095,2026-09-02T13:01:19+07:00,APP
6b847c33-82d6-5cfd-b9f3-06861ba8692b,64ea2737-829d-5b6e-bf6f-5c504a0783e5,CART_ADD,ITM-0049,2025-09-05T14:27:17+07:00,APP
c8306a96-e69b-5ba8-9b04-e1194f95e9ff,64ea2737-829d-5b6e-bf6f-5c504a0783e5,CART_ADD,ITM-0015,2026-08-15T11:52:52+07:00,APP
f06ce7cc-1001-590a-aa57-6b3cd78fc1b5,64ea2737-829d-5b6e-bf6f-5c504a0783e5,SEARCH,,2025-05-29T00:14:50+07:00,APP
ef81a770-2bd2-5ae6-ad8d-6247e36b7873,64ea2737-829d-5b6e-bf6f-5c504a0783e5,CART_ADD,ITM-0098,2025-04-18T11:47:24+07:00,APP
e6ad0127-5944-5ce6-a6ce-2335351b5680,7c152c7c-65ae-5e73-941f-93424814771f,PRODUCT_VIEW,ITM-0094,2025-10-23T13:50:43+07:00,APP
26b07f1f-3c10-5f3b-be70-9c68bd76e28e,302e52a2-a140-5951-8e65-4c5d844a9e77,APP_OPEN,,2026-05-30T00:20:58+07:00,APP
eac57303-4076-5b8d-a79d-b515dae8e131,302e52a2-a140-5951-8e65-4c5d844a9e77,CART_ADD,ITM-0024,2026-02-06T17:07:11+07:00,APP
855efa90-056f-570e-977b-5abebdb5ea85,302e52a2-a140-5951-8e65-4c5d844a9e77,CART_ADD,ITM-0040,2026-09-06T12:16:49+07:00,APP
10838cbf-fc62-51fe-8c2d-c422f2b90050,302e52a2-a140-5951-8e65-4c5d844a9e77,PRODUCT_VIEW,ITM-0011,2025-06-08T21:17:43+07:00,APP
e62bfce3-94dd-54fc-a32d-1f318a1c1c28,302e52a2-a140-5951-8e65-4c5d844a9e77,PRODUCT_VIEW,ITM-0064,2026-03-09T22:56:39+07:00,APP
9c116b1c-04c5-54a0-ae24-f85a3bc88972,302e52a2-a140-5951-8e65-4c5d844a9e77,CART_ADD,ITM-0065,2026-01-10T11:30:05+07:00,APP
1ba1bce0-2bd1-56d2-8b14-affe9c03230e,302e52a2-a140-5951-8e65-4c5d844a9e77,PRODUCT_VIEW,ITM-0023,2026-07-23T23:12:57+07:00,APP
bb1d0940-958e-588d-b6f5-e4b0ddfc9a9c,377aa168-b8fc-52a9-a7ea-3d15a8bcf846,PRODUCT_VIEW,ITM-0095,2025-07-08T07:33:51+07:00,APP
5017bdb4-d760-523e-b7fc-7a0669bbdfda,377aa168-b8fc-52a9-a7ea-3d15a8bcf846,APP_OPEN,,2025-12-20T12:46:20+07:00,APP
bff4f448-fdd7-53cd-b890-3ca3f1e9504a,377aa168-b8fc-52a9-a7ea-3d15a8bcf846,CART_ADD,ITM-0017,2025-09-29T21:12:47+07:00,APP
69d2b4e5-04c2-5415-b4cc-93326f8f1bda,377aa168-b8fc-52a9-a7ea-3d15a8bcf846,CART_ADD,ITM-0083,2025-08-09T13:44:28+07:00,APP
dc31a616-ef9a-5026-b91e-ed9eb1f6b608,377aa168-b8fc-52a9-a7ea-3d15a8bcf846,APP_OPEN,,2025-10-27T18:19:41+07:00,APP
bdaf63c4-880c-58ab-9996-49e8a3ecc2be,377aa168-b8fc-52a9-a7ea-3d15a8bcf846,SEARCH,,2026-09-01T15:28:27+07:00,APP
83c1c946-e982-5a04-ae46-116a9b460a2f,670b8942-896a-5c0e-8f00-9ff498fd0d21,SEARCH,,2026-04-04T01:00:49+07:00,APP
022351fe-b87d-5f2e-9481-19f40e76f42b,670b8942-896a-5c0e-8f00-9ff498fd0d21,APP_OPEN,,2025-12-10T22:02:28+07:00,APP
1de1b915-8ce8-5863-8339-1a9e1c1c7d49,670b8942-896a-5c0e-8f00-9ff498fd0d21,CART_ADD,ITM-0016,2026-09-01T22:55:09+07:00,APP
7ae54549-abc4-576a-85d9-1e7d99512c5f,670b8942-896a-5c0e-8f00-9ff498fd0d21,APP_OPEN,,2026-03-21T06:27:17+07:00,APP
005c4f1b-2835-58d4-bd46-37ceaa943632,670b8942-896a-5c0e-8f00-9ff498fd0d21,CART_ADD,ITM-0054,2025-09-20T05:17:22+07:00,APP
b1af6c65-439f-5e2c-b7bd-2eaba8285eb1,ac87eebf-27b8-5303-b90e-8a5988e3f1bb,CART_ADD,ITM-0003,2026-02-15T10:24:10+07:00,APP
2261fa70-a717-5447-a093-8aec5bfe09a5,ac87eebf-27b8-5303-b90e-8a5988e3f1bb,SEARCH,,2025-06-24T08:04:29+07:00,APP
287df0bb-3e9f-592b-a7ff-a97bfc178364,ac87eebf-27b8-5303-b90e-8a5988e3f1bb,SEARCH,,2025-05-06T09:00:09+07:00,APP
cba50b73-088c-5738-8695-9d203fd16549,ac87eebf-27b8-5303-b90e-8a5988e3f1bb,CART_ADD,ITM-0070,2025-11-30T23:11:00+07:00,APP
31e59046-5c14-56a6-912e-e6abd9965fc3,6435995e-f61f-576c-b881-4d76b0ed47ff,SEARCH,,2025-07-23T18:36:22+07:00,APP
cacbc6f4-18e4-5c3f-81ab-967a582fb186,6435995e-f61f-576c-b881-4d76b0ed47ff,APP_OPEN,,2025-10-07T18:10:08+07:00,APP
9eca5c35-50f2-5320-bd7d-972e39446fdc,6435995e-f61f-576c-b881-4d76b0ed47ff,APP_OPEN,,2026-09-16T15:12:09+07:00,APP
9ec0f28a-8953-59bd-8dac-68bd29303ff0,6435995e-f61f-576c-b881-4d76b0ed47ff,CART_ADD,ITM-0031,2026-05-27T13:01:11+07:00,APP
abe6e2fb-2070-5f19-8a7c-258439e58ac2,6435995e-f61f-576c-b881-4d76b0ed47ff,SEARCH,,2026-07-21T07:09:17+07:00,APP
dde06c9e-56c4-54d2-93cf-2e895a48f058,bdfe8605-d0f9-5add-8f10-5f0ac759aa36,PRODUCT_VIEW,ITM-0024,2026-01-01T07:23:50+07:00,APP
988643e6-3154-56a5-a034-16e9e3e18c27,bdfe8605-d0f9-5add-8f10-5f0ac759aa36,PRODUCT_VIEW,ITM-0032,2026-06-29T23:07:40+07:00,APP
0659b30f-a61d-529e-aced-29d73682208e,e4edd1fa-7a0e-5671-a326-e16a13ad7cda,APP_OPEN,,2025-03-31T14:10:38+07:00,APP
b443f99f-dcf4-5268-95ff-11327feb491a,e4edd1fa-7a0e-5671-a326-e16a13ad7cda,SEARCH,,2025-04-17T07:52:00+07:00,APP
1103e41a-1fdc-5ce4-86d8-e1c3ba4977e0,e4edd1fa-7a0e-5671-a326-e16a13ad7cda,PRODUCT_VIEW,ITM-0065,2026-05-02T07:25:18+07:00,APP
28efee73-824c-507d-ad68-15fde2f1b59d,e4edd1fa-7a0e-5671-a326-e16a13ad7cda,CART_ADD,ITM-0008,2026-07-22T06:43:19+07:00,APP
9506453a-4bb5-5e39-ac7c-235e5c16d3d0,cf21fc58-2e1f-55fe-aa74-4c275d245666,SEARCH,,2026-02-27T09:41:18+07:00,APP
8718e5f4-ee01-5dcc-8e4f-e83307c6c6b9,cf21fc58-2e1f-55fe-aa74-4c275d245666,PRODUCT_VIEW,ITM-0016,2025-04-23T11:45:18+07:00,APP
c8630001-4e5c-5952-93a3-62d194c895a5,cf21fc58-2e1f-55fe-aa74-4c275d245666,SEARCH,,2025-11-06T18:33:55+07:00,APP
2c241c06-5e60-5f74-8866-e994e3cbc5ea,7e5462b7-4980-5296-b879-50881d6d17d2,CART_ADD,ITM-0037,2025-12-05T05:05:32+07:00,APP
3d4d43dc-8889-5216-a274-431166882827,2e16e285-eb79-51b8-a0dc-298f4c613579,CART_ADD,ITM-0026,2025-09-18T04:10:36+07:00,APP
6bd81efb-90c1-5ef3-b350-c8fea7b4726a,2e16e285-eb79-51b8-a0dc-298f4c613579,CART_ADD,ITM-0100,2025-09-29T20:59:31+07:00,APP
c4788293-48fe-5d45-b7ab-f1b976c26d7e,2e16e285-eb79-51b8-a0dc-298f4c613579,PRODUCT_VIEW,ITM-0050,2025-07-08T23:27:30+07:00,APP
9f81788c-2324-50f0-b855-bfdabf84bff7,2e16e285-eb79-51b8-a0dc-298f4c613579,APP_OPEN,,2025-09-18T02:41:06+07:00,APP
1cc7bd61-865a-59b9-9147-fb33a321e8d0,2e16e285-eb79-51b8-a0dc-298f4c613579,CART_ADD,ITM-0062,2026-08-01T16:20:47+07:00,APP
ed6f7d57-ee5b-5a8d-8ae1-83c96571e4f8,6f05bf20-224b-55b2-a548-5a2eb7b697c1,SEARCH,,2026-03-16T00:04:19+07:00,APP
2d425c9b-9731-5dab-af24-c6483c68f66f,6f05bf20-224b-55b2-a548-5a2eb7b697c1,SEARCH,,2025-09-02T08:15:18+07:00,APP
88aef7c7-7ed9-59d5-8a77-7319e622fe29,6f05bf20-224b-55b2-a548-5a2eb7b697c1,SEARCH,,2026-05-17T20:27:50+07:00,APP
a23ff132-43b8-596e-a433-a81b4b0f6939,6f05bf20-224b-55b2-a548-5a2eb7b697c1,CART_ADD,ITM-0053,2025-07-22T16:40:27+07:00,APP
65963f51-803c-5599-bd9d-18d1e358a001,6f05bf20-224b-55b2-a548-5a2eb7b697c1,CART_ADD,ITM-0022,2025-12-15T02:08:25+07:00,APP
b468bc1f-a785-548f-8f56-e2cef3e15ef9,6f05bf20-224b-55b2-a548-5a2eb7b697c1,APP_OPEN,,2026-04-23T01:35:57+07:00,APP
b14fa02b-aa02-5c52-88df-8f7fc28d6b83,ae3c9ae7-c719-5f1c-92ea-fbde1af3f58b,APP_OPEN,,2026-02-24T17:00:08+07:00,APP
4598fb2a-2434-5151-ade2-ffb50ed377ce,ae3c9ae7-c719-5f1c-92ea-fbde1af3f58b,SEARCH,,2026-02-26T17:14:24+07:00,APP
47592cb9-f66b-5117-acd3-a8bd2129e06e,ae3c9ae7-c719-5f1c-92ea-fbde1af3f58b,PRODUCT_VIEW,ITM-0053,2026-04-24T07:26:31+07:00,APP
0d584e3b-aba5-5235-b983-7184b7685ff6,ae3c9ae7-c719-5f1c-92ea-fbde1af3f58b,SEARCH,,2025-07-11T00:06:02+07:00,APP
370bab3d-5ca1-58ee-aeee-577a5abf0280,fef96945-8bdf-53d0-984e-03ab684ae157,APP_OPEN,,2026-06-10T02:48:28+07:00,APP
0229906c-fe59-5e12-ba6c-d3b339d1a44a,fef96945-8bdf-53d0-984e-03ab684ae157,PRODUCT_VIEW,ITM-0015,2026-09-21T08:51:04+07:00,APP
e9861556-84f4-5331-beb5-a2ad733df794,a17a814b-ca29-5293-95f2-bc3ef7f5f7ed,PRODUCT_VIEW,ITM-0099,2025-09-05T00:37:21+07:00,APP
0c4e80e1-0ea2-5be8-8b34-6a9a235cecdb,a17a814b-ca29-5293-95f2-bc3ef7f5f7ed,CART_ADD,ITM-0064,2026-05-02T05:37:33+07:00,APP
88cf25e5-d044-5e7a-832e-e2fd07b353ba,a17a814b-ca29-5293-95f2-bc3ef7f5f7ed,SEARCH,,2025-05-01T08:00:31+07:00,APP
da11205e-6d2f-54c4-bb3a-0f4f982fb35c,a17a814b-ca29-5293-95f2-bc3ef7f5f7ed,SEARCH,,2026-05-10T01:50:27+07:00,APP
bd63634f-1a77-54ea-ae42-19bad147af8d,a17a814b-ca29-5293-95f2-bc3ef7f5f7ed,CART_ADD,ITM-0097,2026-07-27T06:42:25+07:00,APP
f6babd78-137e-53cb-a933-6b9c46be5744,a17a814b-ca29-5293-95f2-bc3ef7f5f7ed,CART_ADD,ITM-0078,2026-04-18T10:52:17+07:00,APP
57c0acb0-dbd0-508c-9ade-3c81d7fd8905,a17a814b-ca29-5293-95f2-bc3ef7f5f7ed,CART_ADD,ITM-0054,2026-03-17T14:03:14+07:00,APP
51462cd1-fbb1-535d-9d69-1c7a709cab3a,315acc32-1bf7-5fa4-9892-91a67efc7aa8,PRODUCT_VIEW,ITM-0072,2025-11-06T19:40:07+07:00,APP
c408e3bf-91d6-5796-9e6b-5802019e6490,315acc32-1bf7-5fa4-9892-91a67efc7aa8,APP_OPEN,,2026-08-09T18:00:47+07:00,APP
cd5cebfd-1f9a-5c02-8c9c-951189b30d56,315acc32-1bf7-5fa4-9892-91a67efc7aa8,CART_ADD,ITM-0071,2025-06-16T22:29:54+07:00,APP
769292e9-ebf6-5066-898f-42dd03ef2a88,315acc32-1bf7-5fa4-9892-91a67efc7aa8,PRODUCT_VIEW,ITM-0093,2026-05-15T07:21:26+07:00,APP
1e4933be-1378-5ca7-9abe-839de0fb8196,315acc32-1bf7-5fa4-9892-91a67efc7aa8,PRODUCT_VIEW,ITM-0064,2025-12-09T00:16:26+07:00,APP
5895f2d2-f7b3-5a27-a589-0cdf80bb49ad,315acc32-1bf7-5fa4-9892-91a67efc7aa8,SEARCH,,2025-12-16T09:25:23+07:00,APP
01bef74a-57e0-5b5c-a353-e85dff5b463c,315acc32-1bf7-5fa4-9892-91a67efc7aa8,APP_OPEN,,2025-08-03T20:28:07+07:00,APP
3ac32f7f-32d6-5af8-aba1-882aa1877b39,1163aea9-132f-5977-a8f0-4ab7b72ba8d9,PRODUCT_VIEW,ITM-0004,2025-04-17T14:09:31+07:00,APP
b762c9bc-c65b-5880-b68f-73e0dd22cbf1,97bf2aab-563e-50fc-be61-233e7a5b8b5d,CART_ADD,ITM-0093,2025-11-12T03:06:57+07:00,APP
0f9b81a9-981b-5d0c-b5b0-edd0c671b2a7,97bf2aab-563e-50fc-be61-233e7a5b8b5d,APP_OPEN,,2025-09-14T10:24:35+07:00,APP
bac08499-7b50-5a03-93d0-15d11e654467,97bf2aab-563e-50fc-be61-233e7a5b8b5d,CART_ADD,ITM-0036,2026-05-18T10:42:21+07:00,APP
06b22308-f1d7-5c62-99b9-76e0619e83d4,97bf2aab-563e-50fc-be61-233e7a5b8b5d,CART_ADD,ITM-0057,2026-02-10T03:01:18+07:00,APP
1e894b19-cd20-5698-ac9a-1c8326911992,97bf2aab-563e-50fc-be61-233e7a5b8b5d,APP_OPEN,,2026-01-11T07:08:28+07:00,APP
992c857c-3b9d-59ad-82a3-3bbe3097223d,97bf2aab-563e-50fc-be61-233e7a5b8b5d,PRODUCT_VIEW,ITM-0033,2025-07-06T02:00:53+07:00,APP
80919b1f-5177-5aab-b8ef-d0a9e1f4b84c,afb6867c-6ea7-5689-8d19-e48575b1a4ca,CART_ADD,ITM-0099,2026-02-05T11:04:47+07:00,APP
9fdfc3da-3d27-54aa-bb43-cc8ffbf0c907,7b2c03cc-cdec-589b-8be7-bface9e49905,CART_ADD,ITM-0038,2026-02-13T19:17:05+07:00,APP
3e82c2e9-fa3e-50de-bfd4-ab30f5bcc726,7b2c03cc-cdec-589b-8be7-bface9e49905,PRODUCT_VIEW,ITM-0066,2026-06-03T12:54:58+07:00,APP
a0fbdaf7-2a5e-5497-95f0-ffb098e7de73,4ed5e7e6-ce4d-5d71-b301-83d44502f7a4,APP_OPEN,,2025-11-21T10:13:36+07:00,APP
615235cc-1f89-5061-aff4-974f02f3e6ec,9be59321-26de-556f-ba82-efbbdcc7c098,SEARCH,,2025-05-10T21:13:16+07:00,APP
a0c5b272-b818-52bd-9459-ede753889882,9be59321-26de-556f-ba82-efbbdcc7c098,PRODUCT_VIEW,ITM-0045,2026-09-16T01:06:15+07:00,APP
eb9ad216-0deb-5609-a845-24058d17c9a2,9be59321-26de-556f-ba82-efbbdcc7c098,CART_ADD,ITM-0087,2026-05-27T22:54:32+07:00,APP
24ebaaa9-821f-5a17-bd8a-507f4ac0fe38,9be59321-26de-556f-ba82-efbbdcc7c098,APP_OPEN,,2026-04-28T05:39:54+07:00,APP
2c121226-fa2d-5157-8c1f-6a392022bfef,30149f04-3ca7-5fa4-abf0-6f78478bdcbe,CART_ADD,ITM-0049,2026-07-06T09:31:12+07:00,APP
ff37d236-37eb-5df7-be77-908155683b51,15f11ccf-b704-56ef-9316-9976710dc9d9,PRODUCT_VIEW,ITM-0061,2026-04-20T19:13:14+07:00,APP
38e128fe-1567-5151-9b2c-22e6f8e2ba3a,15f11ccf-b704-56ef-9316-9976710dc9d9,PRODUCT_VIEW,ITM-0085,2025-08-03T20:32:38+07:00,APP
817072b3-52a1-5e5c-a2ee-7433ed47a9d4,15f11ccf-b704-56ef-9316-9976710dc9d9,CART_ADD,ITM-0019,2025-07-16T16:33:26+07:00,APP
34d9dd18-ff4d-5f76-8176-06fb5b1d7bc2,15f11ccf-b704-56ef-9316-9976710dc9d9,PRODUCT_VIEW,ITM-0020,2026-08-07T20:15:31+07:00,APP
7eb824be-d632-57ba-8558-c2e94463a3c8,15f11ccf-b704-56ef-9316-9976710dc9d9,CART_ADD,ITM-0031,2025-06-11T19:38:58+07:00,APP
8935dd44-f11b-5498-8285-c71056b34924,efb1fbd6-199e-5a87-a614-0b94da7254ef,PRODUCT_VIEW,ITM-0030,2025-05-13T12:49:02+07:00,APP
9364e9b6-9483-55c8-b68e-f07ab7bc84d3,efb1fbd6-199e-5a87-a614-0b94da7254ef,APP_OPEN,,2025-09-18T22:05:07+07:00,APP
46ddd59d-0bba-561d-bd94-7acf9223352a,efb1fbd6-199e-5a87-a614-0b94da7254ef,PRODUCT_VIEW,ITM-0057,2026-08-01T10:15:45+07:00,APP
d8e7a0f3-7b89-5cef-aef8-1f66e5b5a0fa,efb1fbd6-199e-5a87-a614-0b94da7254ef,CART_ADD,ITM-0088,2025-12-09T15:36:40+07:00,APP
c35e58b3-304b-5e66-9b0b-c5a7ee6e6850,efb1fbd6-199e-5a87-a614-0b94da7254ef,SEARCH,,2025-04-05T13:18:35+07:00,APP
0e879692-d7a9-53a2-a798-d7708c5b818b,efb1fbd6-199e-5a87-a614-0b94da7254ef,SEARCH,,2026-08-01T15:04:27+07:00,APP
f06867ec-f8c5-5a7a-907e-54fdaf3f91ef,efb1fbd6-199e-5a87-a614-0b94da7254ef,APP_OPEN,,2025-07-29T16:32:18+07:00,APP
5d0bb2b5-3db9-5745-b2ef-60f3ea2ad7c8,d35467fd-a691-51ab-9ed0-2bdfb500b28f,APP_OPEN,,2026-06-13T01:03:52+07:00,APP
b8346f6e-1e0e-5434-bd20-a3b5b73c091b,d35467fd-a691-51ab-9ed0-2bdfb500b28f,CART_ADD,ITM-0070,2025-08-10T18:36:09+07:00,APP
595ee1e1-523b-5a28-b890-6198808556a7,d35467fd-a691-51ab-9ed0-2bdfb500b28f,APP_OPEN,,2025-05-10T15:00:40+07:00,APP
5a74f7bd-cd3e-578a-a2fe-dc7c0fd1c88e,9559f3fb-8cd9-5f77-928e-6cc9887d41c9,SEARCH,,2026-09-22T04:24:18+07:00,APP
a1bfab74-9427-5195-8caf-cb165ee0f3a8,9559f3fb-8cd9-5f77-928e-6cc9887d41c9,SEARCH,,2025-10-11T14:46:55+07:00,APP
a880379a-cc6b-58cd-854c-f49cb6e48a66,dd5a6bcc-bfa4-5807-85f1-6fe3150deee1,APP_OPEN,,2025-11-13T01:32:58+07:00,APP
eb29297b-2273-5bfb-8ec6-595332bd52ea,dd5a6bcc-bfa4-5807-85f1-6fe3150deee1,SEARCH,,2025-09-26T16:41:59+07:00,APP
21c0d07f-94dc-5d14-bf59-a4ea2bd1e3c4,a911c6dd-96f0-5a62-b8e6-fc13e23734ca,CART_ADD,ITM-0090,2026-09-23T04:30:12+07:00,APP
64d72aa4-f954-52e4-91ad-df3aa075bf3e,a911c6dd-96f0-5a62-b8e6-fc13e23734ca,PRODUCT_VIEW,ITM-0033,2026-04-13T02:31:16+07:00,APP
b78bddd9-fb58-5949-bdd9-230e94a88575,61d9447b-2d3e-54a7-a2e8-1b98296d1134,SEARCH,,2025-05-21T16:23:50+07:00,APP
30ef542f-f87d-5207-90e2-a20e0ad37da9,61d9447b-2d3e-54a7-a2e8-1b98296d1134,CART_ADD,ITM-0020,2026-01-09T13:14:39+07:00,APP
8976c1a2-d388-563d-bf3f-9fee2e79f67e,7473da57-0299-56d9-b4e3-c22b5f644373,PRODUCT_VIEW,ITM-0042,2025-10-21T12:26:31+07:00,APP
f647af7d-45e2-5125-bffe-0c69955df754,7473da57-0299-56d9-b4e3-c22b5f644373,SEARCH,,2025-09-22T14:37:29+07:00,APP
080b5d82-2fca-5542-b90b-8c290fe4884e,54b176d8-2eec-5f33-b383-e951d73cfca8,PRODUCT_VIEW,ITM-0008,2026-07-18T20:11:40+07:00,APP
0cf5f2bf-288b-5dfd-827b-2f88dc6e3cbc,54b176d8-2eec-5f33-b383-e951d73cfca8,SEARCH,,2026-04-06T05:18:43+07:00,APP
0c2667dd-1786-57c1-bc47-ab99d115df44,54b176d8-2eec-5f33-b383-e951d73cfca8,APP_OPEN,,2026-04-17T03:21:56+07:00,APP
5163e81e-a80e-5025-b00e-5d1f87c164ae,54b176d8-2eec-5f33-b383-e951d73cfca8,SEARCH,,2025-06-10T22:16:19+07:00,APP
0ee236d6-6f59-56c6-b531-1b4f6f6d8d79,54b176d8-2eec-5f33-b383-e951d73cfca8,APP_OPEN,,2025-10-19T20:02:49+07:00,APP
ffdca9ec-ee3f-52ed-9935-4373fffa40ad,54b176d8-2eec-5f33-b383-e951d73cfca8,CART_ADD,ITM-0072,2025-08-18T16:00:53+07:00,APP
3fcaa3e4-a337-541e-b44a-8403bafcbdd8,35e32049-130f-54fa-831a-2fb845b52c55,APP_OPEN,,2026-05-05T03:12:12+07:00,APP
5fc6518d-1e66-5e40-b9cf-acabb9809ea3,35e32049-130f-54fa-831a-2fb845b52c55,PRODUCT_VIEW,ITM-0004,2026-06-06T12:23:59+07:00,APP
c23e5cbb-51c7-5a72-871f-6ae24f9b80fa,35e32049-130f-54fa-831a-2fb845b52c55,APP_OPEN,,2026-02-13T19:39:10+07:00,APP
b526e7f4-8d49-50f1-a32d-5a102c7a5f2d,95a4c12b-a3bc-555c-8468-e40469672b1a,SEARCH,,2025-07-26T07:10:21+07:00,APP
0e625310-cb84-592a-b139-a8eaa23d3199,95a4c12b-a3bc-555c-8468-e40469672b1a,PRODUCT_VIEW,ITM-0007,2026-09-07T08:06:44+07:00,APP
8c6745eb-8882-5621-9fae-ca2a72aa5ff0,4f05af49-43cf-5cfe-8200-93f4eee8c1a3,PRODUCT_VIEW,ITM-0042,2026-06-20T10:32:15+07:00,APP
d34f19d1-00cf-5591-8acc-b6ac2a56a744,4f05af49-43cf-5cfe-8200-93f4eee8c1a3,CART_ADD,ITM-0089,2026-08-29T02:56:03+07:00,APP
0d338e0f-419b-503a-b0eb-2708d2496e4a,4f05af49-43cf-5cfe-8200-93f4eee8c1a3,PRODUCT_VIEW,ITM-0035,2025-08-24T21:43:45+07:00,APP
8a7da951-e43a-5825-b8e9-bc1d627228ee,4f05af49-43cf-5cfe-8200-93f4eee8c1a3,PRODUCT_VIEW,ITM-0092,2025-04-04T15:40:17+07:00,APP
edc7cc71-44a8-52cb-bff5-3f1ab2aac030,4f05af49-43cf-5cfe-8200-93f4eee8c1a3,APP_OPEN,,2026-06-22T12:24:40+07:00,APP
cfce4931-f12b-58c4-9032-1d17be5c38d5,4f05af49-43cf-5cfe-8200-93f4eee8c1a3,CART_ADD,ITM-0038,2025-10-24T03:48:03+07:00,APP
785d11cd-b4cb-53fa-90c0-6c1046818f73,4f05af49-43cf-5cfe-8200-93f4eee8c1a3,SEARCH,,2025-10-08T20:37:36+07:00,APP
31117d99-f6f4-5270-aee5-16fa219a5ffe,4f05af49-43cf-5cfe-8200-93f4eee8c1a3,PRODUCT_VIEW,ITM-0023,2026-07-30T01:16:57+07:00,APP
b40f135b-c2dd-5c8b-8757-c9c3295dd20e,181bf038-cb93-516d-9797-fa192c162d74,PRODUCT_VIEW,ITM-0017,2026-07-01T06:34:53+07:00,APP
1d612c44-9da1-5d36-bf03-96b3b967cd09,181bf038-cb93-516d-9797-fa192c162d74,PRODUCT_VIEW,ITM-0062,2025-12-18T10:06:50+07:00,APP
96497964-aa8d-5e50-a497-8152db7e6584,181bf038-cb93-516d-9797-fa192c162d74,SEARCH,,2025-11-24T09:32:07+07:00,APP
0a61a5cb-d959-5bfc-af51-e5842df3b95d,3c383cbb-6a11-59a9-be18-43f3321976bd,PRODUCT_VIEW,ITM-0066,2026-07-20T15:50:32+07:00,APP
c0f1a4f3-1707-5f7a-bb31-71e418777fc4,3c383cbb-6a11-59a9-be18-43f3321976bd,PRODUCT_VIEW,ITM-0048,2026-06-05T18:03:01+07:00,APP
82bee626-1aee-5b17-bebc-122ec43423bf,3c383cbb-6a11-59a9-be18-43f3321976bd,CART_ADD,ITM-0067,2025-07-26T09:40:21+07:00,APP
dcee05b6-5a36-595a-896a-4b2ce8d6b400,3c383cbb-6a11-59a9-be18-43f3321976bd,APP_OPEN,,2025-07-18T21:32:14+07:00,APP
0bb63f59-3324-53a0-9394-205a6a2ee60f,3c383cbb-6a11-59a9-be18-43f3321976bd,APP_OPEN,,2026-05-05T22:45:04+07:00,APP
4e508f16-aa18-5a26-a0d0-1dadeafc5887,3c383cbb-6a11-59a9-be18-43f3321976bd,PRODUCT_VIEW,ITM-0038,2025-10-20T23:13:00+07:00,APP
c1b9c0db-5f37-55f9-bb98-aad3587fce1d,3c383cbb-6a11-59a9-be18-43f3321976bd,APP_OPEN,,2025-12-05T18:52:31+07:00,APP
245d0f50-c485-5c8d-9cdd-2103118f1225,3c383cbb-6a11-59a9-be18-43f3321976bd,SEARCH,,2026-03-28T21:56:18+07:00,APP
10e09ce1-664c-5d3d-b455-29d795374c5b,8a0f42de-479c-55d9-8807-dd46f935b7b2,APP_OPEN,,2025-04-23T11:29:56+07:00,APP
afd501ef-050f-596f-b338-2a54afb6a0e2,8a0f42de-479c-55d9-8807-dd46f935b7b2,CART_ADD,ITM-0030,2026-09-24T15:25:37+07:00,APP
9f27ec00-75a6-5aca-8a3d-05b8a517c42f,e32d3381-316d-5d0d-9369-4ef66aa24272,CART_ADD,ITM-0028,2025-08-14T13:36:53+07:00,APP
b1e41431-dbe6-5854-a441-6b09b2fb40e3,e32d3381-316d-5d0d-9369-4ef66aa24272,PRODUCT_VIEW,ITM-0032,2025-06-07T08:20:56+07:00,APP
7d81ede6-ed38-58ca-8f3e-f0f3c3aea474,e32d3381-316d-5d0d-9369-4ef66aa24272,PRODUCT_VIEW,ITM-0052,2026-02-12T08:11:15+07:00,APP
1a3f31a0-aaa3-5f0a-a376-6a16a2548f9c,e32d3381-316d-5d0d-9369-4ef66aa24272,CART_ADD,ITM-0099,2025-05-05T20:19:34+07:00,APP
83aaa9c2-6380-56e8-a2e4-a581ae1e6d01,e32d3381-316d-5d0d-9369-4ef66aa24272,SEARCH,,2026-09-05T19:59:15+07:00,APP
9cfe113f-6f3b-5ae1-ae4f-c8d0b53dc174,e32d3381-316d-5d0d-9369-4ef66aa24272,APP_OPEN,,2025-06-14T01:42:24+07:00,APP
36507eb9-c930-5f77-8748-e6cc4dc7da4d,46cc489d-5f8a-5c30-9617-1730212529f3,APP_OPEN,,2026-07-17T02:57:35+07:00,APP
c4decc4b-6cfb-5ce2-8e20-5f84d3b39276,46cc489d-5f8a-5c30-9617-1730212529f3,PRODUCT_VIEW,ITM-0057,2026-07-26T01:29:02+07:00,APP
4a7b408e-1569-57d5-b388-fb6e903217a0,46cc489d-5f8a-5c30-9617-1730212529f3,SEARCH,,2025-10-09T03:16:18+07:00,APP
e7653ff8-9d85-52e1-b522-c1b6941f0ba5,46cc489d-5f8a-5c30-9617-1730212529f3,APP_OPEN,,2025-07-31T22:35:25+07:00,APP
96a8ea19-d6ae-5f19-90a2-eb36806119d5,46cc489d-5f8a-5c30-9617-1730212529f3,APP_OPEN,,2026-05-11T09:27:02+07:00,APP
359363a6-7d60-5c50-bd10-c1f347d9b910,0dd31fe4-605f-5152-b7bc-319efb0e05e5,CART_ADD,ITM-0057,2025-05-20T17:21:08+07:00,APP
7f48c213-b7a0-5b1a-996f-50d818ee2914,0dd31fe4-605f-5152-b7bc-319efb0e05e5,APP_OPEN,,2026-05-03T20:30:09+07:00,APP
05802d3b-1f07-5cf4-ab52-62a66c6dbe5a,07ba9ec6-af89-56ae-8578-1247b7f2521b,PRODUCT_VIEW,ITM-0001,2026-07-13T09:52:47+07:00,APP
cbaad62b-33f1-5d80-8438-35134e9ae00a,07ba9ec6-af89-56ae-8578-1247b7f2521b,SEARCH,,2026-01-30T17:36:05+07:00,APP
4f0adbb9-4969-5bd4-925d-104c40084b1a,07ba9ec6-af89-56ae-8578-1247b7f2521b,CART_ADD,ITM-0037,2026-01-19T15:41:39+07:00,APP
27715d1e-6bcb-514b-85cb-8a9cced68a3c,07ba9ec6-af89-56ae-8578-1247b7f2521b,APP_OPEN,,2026-03-11T19:10:32+07:00,APP
c90e6049-a6d4-57dd-9fd6-c92e7fde5a25,07ba9ec6-af89-56ae-8578-1247b7f2521b,SEARCH,,2026-01-06T20:44:37+07:00,APP
32319b9d-3c3a-5580-97ed-a04af84834b1,c5b8043a-42f4-59a6-9b34-c4a1bf81965d,CART_ADD,ITM-0019,2025-04-15T20:35:44+07:00,APP
fea81473-f5cb-557b-9d30-3bc4a7eca540,c5b8043a-42f4-59a6-9b34-c4a1bf81965d,PRODUCT_VIEW,ITM-0096,2026-05-17T01:10:54+07:00,APP
ffe92067-4d61-5e48-afe5-93e9b55293b4,c5b8043a-42f4-59a6-9b34-c4a1bf81965d,PRODUCT_VIEW,ITM-0025,2025-04-10T08:52:02+07:00,APP
2d14a0d7-4b73-5fe6-918b-5558e11c4b5a,c5b8043a-42f4-59a6-9b34-c4a1bf81965d,SEARCH,,2025-07-18T14:59:13+07:00,APP
66cad492-8e0b-51c8-b1dc-4db5cc9cb107,c5b8043a-42f4-59a6-9b34-c4a1bf81965d,CART_ADD,ITM-0093,2026-01-14T00:02:47+07:00,APP
d6ef26fb-9429-5c00-98cf-1718486e646f,84a613a6-0ee5-562b-9401-5856cf8d7d1c,PRODUCT_VIEW,ITM-0054,2026-06-13T18:02:15+07:00,APP
97a98cc5-4024-512b-b5bc-371aa6c41138,84a613a6-0ee5-562b-9401-5856cf8d7d1c,APP_OPEN,,2025-09-07T12:31:32+07:00,APP
73bf6011-96a2-5a86-a666-a44abf65ac9b,84a613a6-0ee5-562b-9401-5856cf8d7d1c,CART_ADD,ITM-0095,2026-06-15T20:33:32+07:00,APP
687c1791-d69a-52e4-85d6-5022c83b582f,669d45f7-410a-507d-b167-c25c011facac,CART_ADD,ITM-0100,2025-10-06T18:37:28+07:00,APP
e6d2d77f-d98f-534d-bac8-f46b59db7ea1,669d45f7-410a-507d-b167-c25c011facac,APP_OPEN,,2025-04-14T07:19:44+07:00,APP
c54abf60-752a-50e7-abfd-0feb16673493,669d45f7-410a-507d-b167-c25c011facac,PRODUCT_VIEW,ITM-0013,2025-09-24T19:04:19+07:00,APP
915bc970-b9d4-56c0-8713-620b8378b61c,669d45f7-410a-507d-b167-c25c011facac,CART_ADD,ITM-0041,2026-03-23T20:40:33+07:00,APP
97b3dd3e-da3c-5b75-9159-be3d9c45a2c3,669d45f7-410a-507d-b167-c25c011facac,SEARCH,,2026-02-16T22:50:44+07:00,APP
e111974c-effd-5e5d-84d4-5225a7ea2cad,24fdc701-ed9e-5209-aac1-f740e1648282,APP_OPEN,,2025-09-16T13:09:18+07:00,APP
d2683a2d-a3b5-58bc-9026-075ec354dd71,24fdc701-ed9e-5209-aac1-f740e1648282,APP_OPEN,,2026-09-10T14:08:13+07:00,APP
8080f2e5-f925-503e-bbaf-acafb8082d47,24fdc701-ed9e-5209-aac1-f740e1648282,APP_OPEN,,2026-04-06T00:38:16+07:00,APP
5a0d04df-f5c0-5f78-88b5-94593a980611,24fdc701-ed9e-5209-aac1-f740e1648282,CART_ADD,ITM-0005,2026-01-20T16:05:03+07:00,APP
ccc2fbc3-418f-5591-b239-f4e562106343,24fdc701-ed9e-5209-aac1-f740e1648282,SEARCH,,2026-06-03T02:11:35+07:00,APP
a6ea9e7f-ef8a-5a72-b3a4-15012702f40d,24fdc701-ed9e-5209-aac1-f740e1648282,APP_OPEN,,2026-09-18T11:10:31+07:00,APP
9459b0f5-c881-5778-a11c-e6f0525f29f8,24fdc701-ed9e-5209-aac1-f740e1648282,CART_ADD,ITM-0018,2026-07-05T01:29:22+07:00,APP
7d0919b2-a308-576b-b123-2da40612b5db,24fdc701-ed9e-5209-aac1-f740e1648282,PRODUCT_VIEW,ITM-0004,2026-07-09T13:28:59+07:00,APP
b0a1d2cf-9674-5803-a157-42f7038203ba,c53b4bd0-b2c8-5dbd-8544-761df378650e,APP_OPEN,,2026-01-06T11:19:46+07:00,APP
ad6769fc-7255-5a04-bf12-0f02bfdfffd5,c53b4bd0-b2c8-5dbd-8544-761df378650e,PRODUCT_VIEW,ITM-0051,2025-10-29T09:17:58+07:00,APP
2624de19-ae91-5646-8f56-5c10b2352d14,c53b4bd0-b2c8-5dbd-8544-761df378650e,SEARCH,,2025-12-19T03:48:23+07:00,APP
2a97838a-73de-5eff-9632-70ae7f91978c,c53b4bd0-b2c8-5dbd-8544-761df378650e,SEARCH,,2026-08-06T04:55:50+07:00,APP
de114128-fa42-52f9-87a9-2a13a601f035,8ec5e710-75ce-5a43-acbb-f713f6586df3,PRODUCT_VIEW,ITM-0082,2026-06-25T15:39:40+07:00,APP
5feb96ce-d68e-5223-aa9f-b0b869130f83,8ec5e710-75ce-5a43-acbb-f713f6586df3,PRODUCT_VIEW,ITM-0040,2025-09-18T09:17:35+07:00,APP
09d08770-6119-543f-a7c2-cad53ea167eb,8ec5e710-75ce-5a43-acbb-f713f6586df3,SEARCH,,2025-11-16T04:56:27+07:00,APP
46d43589-65f3-520e-8a91-5f410560a78f,8ec5e710-75ce-5a43-acbb-f713f6586df3,CART_ADD,ITM-0094,2025-10-11T01:46:12+07:00,APP
fab4a859-89e3-562c-a75e-61be1f4b63ec,8ec5e710-75ce-5a43-acbb-f713f6586df3,APP_OPEN,,2026-01-20T07:44:18+07:00,APP
0f5e0a2a-cde0-52b2-a0cb-4644a68f6550,8ec5e710-75ce-5a43-acbb-f713f6586df3,APP_OPEN,,2026-04-11T11:21:45+07:00,APP
a83efa4e-dcd6-50c1-8004-98763bc52d94,400b03be-0d39-523f-a703-4e94e311ed5a,APP_OPEN,,2025-12-18T04:35:18+07:00,APP
8c356f29-4050-59a2-91f7-21dfd1165623,8fd67d99-25c2-5770-a520-1d849cad8562,PRODUCT_VIEW,ITM-0078,2026-06-21T20:42:28+07:00,APP
d2b6d112-109f-5740-83b6-8af3ff364265,8fd67d99-25c2-5770-a520-1d849cad8562,APP_OPEN,,2025-04-19T08:42:00+07:00,APP
77e4916a-90ec-5864-99ae-6053acf8f13f,8fd67d99-25c2-5770-a520-1d849cad8562,CART_ADD,ITM-0049,2025-08-27T18:11:16+07:00,APP
8e658a33-494f-5dd0-9b19-bc3840d43a08,8fd67d99-25c2-5770-a520-1d849cad8562,APP_OPEN,,2025-10-28T20:29:26+07:00,APP
e0b06313-f4a1-512d-9023-abeb9a25521b,2ada4f00-4e72-5af1-a29b-b327e0ca94fa,APP_OPEN,,2025-08-19T14:27:54+07:00,APP
4dbdc199-0cc6-530a-bc47-438251095734,2ada4f00-4e72-5af1-a29b-b327e0ca94fa,APP_OPEN,,2025-08-20T16:10:45+07:00,APP
274b2255-304e-5e98-b81b-27e681efa9f2,2ada4f00-4e72-5af1-a29b-b327e0ca94fa,PRODUCT_VIEW,ITM-0006,2026-01-23T02:07:27+07:00,APP
e59886d4-ae1a-5537-a9ec-9b835b420e94,2ada4f00-4e72-5af1-a29b-b327e0ca94fa,PRODUCT_VIEW,ITM-0043,2025-04-20T23:28:24+07:00,APP
b6b56326-641e-52f2-b607-318f58475424,2ada4f00-4e72-5af1-a29b-b327e0ca94fa,APP_OPEN,,2026-09-29T03:42:51+07:00,APP
7d97bbec-e965-58e4-92e1-e1d3009e55be,2ada4f00-4e72-5af1-a29b-b327e0ca94fa,APP_OPEN,,2026-04-16T11:52:00+07:00,APP
aa861a45-c702-5c41-ba69-d135f613efe6,2ada4f00-4e72-5af1-a29b-b327e0ca94fa,CART_ADD,ITM-0050,2026-01-27T05:31:09+07:00,APP
d0160bea-5735-5daa-9cdc-20f862b80494,2ada4f00-4e72-5af1-a29b-b327e0ca94fa,APP_OPEN,,2025-09-10T01:55:56+07:00,APP
c413ca8a-77e2-5de7-8ff5-98ec1d7cae73,5662a671-ddb6-5b50-a2fc-d47ce799fa9b,APP_OPEN,,2025-09-26T00:28:24+07:00,APP
8c85cb0a-27fc-5773-b0be-34381f53989d,5662a671-ddb6-5b50-a2fc-d47ce799fa9b,APP_OPEN,,2025-07-06T16:06:04+07:00,APP
b1c2f4fc-7945-533f-8b8a-b067f4bc2a21,5662a671-ddb6-5b50-a2fc-d47ce799fa9b,CART_ADD,ITM-0031,2026-04-23T02:13:45+07:00,APP
33ca411c-d3da-5ddf-8379-8be148d49888,5662a671-ddb6-5b50-a2fc-d47ce799fa9b,PRODUCT_VIEW,ITM-0005,2025-06-14T22:28:14+07:00,APP
fbf4c0f0-ed94-5fc1-bbd6-187073bc0e59,148c9ef2-707c-5a17-80f8-500f194794a3,SEARCH,,2025-11-01T06:03:56+07:00,APP
0e8bb7a3-364f-570f-b763-1d67376a6b6a,148c9ef2-707c-5a17-80f8-500f194794a3,CART_ADD,ITM-0059,2025-04-19T16:04:05+07:00,APP
fb7a899e-1bd5-5009-b859-442629d73f3a,148c9ef2-707c-5a17-80f8-500f194794a3,PRODUCT_VIEW,ITM-0039,2025-12-02T11:59:39+07:00,APP
3cc6e596-cfdc-53c4-8a86-99829f1ae279,148c9ef2-707c-5a17-80f8-500f194794a3,SEARCH,,2026-08-29T16:37:56+07:00,APP
213c9852-0681-5a82-9da7-ed65a4c0a65c,81d39923-233e-5c93-909d-c2a65827150a,CART_ADD,ITM-0099,2026-02-21T06:14:15+07:00,APP
508eaf4d-643a-5228-bdd9-03e7a2bbe49b,81d39923-233e-5c93-909d-c2a65827150a,PRODUCT_VIEW,ITM-0080,2025-05-24T06:57:22+07:00,APP
f15e73d1-5aeb-5176-9c1e-36886bbe732e,81d39923-233e-5c93-909d-c2a65827150a,APP_OPEN,,2025-08-09T22:17:09+07:00,APP
78212f2e-148a-5204-a23a-4fa4553dda36,89fed90a-07c8-550f-97fd-0147acca335a,CART_ADD,ITM-0100,2025-09-14T17:16:15+07:00,APP
470befd8-410e-5a47-9cf8-fd41c8292f5b,89fed90a-07c8-550f-97fd-0147acca335a,PRODUCT_VIEW,ITM-0065,2026-06-27T02:19:49+07:00,APP
65a8f1fc-2b10-55f7-bb3a-69aaaf423bce,a44cd9c9-8303-5f04-95ec-81aea034cd4d,CART_ADD,ITM-0010,2025-06-29T07:17:44+07:00,APP
befcd844-7f4d-56d6-a44b-ffca2d585105,a44cd9c9-8303-5f04-95ec-81aea034cd4d,SEARCH,,2026-01-07T14:51:13+07:00,APP
fad56d65-ade5-556e-844c-dcc56c261fbc,f160abfa-76d7-56f1-a55f-cf46f20c3d5e,CART_ADD,ITM-0026,2026-01-09T16:25:50+07:00,APP
57dd3430-1655-51d4-b34b-0b7845fcfb45,f160abfa-76d7-56f1-a55f-cf46f20c3d5e,SEARCH,,2026-06-08T10:59:52+07:00,APP
5813f6ff-05ce-5d9a-914b-f2e4d683a791,f160abfa-76d7-56f1-a55f-cf46f20c3d5e,SEARCH,,2026-03-24T23:06:49+07:00,APP
47f38d2a-8abe-5562-95be-456a0470a528,f160abfa-76d7-56f1-a55f-cf46f20c3d5e,CART_ADD,ITM-0014,2025-06-23T17:12:38+07:00,APP
1fe89ded-6d75-5fb4-8975-b60e484d3b9f,f160abfa-76d7-56f1-a55f-cf46f20c3d5e,SEARCH,,2026-05-23T19:19:44+07:00,APP
449a774c-480a-59fb-9da4-e8aacc7874cb,f160abfa-76d7-56f1-a55f-cf46f20c3d5e,SEARCH,,2025-05-04T01:10:55+07:00,APP
0f252f20-a381-55e2-9ceb-50ed73ba21d5,f160abfa-76d7-56f1-a55f-cf46f20c3d5e,SEARCH,,2026-07-05T10:58:37+07:00,APP
2bd197b1-b9a6-5753-80d3-4ee60565ce2c,f160abfa-76d7-56f1-a55f-cf46f20c3d5e,CART_ADD,ITM-0035,2026-06-09T01:02:55+07:00,APP
a21e212f-fd31-500f-b736-f299ae31b1f4,9dc685fe-d3cf-54a6-8b81-1c57fae52dc1,SEARCH,,2025-12-11T06:15:34+07:00,APP
317ca397-0fea-5da7-b042-98826d81d6a3,9dc685fe-d3cf-54a6-8b81-1c57fae52dc1,CART_ADD,ITM-0014,2025-08-13T04:53:47+07:00,APP
31f0fb5a-48d4-5c36-88d9-deac689d3d3d,19923914-015a-58dc-9b48-266ffd4e6ccb,PRODUCT_VIEW,ITM-0050,2025-05-07T19:28:49+07:00,APP
955b5c5f-ca9a-5d7c-9fb6-986d45f3ef8c,19923914-015a-58dc-9b48-266ffd4e6ccb,PRODUCT_VIEW,ITM-0016,2026-06-05T00:32:32+07:00,APP
551ac9e7-a77e-53d7-a3d3-2ba50fe2cf55,19923914-015a-58dc-9b48-266ffd4e6ccb,APP_OPEN,,2025-12-06T19:12:47+07:00,APP
d8637779-f154-5f42-bee9-40d929851e76,19923914-015a-58dc-9b48-266ffd4e6ccb,PRODUCT_VIEW,ITM-0095,2025-09-24T11:25:37+07:00,APP
e88357df-728c-5b77-a7e9-15a6636af715,19923914-015a-58dc-9b48-266ffd4e6ccb,CART_ADD,ITM-0053,2026-02-28T11:49:21+07:00,APP
e567b9dd-922a-50a5-942f-b5eafaef9c64,461666da-2631-596b-958f-73443b782ad3,PRODUCT_VIEW,ITM-0038,2025-08-12T15:01:08+07:00,APP
b1568e79-44eb-56b0-84e3-70489f7ab462,461666da-2631-596b-958f-73443b782ad3,CART_ADD,ITM-0062,2025-08-03T02:35:04+07:00,APP
f24603d8-4a7f-5b8e-8ec3-9b09e1cadcb0,461666da-2631-596b-958f-73443b782ad3,CART_ADD,ITM-0017,2025-04-05T20:30:43+07:00,APP
e5aa5ef8-9d86-5cca-976c-7880b9d3e03f,bd778aac-e8e8-56aa-aea5-8ff29a387ed4,SEARCH,,2025-07-10T22:09:14+07:00,APP
b9372536-5134-54ad-8cf7-a1a6d8a80499,bd778aac-e8e8-56aa-aea5-8ff29a387ed4,SEARCH,,2026-04-11T10:01:47+07:00,APP
77b5efa1-ea9a-5721-b067-0649016af285,bd778aac-e8e8-56aa-aea5-8ff29a387ed4,CART_ADD,ITM-0074,2025-09-10T17:42:46+07:00,APP
f9032b40-9d5e-53d6-a293-602fcc00b166,bd778aac-e8e8-56aa-aea5-8ff29a387ed4,CART_ADD,ITM-0043,2026-09-11T19:16:21+07:00,APP
489c1d28-e51a-5c35-902e-7e98c3f7b38d,bd778aac-e8e8-56aa-aea5-8ff29a387ed4,APP_OPEN,,2026-01-28T03:59:51+07:00,APP
1c0182aa-b4ba-578b-bf8a-59712ce16986,bd778aac-e8e8-56aa-aea5-8ff29a387ed4,PRODUCT_VIEW,ITM-0049,2026-05-08T05:30:48+07:00,APP
1e4ff8b9-0883-50dd-a58d-4590a91726af,bd778aac-e8e8-56aa-aea5-8ff29a387ed4,PRODUCT_VIEW,ITM-0075,2026-05-06T02:57:11+07:00,APP
771d378b-48f8-51df-b42a-a80b42745440,1d1081b6-d0ae-5ff4-9729-c5137c94999a,CART_ADD,ITM-0072,2026-02-23T14:29:01+07:00,APP
350295ed-d2d3-56e7-9280-1c060584cd45,d0b8af60-fcea-5b2e-afc6-26f39bf34031,SEARCH,,2026-06-22T14:43:19+07:00,APP
10b1d802-5ff2-5ad3-aa1c-a0e004800b77,d0b8af60-fcea-5b2e-afc6-26f39bf34031,SEARCH,,2025-12-07T08:06:13+07:00,APP
fa142bd9-81a6-54c9-937f-4184b04c5280,d0b8af60-fcea-5b2e-afc6-26f39bf34031,SEARCH,,2026-09-05T07:38:45+07:00,APP
12a23b2d-af0c-5171-849d-b9509266da46,d0b8af60-fcea-5b2e-afc6-26f39bf34031,APP_OPEN,,2026-02-11T20:36:45+07:00,APP
a8260048-2375-55c8-9ad5-3e6077176411,d0b8af60-fcea-5b2e-afc6-26f39bf34031,APP_OPEN,,2026-04-08T03:29:21+07:00,APP
4da0ead8-f252-511a-9485-f77c62329c78,8cca0edd-d604-59db-88d7-b5fa459ec262,APP_OPEN,,2026-04-09T20:59:48+07:00,APP
82f88951-a4e8-5f73-9e4b-af0caf894273,8cca0edd-d604-59db-88d7-b5fa459ec262,APP_OPEN,,2026-08-13T01:28:03+07:00,APP
224d59b5-f901-5449-91dd-48df460f6ed0,8cca0edd-d604-59db-88d7-b5fa459ec262,SEARCH,,2025-08-19T23:48:21+07:00,APP
a2a42cf9-70d7-5894-a614-7238308272d5,8cca0edd-d604-59db-88d7-b5fa459ec262,PRODUCT_VIEW,ITM-0047,2025-12-22T11:50:06+07:00,APP
f2ab8b87-097a-518a-9240-afa6ade5c603,8cca0edd-d604-59db-88d7-b5fa459ec262,SEARCH,,2025-12-21T16:46:45+07:00,APP
010d483f-aaa3-5534-9400-57fd25f9f9fa,a47e97d6-4d85-5963-8dbb-5f4a05957b6b,PRODUCT_VIEW,ITM-0083,2025-11-11T01:39:18+07:00,APP
0b88880a-0b8d-541b-8369-3fc69c2c009c,a47e97d6-4d85-5963-8dbb-5f4a05957b6b,APP_OPEN,,2025-12-22T17:27:37+07:00,APP
e71dbe56-d1ad-5db5-b89a-ba4ba210ac5f,a47e97d6-4d85-5963-8dbb-5f4a05957b6b,APP_OPEN,,2026-01-15T02:41:25+07:00,APP
f748b2fa-cf8f-5401-8b56-6f59e1b09f1a,a47e97d6-4d85-5963-8dbb-5f4a05957b6b,PRODUCT_VIEW,ITM-0064,2026-02-10T19:36:08+07:00,APP
39895afa-fcac-533f-8cde-76435fb312fa,a47e97d6-4d85-5963-8dbb-5f4a05957b6b,SEARCH,,2026-05-04T08:38:06+07:00,APP
9f3539f6-a1c3-5815-8f62-f9b751e45d5c,a47e97d6-4d85-5963-8dbb-5f4a05957b6b,CART_ADD,ITM-0013,2025-12-16T22:22:59+07:00,APP
c669bdf0-6430-50c7-a812-8006432899b1,a47e97d6-4d85-5963-8dbb-5f4a05957b6b,CART_ADD,ITM-0100,2025-05-08T15:09:54+07:00,APP
d24c6be3-75aa-596c-b252-d895f4bdb900,b03182fe-446c-573b-be53-fe7fad727109,SEARCH,,2026-06-06T20:09:35+07:00,APP
d7037a65-0677-5842-b856-df0d49d98cfb,b03182fe-446c-573b-be53-fe7fad727109,PRODUCT_VIEW,ITM-0098,2026-06-23T09:32:15+07:00,APP
e7831829-b665-58da-9f99-7189982bec50,b03182fe-446c-573b-be53-fe7fad727109,APP_OPEN,,2026-08-07T00:12:48+07:00,APP
5e0bcf1e-08e5-57ac-a2f3-704c78a78724,b03182fe-446c-573b-be53-fe7fad727109,CART_ADD,ITM-0093,2025-12-13T02:56:16+07:00,APP
2629e66b-4497-59fd-ab92-3b6b09e8935a,b03182fe-446c-573b-be53-fe7fad727109,SEARCH,,2026-01-30T15:02:46+07:00,APP
781d8ea4-eb79-59f7-9054-9cc0da60b70d,b03182fe-446c-573b-be53-fe7fad727109,CART_ADD,ITM-0095,2026-07-25T21:28:05+07:00,APP
9b3e4b9d-1826-5ce8-b782-5edae8095f70,b03182fe-446c-573b-be53-fe7fad727109,SEARCH,,2025-08-04T22:16:52+07:00,APP
f33bb317-783b-5d20-a959-2ff93859b93e,b03182fe-446c-573b-be53-fe7fad727109,CART_ADD,ITM-0032,2026-05-16T15:06:14+07:00,APP
4304ad20-63d7-52d9-aaf7-65716fb0458b,c3026a56-fc04-5fa4-abe1-c94a3cc2b581,PRODUCT_VIEW,ITM-0066,2026-08-09T23:45:52+07:00,APP
7203ccc3-c6d8-594a-97a7-efbc1d61f523,c3026a56-fc04-5fa4-abe1-c94a3cc2b581,PRODUCT_VIEW,ITM-0044,2026-01-26T12:26:23+07:00,APP
f568c5d0-eefc-5234-b805-5721eadeaf38,838a0e58-c21f-5add-9c90-8698c9f7872a,CART_ADD,ITM-0079,2025-06-01T04:24:49+07:00,APP
3afe5d21-8a53-5ea5-a08f-92f155292ae5,838a0e58-c21f-5add-9c90-8698c9f7872a,PRODUCT_VIEW,ITM-0011,2025-04-09T04:03:35+07:00,APP
7d51bd3b-9d08-5981-b81c-902cc5d5e1ee,378c0abe-6742-55d3-b015-9b1d933d0216,APP_OPEN,,2026-04-12T06:20:47+07:00,APP
5f4fcb1a-730a-57a8-b1e7-9d52ba53c1c8,378c0abe-6742-55d3-b015-9b1d933d0216,CART_ADD,ITM-0046,2025-11-21T01:06:58+07:00,APP
aa7d880e-107a-5299-8b9a-de6ff7e17dc2,378c0abe-6742-55d3-b015-9b1d933d0216,APP_OPEN,,2025-04-10T10:38:28+07:00,APP
4d092d92-77b4-591f-9a2f-74f3f406effd,378c0abe-6742-55d3-b015-9b1d933d0216,PRODUCT_VIEW,ITM-0053,2025-12-18T06:56:20+07:00,APP
90fc2d97-8f86-5a89-8f8b-bd9ca2f9a5e8,420130db-5150-5259-8a8f-f70e597866fe,CART_ADD,ITM-0024,2025-06-01T00:56:10+07:00,APP
89de32ee-ba6b-51d5-b6b9-e6933bdb81e0,420130db-5150-5259-8a8f-f70e597866fe,CART_ADD,ITM-0058,2025-08-19T12:14:20+07:00,APP
c57dbba8-37ce-5941-ace3-8c9f0cfc0b96,420130db-5150-5259-8a8f-f70e597866fe,APP_OPEN,,2026-07-27T12:28:23+07:00,APP
08a620ec-bd26-594f-9b52-46e3772a3097,db52b2e2-1cb6-5e29-9907-11e80d69f206,CART_ADD,ITM-0013,2025-08-04T18:36:54+07:00,APP
64c1935f-001a-59e7-97d2-a508ff927c99,db52b2e2-1cb6-5e29-9907-11e80d69f206,APP_OPEN,,2026-05-28T00:52:58+07:00,APP
77f4c36a-00fb-5b20-a12f-5569ba35b67a,db52b2e2-1cb6-5e29-9907-11e80d69f206,CART_ADD,ITM-0034,2026-09-17T16:03:16+07:00,APP
288fe4f3-aa4c-5bce-bdf8-705d74cb4811,70411487-965f-53de-a4a9-2e506f1f4168,APP_OPEN,,2025-12-23T21:03:19+07:00,APP
95d9ba58-7aa0-543d-b2d8-c824a3bd9348,70411487-965f-53de-a4a9-2e506f1f4168,APP_OPEN,,2025-07-11T01:42:50+07:00,APP
46920d46-e292-5435-92dc-0796cc291e13,70411487-965f-53de-a4a9-2e506f1f4168,APP_OPEN,,2026-02-16T14:04:05+07:00,APP
94c26ded-b297-5cd0-8e54-bc29660cd043,70411487-965f-53de-a4a9-2e506f1f4168,APP_OPEN,,2026-09-02T18:07:41+07:00,APP
1f4e4d9e-0a4f-5068-a4d1-b30f281d46d6,70411487-965f-53de-a4a9-2e506f1f4168,CART_ADD,ITM-0068,2026-08-06T17:47:38+07:00,APP
d9a81c72-1ec4-533a-ab9c-bd6a3d014680,70411487-965f-53de-a4a9-2e506f1f4168,SEARCH,,2025-05-24T00:02:24+07:00,APP
c2651670-0568-5397-aec6-54b0e68b2015,7d0a489e-f20c-5e73-8182-e1c067259b1f,PRODUCT_VIEW,ITM-0034,2025-06-24T00:36:42+07:00,APP
9c446d30-56f6-5c76-9d89-133671c3d593,7d0a489e-f20c-5e73-8182-e1c067259b1f,SEARCH,,2026-05-21T14:43:04+07:00,APP
56aa7b31-6996-5aac-b013-ee74a941afc9,7d0a489e-f20c-5e73-8182-e1c067259b1f,PRODUCT_VIEW,ITM-0009,2025-06-04T04:37:56+07:00,APP
4fdd6645-8f55-531e-8369-83aff5aa83bd,7d0a489e-f20c-5e73-8182-e1c067259b1f,CART_ADD,ITM-0039,2025-12-13T02:47:25+07:00,APP
0df2c9e2-39b5-589e-9f69-0b10d476f84f,7d0a489e-f20c-5e73-8182-e1c067259b1f,PRODUCT_VIEW,ITM-0017,2025-08-13T06:20:41+07:00,APP
7f1941d0-5304-5ce4-baf6-65e1b8e734f4,7d0a489e-f20c-5e73-8182-e1c067259b1f,PRODUCT_VIEW,ITM-0053,2026-02-23T12:03:08+07:00,APP
6f13a3d4-efd3-57bf-be87-fc75303c1175,7d0a489e-f20c-5e73-8182-e1c067259b1f,CART_ADD,ITM-0030,2025-10-27T09:03:21+07:00,APP
25c0b4f4-2720-53b0-bb9c-ca9196f52da4,aa731a7c-f1fa-5a02-99c2-28ab39c70871,CART_ADD,ITM-0040,2025-12-27T05:04:15+07:00,APP
d1184d61-81fe-5111-a4de-8df5d9601382,aa731a7c-f1fa-5a02-99c2-28ab39c70871,CART_ADD,ITM-0091,2026-04-08T00:44:03+07:00,APP
c65e0d1c-0c10-51c3-a8b3-644fe6a8d5ae,aa731a7c-f1fa-5a02-99c2-28ab39c70871,CART_ADD,ITM-0048,2025-06-22T05:14:41+07:00,APP
4f8e41a5-1e19-5829-9cc9-f44d775f501d,aa731a7c-f1fa-5a02-99c2-28ab39c70871,APP_OPEN,,2025-12-04T05:18:20+07:00,APP
e3715270-7b0a-5001-a7e3-6c6e63b9b6f7,aa731a7c-f1fa-5a02-99c2-28ab39c70871,CART_ADD,ITM-0094,2026-09-27T13:52:16+07:00,APP
d09b5a2b-dd41-530f-92bb-55275b26addd,aa731a7c-f1fa-5a02-99c2-28ab39c70871,CART_ADD,ITM-0082,2025-04-04T17:50:46+07:00,APP
85b2bede-2c73-5bfd-bb3e-6fb18b147168,8239f7b2-0ecc-5018-b364-ae94d43dc407,SEARCH,,2026-03-17T04:14:22+07:00,APP
862f4e25-464c-565a-9307-c9e13bf68020,8239f7b2-0ecc-5018-b364-ae94d43dc407,APP_OPEN,,2025-05-01T01:40:19+07:00,APP
20b6f4af-e578-5a5f-909c-a8025de8825c,8239f7b2-0ecc-5018-b364-ae94d43dc407,PRODUCT_VIEW,ITM-0095,2025-04-09T21:28:20+07:00,APP
3f71ed0b-82a8-515d-a6b3-3bb8f7e83cbd,8239f7b2-0ecc-5018-b364-ae94d43dc407,APP_OPEN,,2026-02-18T12:32:12+07:00,APP
c20a0cec-caf9-5227-8af0-061b366f8617,8239f7b2-0ecc-5018-b364-ae94d43dc407,SEARCH,,2025-04-06T16:52:34+07:00,APP
7b323e70-e8cd-59a5-a96f-d61474fc5126,d1999e76-f972-59d9-aebb-6165a09d2409,APP_OPEN,,2025-12-07T09:51:05+07:00,APP
dba35b2f-17a4-53c0-a268-08c9021774a5,d1999e76-f972-59d9-aebb-6165a09d2409,SEARCH,,2025-09-28T18:11:55+07:00,APP
b73d7c94-803a-504b-bd20-f5a3f92ad086,d1999e76-f972-59d9-aebb-6165a09d2409,CART_ADD,ITM-0100,2025-04-29T00:36:31+07:00,APP
e2f5ecbd-f46b-5bc4-b378-d4de8d208cbd,6176f64c-771f-5d37-977a-d32229cb5c2b,CART_ADD,ITM-0017,2025-05-02T06:12:05+07:00,APP
43e59021-ac79-5303-8686-74596db55d6b,6176f64c-771f-5d37-977a-d32229cb5c2b,CART_ADD,ITM-0057,2025-11-18T20:34:35+07:00,APP
641c12e7-a2cd-5339-b811-270cc922fcfe,6176f64c-771f-5d37-977a-d32229cb5c2b,SEARCH,,2025-12-27T11:55:58+07:00,APP
ba611482-e7f8-5fbb-98e3-a3dd2a382f44,4572eced-a990-5dc2-bac0-31e59b00bcbd,SEARCH,,2026-01-31T18:03:37+07:00,APP
d4221d6f-f674-55bf-a757-8015b94f81b6,4572eced-a990-5dc2-bac0-31e59b00bcbd,APP_OPEN,,2025-05-15T13:06:44+07:00,APP
4d806be7-276f-5e53-b787-782b950e0c9c,4572eced-a990-5dc2-bac0-31e59b00bcbd,APP_OPEN,,2025-06-22T04:07:11+07:00,APP
2989cf6e-c4b9-5585-a42a-dd8db590f155,4572eced-a990-5dc2-bac0-31e59b00bcbd,PRODUCT_VIEW,ITM-0073,2025-05-23T14:03:49+07:00,APP
8beaa523-b508-52b2-8a86-f617ff214a4b,4572eced-a990-5dc2-bac0-31e59b00bcbd,APP_OPEN,,2026-08-01T15:14:40+07:00,APP
29cd8084-6d9b-5947-9382-155da8eb93bb,1aa7eb57-f35e-5331-8f2a-f0d006b43695,SEARCH,,2025-09-24T17:49:54+07:00,APP
6bfc3d57-cc8b-55b3-9e9d-0e545d797f2b,1aa7eb57-f35e-5331-8f2a-f0d006b43695,CART_ADD,ITM-0034,2026-09-28T18:40:12+07:00,APP
2b762a36-7685-5a7d-afcc-ce5e7c00481f,52b8ef4c-14ad-5e3b-8e52-1d9da9b38805,SEARCH,,2025-07-31T17:04:51+07:00,APP
cbac61a5-d79c-5566-8a2f-bfe250877ae7,52b8ef4c-14ad-5e3b-8e52-1d9da9b38805,SEARCH,,2025-11-15T17:14:21+07:00,APP
e2ded0d8-fcf6-52d8-87e2-b1d9919f35f1,52b8ef4c-14ad-5e3b-8e52-1d9da9b38805,SEARCH,,2025-08-27T06:21:56+07:00,APP
5677955d-9dee-55a4-ac12-8ba5db1eef60,52b8ef4c-14ad-5e3b-8e52-1d9da9b38805,PRODUCT_VIEW,ITM-0032,2025-04-25T09:26:18+07:00,APP
f23386c0-2701-5e44-85a4-8c9e35bfa0f4,52b8ef4c-14ad-5e3b-8e52-1d9da9b38805,APP_OPEN,,2026-08-22T05:46:07+07:00,APP
a7193162-12d7-539f-9f6b-9733f3398bbf,52b8ef4c-14ad-5e3b-8e52-1d9da9b38805,SEARCH,,2025-06-16T16:41:15+07:00,APP
44927962-086e-5f4b-9a2c-09adb094434c,d438ee3b-5944-540a-9b10-d706942ebf6b,PRODUCT_VIEW,ITM-0012,2026-04-11T16:07:10+07:00,APP
f69eb34e-3677-55e1-8c8d-37387d95e712,aabbe2fa-816a-542d-ac34-4edddec38116,CART_ADD,ITM-0020,2026-05-20T12:56:14+07:00,APP
fdf158e0-93dc-5dfa-9710-c6e57899526a,aabbe2fa-816a-542d-ac34-4edddec38116,PRODUCT_VIEW,ITM-0081,2026-06-22T18:18:44+07:00,APP
ac68a12a-9cd8-51ab-bbc6-6507c08294d9,aabbe2fa-816a-542d-ac34-4edddec38116,CART_ADD,ITM-0018,2025-09-04T23:36:00+07:00,APP
4115a2d9-8f35-542c-80fb-65ef2c820846,aabbe2fa-816a-542d-ac34-4edddec38116,SEARCH,,2025-12-01T08:10:34+07:00,APP
6fdd8380-1adc-5b9b-9091-02913334f576,aabbe2fa-816a-542d-ac34-4edddec38116,SEARCH,,2026-01-13T09:39:25+07:00,APP
2337d654-efe4-5594-ac14-08076f44b8b1,aabbe2fa-816a-542d-ac34-4edddec38116,CART_ADD,ITM-0063,2026-03-17T21:38:45+07:00,APP
2ba1f26b-831d-5cd4-b554-e7edca2e96fb,aabbe2fa-816a-542d-ac34-4edddec38116,CART_ADD,ITM-0053,2026-05-25T14:41:32+07:00,APP
6a5c790a-95a9-59b8-bc9c-e194511ae30d,00e842d1-d73f-57fc-95a5-5bed63f9720e,PRODUCT_VIEW,ITM-0033,2025-09-14T14:35:13+07:00,APP
9e19a160-d664-595e-af30-f244efa89b37,00e842d1-d73f-57fc-95a5-5bed63f9720e,PRODUCT_VIEW,ITM-0063,2025-05-07T20:48:08+07:00,APP
6d671e4a-5dfc-5f96-a7f9-afcbece24351,00e842d1-d73f-57fc-95a5-5bed63f9720e,PRODUCT_VIEW,ITM-0005,2025-10-18T00:59:41+07:00,APP
04c51ea3-8909-50c7-a697-be2f7a363d9f,00e842d1-d73f-57fc-95a5-5bed63f9720e,APP_OPEN,,2026-05-02T09:18:33+07:00,APP
8d2ef38f-21bc-5f4f-be08-bdb02c2d5dda,00e842d1-d73f-57fc-95a5-5bed63f9720e,CART_ADD,ITM-0020,2026-09-12T04:47:52+07:00,APP
e4736e88-cec3-53ac-b371-34a8093f1bf6,00e842d1-d73f-57fc-95a5-5bed63f9720e,APP_OPEN,,2025-07-03T10:39:43+07:00,APP
d71d6d29-0a7a-5010-adbb-93d80f51dafe,00e842d1-d73f-57fc-95a5-5bed63f9720e,APP_OPEN,,2026-03-31T20:19:52+07:00,APP
4370f38e-532c-5985-899e-a4f91bf17e6a,ee8d0b1d-0b17-51e9-b1fe-fb2465d12047,CART_ADD,ITM-0095,2026-07-03T19:49:21+07:00,APP
b6b5d716-3596-5e89-b976-60b79101a719,ee8d0b1d-0b17-51e9-b1fe-fb2465d12047,SEARCH,,2025-05-12T17:42:13+07:00,APP
72adff34-bd46-518e-aa6f-572aa9fa5751,ee8d0b1d-0b17-51e9-b1fe-fb2465d12047,APP_OPEN,,2026-07-08T11:18:40+07:00,APP
92c91cdf-ba0d-54c1-acb4-74c720bd0b90,ee8d0b1d-0b17-51e9-b1fe-fb2465d12047,PRODUCT_VIEW,ITM-0094,2026-06-19T12:24:04+07:00,APP
ddf6e6eb-9c96-5ec5-8501-78e580d4502e,ee8d0b1d-0b17-51e9-b1fe-fb2465d12047,SEARCH,,2026-06-07T15:21:13+07:00,APP
86371ba1-2aef-5f16-9347-ecaf9556d483,ee8d0b1d-0b17-51e9-b1fe-fb2465d12047,CART_ADD,ITM-0001,2025-12-15T08:47:45+07:00,APP
9a089006-9ea6-5e26-9de7-bc9c41e4dc9a,75f583fa-a196-5cf7-929b-9e790187faf1,CART_ADD,ITM-0051,2026-06-25T13:38:31+07:00,APP
f6699968-eeb6-52ef-ab9e-a1a9f7835c17,75f583fa-a196-5cf7-929b-9e790187faf1,CART_ADD,ITM-0093,2025-07-31T17:38:18+07:00,APP
5db860b0-7407-5e33-a8f4-514dfff174bd,71469862-d220-513a-8c44-363d996a060c,SEARCH,,2025-07-04T11:08:05+07:00,APP
425d3179-ba55-5a06-915b-21af92d1bbd1,71469862-d220-513a-8c44-363d996a060c,PRODUCT_VIEW,ITM-0100,2026-02-02T00:30:08+07:00,APP
5cafa639-242f-5921-abe4-4b1b3f96b01c,ba57d94c-8bc5-538e-9388-d758617be838,PRODUCT_VIEW,ITM-0038,2025-09-19T19:00:20+07:00,APP
5ae8d973-e78b-5993-9583-9ae4df6dd739,ba57d94c-8bc5-538e-9388-d758617be838,PRODUCT_VIEW,ITM-0097,2025-11-10T06:09:14+07:00,APP
fcabf446-d039-5249-8811-53ab1e1c672e,ba57d94c-8bc5-538e-9388-d758617be838,APP_OPEN,,2026-06-24T16:17:13+07:00,APP
43c24fc1-ff5b-57f7-ac94-6670833c1b5b,ba57d94c-8bc5-538e-9388-d758617be838,SEARCH,,2026-05-18T03:16:44+07:00,APP
108a1586-11ba-5fa0-bba7-720338dbdaba,3306ba4b-de1d-5ed0-8d8c-256198216d8a,CART_ADD,ITM-0075,2025-09-05T13:51:12+07:00,APP
03929079-f154-58c3-b163-091dff2d7f2d,e54a4d9b-f0d2-513c-80ca-187ee669631e,CART_ADD,ITM-0011,2025-11-06T03:03:31+07:00,APP
56e8f883-1a80-555c-b670-bd36557ef77e,e54a4d9b-f0d2-513c-80ca-187ee669631e,PRODUCT_VIEW,ITM-0093,2026-07-31T12:44:38+07:00,APP
15c27dbe-2348-58cb-8daa-a95abb2af28a,e54a4d9b-f0d2-513c-80ca-187ee669631e,SEARCH,,2026-05-08T08:23:02+07:00,APP
8dae14d6-590b-5168-9a87-63fe01b5d9e4,e54a4d9b-f0d2-513c-80ca-187ee669631e,SEARCH,,2025-04-09T15:08:53+07:00,APP
d0abc736-c59a-5dd7-8a1c-f7dee5f937c9,e54a4d9b-f0d2-513c-80ca-187ee669631e,SEARCH,,2026-09-28T08:34:39+07:00,APP
396e3ff2-8675-5df9-90f7-fad9facab8fc,ed9ceb7d-1e57-5a5b-8cc5-a75193323920,SEARCH,,2026-09-06T11:12:20+07:00,APP
8898ff21-4da4-5c56-b5e3-d460df4bd7ad,ed9ceb7d-1e57-5a5b-8cc5-a75193323920,SEARCH,,2025-12-05T16:21:32+07:00,APP
78e6b882-713a-5be0-8dfb-231df5076785,e332ca4f-c8d9-53e8-ad18-02740b657544,SEARCH,,2025-06-05T04:54:55+07:00,APP
c28c03a3-3168-5207-a0cc-a074121b2b93,e332ca4f-c8d9-53e8-ad18-02740b657544,SEARCH,,2026-05-19T12:03:53+07:00,APP
a2c09a33-f9ab-5b4d-9b49-b1768553c874,e332ca4f-c8d9-53e8-ad18-02740b657544,SEARCH,,2025-08-06T22:31:55+07:00,APP
8b84986b-4073-5cff-8e14-22daa659910e,e332ca4f-c8d9-53e8-ad18-02740b657544,PRODUCT_VIEW,ITM-0061,2025-12-09T10:22:43+07:00,APP
ef51fee1-5288-54bc-970b-cd0be19fc0b3,e332ca4f-c8d9-53e8-ad18-02740b657544,CART_ADD,ITM-0033,2026-02-04T01:13:59+07:00,APP
ad631019-efa9-5110-819e-2cb2640de59a,35ab8604-9dbd-54a8-a6fb-eaee8535e03f,CART_ADD,ITM-0058,2026-01-12T22:19:31+07:00,APP
f63e4d4b-cb1d-504e-9113-7551254d075c,35ab8604-9dbd-54a8-a6fb-eaee8535e03f,APP_OPEN,,2026-08-10T21:40:12+07:00,APP
90d50ac6-5dbd-5a31-b99f-a01f1d34081f,35ab8604-9dbd-54a8-a6fb-eaee8535e03f,APP_OPEN,,2026-06-11T19:57:47+07:00,APP
60947dd0-9aad-543a-b5b0-7a41cd9141a8,35ab8604-9dbd-54a8-a6fb-eaee8535e03f,CART_ADD,ITM-0021,2026-09-12T18:06:52+07:00,APP
b688b401-99bf-54a6-8495-e736db2b5587,35ab8604-9dbd-54a8-a6fb-eaee8535e03f,CART_ADD,ITM-0019,2026-08-16T22:11:28+07:00,APP
2be743d4-a6f5-5b94-ac31-725eccaf0d80,35ab8604-9dbd-54a8-a6fb-eaee8535e03f,CART_ADD,ITM-0029,2026-05-21T06:19:21+07:00,APP
2ebc6c45-e014-5cc8-97f1-2f57720f6f02,35ab8604-9dbd-54a8-a6fb-eaee8535e03f,PRODUCT_VIEW,ITM-0098,2026-09-21T09:22:42+07:00,APP
d06520fc-b8cc-56d6-86fb-b40023c8f631,717a0464-44d4-58cb-bce3-47eb976833df,PRODUCT_VIEW,ITM-0012,2026-02-12T22:13:03+07:00,APP
51d24535-7209-58e4-a0d0-972cf2ba249b,717a0464-44d4-58cb-bce3-47eb976833df,APP_OPEN,,2025-10-29T04:43:32+07:00,APP
465c4315-5a85-5400-9c84-a108485b507d,717a0464-44d4-58cb-bce3-47eb976833df,SEARCH,,2026-02-15T14:26:59+07:00,APP
c058313b-cf26-5d93-97b4-79b64667cd24,717a0464-44d4-58cb-bce3-47eb976833df,PRODUCT_VIEW,ITM-0067,2026-06-01T18:08:51+07:00,APP
c0f08cb3-08b4-5677-9aa2-336e8d6b5e41,fb64e15d-440c-5bd0-945d-2cddc8e3636b,SEARCH,,2026-06-09T00:16:06+07:00,APP
e8484fca-fe2c-55e5-b25b-7534d9f207d4,fb64e15d-440c-5bd0-945d-2cddc8e3636b,CART_ADD,ITM-0004,2025-12-09T11:09:42+07:00,APP
3698a891-91bb-5660-92b1-f907be916c9f,fb64e15d-440c-5bd0-945d-2cddc8e3636b,SEARCH,,2025-12-21T13:40:32+07:00,APP
7d4052d1-64b5-5e08-a3fd-a8d03ccc3c02,fb64e15d-440c-5bd0-945d-2cddc8e3636b,PRODUCT_VIEW,ITM-0053,2025-04-30T19:22:48+07:00,APP
3fb2d820-0293-5c74-b8d0-3f744b843749,fb64e15d-440c-5bd0-945d-2cddc8e3636b,CART_ADD,ITM-0023,2026-05-16T12:21:24+07:00,APP
4d11ac80-da4f-5037-a48c-eb5f9a106a21,fb64e15d-440c-5bd0-945d-2cddc8e3636b,PRODUCT_VIEW,ITM-0076,2025-07-09T15:23:17+07:00,APP
05c93bb2-4f25-57ad-aaf2-fae38335a2d5,fb64e15d-440c-5bd0-945d-2cddc8e3636b,PRODUCT_VIEW,ITM-0003,2026-08-03T11:01:35+07:00,APP
fdf34182-3a22-5689-88be-8c0e08b03c7d,fb64e15d-440c-5bd0-945d-2cddc8e3636b,APP_OPEN,,2026-06-12T23:21:49+07:00,APP
9e1d9713-2d17-587e-8ab8-09637cc8f654,518aaf20-1da4-5144-96e4-02743c6574b6,PRODUCT_VIEW,ITM-0037,2026-07-30T02:34:44+07:00,APP
4db3dd85-4704-5a3d-92b6-1a164ea31d7e,518aaf20-1da4-5144-96e4-02743c6574b6,SEARCH,,2026-03-07T22:22:21+07:00,APP
e294289a-0cc7-5ff1-8910-8b0041076198,518aaf20-1da4-5144-96e4-02743c6574b6,CART_ADD,ITM-0083,2026-03-31T08:56:36+07:00,APP
55e672df-dd22-588b-9c03-2aadcd9a41a1,518aaf20-1da4-5144-96e4-02743c6574b6,SEARCH,,2025-04-09T03:27:28+07:00,APP
2f6f978e-35ab-5235-9190-65ffbe59662c,518aaf20-1da4-5144-96e4-02743c6574b6,SEARCH,,2025-09-27T21:04:32+07:00,APP
eb6fbb05-6e84-5328-814f-28388344f488,518aaf20-1da4-5144-96e4-02743c6574b6,SEARCH,,2026-01-12T12:03:08+07:00,APP
8f4e0d3e-97fc-5605-b038-d20f168da840,518aaf20-1da4-5144-96e4-02743c6574b6,PRODUCT_VIEW,ITM-0051,2026-06-19T14:14:51+07:00,APP
b4c226e6-d44a-5ec3-857e-285fb4409cdb,cd098aa2-3cd8-5301-b671-a3dca7210e21,PRODUCT_VIEW,ITM-0034,2026-09-19T16:58:57+07:00,APP
09aed730-4b15-52db-b2c8-6a0b7b9693d3,cd098aa2-3cd8-5301-b671-a3dca7210e21,APP_OPEN,,2025-06-12T12:41:11+07:00,APP
31a6757d-32c4-5db3-a3ad-834e943365c7,cd098aa2-3cd8-5301-b671-a3dca7210e21,SEARCH,,2025-05-15T00:43:33+07:00,APP
5b6e9856-eb5b-52ec-828e-85d1f219c309,cd098aa2-3cd8-5301-b671-a3dca7210e21,PRODUCT_VIEW,ITM-0014,2025-12-02T13:34:51+07:00,APP
0c4e14fd-e0fc-574e-b563-6fe727f0f31b,cd098aa2-3cd8-5301-b671-a3dca7210e21,PRODUCT_VIEW,ITM-0097,2025-06-08T20:03:43+07:00,APP
246fc63b-5e1f-5eae-9a24-33622919b280,cd098aa2-3cd8-5301-b671-a3dca7210e21,SEARCH,,2026-03-22T22:10:21+07:00,APP
edd86842-f751-5956-9cb2-806ab490fd2c,6b474f1a-9e24-5f86-a5c1-98bf2a2fee44,SEARCH,,2025-08-19T22:05:16+07:00,APP
44f534c9-afc1-5d9f-9e9e-271a90f58dff,6b474f1a-9e24-5f86-a5c1-98bf2a2fee44,APP_OPEN,,2025-12-04T07:51:16+07:00,APP
48167b96-ae3e-57c7-8c44-c8d1cb282a61,6b474f1a-9e24-5f86-a5c1-98bf2a2fee44,CART_ADD,ITM-0040,2025-04-29T20:35:02+07:00,APP
96f0aedf-333f-54b2-9785-386fb6795ff3,6b474f1a-9e24-5f86-a5c1-98bf2a2fee44,APP_OPEN,,2026-08-09T06:37:47+07:00,APP
18597e3a-9fbf-59e0-b0f2-e9d0feb4381d,3990a9f6-5c57-557a-b472-48faefda4cd3,CART_ADD,ITM-0072,2025-05-19T05:25:34+07:00,APP
1bb4e3ff-0b73-587b-ac85-0d8d7dda5db9,3990a9f6-5c57-557a-b472-48faefda4cd3,APP_OPEN,,2025-11-01T17:18:49+07:00,APP
eaa8e98d-ba4e-5fcb-a2e4-45924f8bc0cb,3990a9f6-5c57-557a-b472-48faefda4cd3,PRODUCT_VIEW,ITM-0065,2026-02-11T05:09:10+07:00,APP
da5e7052-0594-5e86-aff6-996b74291087,3990a9f6-5c57-557a-b472-48faefda4cd3,SEARCH,,2026-02-26T01:02:03+07:00,APP
40ff15e8-bdc5-53dd-aa8d-f1e21c20d845,3990a9f6-5c57-557a-b472-48faefda4cd3,CART_ADD,ITM-0067,2026-09-01T20:44:29+07:00,APP
ea2ccb8b-a8f5-504a-a6c7-754231199a58,3990a9f6-5c57-557a-b472-48faefda4cd3,PRODUCT_VIEW,ITM-0066,2025-09-20T22:39:55+07:00,APP
7c25420c-e3d0-5f26-838c-712c64621cca,3990a9f6-5c57-557a-b472-48faefda4cd3,SEARCH,,2026-08-14T18:30:58+07:00,APP
415b420a-24e3-54fb-802a-c14f6bea5683,9349f758-9920-548d-a91a-08b2284c15b2,APP_OPEN,,2026-03-03T07:53:26+07:00,APP
c54ab1bf-28bd-5013-b8d3-0510ff71120e,9349f758-9920-548d-a91a-08b2284c15b2,APP_OPEN,,2025-06-10T04:12:41+07:00,APP
dfa18f2e-f8cd-5fca-800d-3f24fc374338,de7ef236-9ee0-590e-9120-8086d3ca73ca,SEARCH,,2026-06-04T18:06:19+07:00,APP
efbd24f1-9dc4-5af7-9442-d46292473d16,de7ef236-9ee0-590e-9120-8086d3ca73ca,CART_ADD,ITM-0068,2025-07-13T23:59:18+07:00,APP
438f99ee-4ffc-5045-bf4e-b22225815004,de7ef236-9ee0-590e-9120-8086d3ca73ca,PRODUCT_VIEW,ITM-0043,2026-01-21T07:10:05+07:00,APP
19696c8d-240e-5fa2-8924-21c80ec368ed,de7ef236-9ee0-590e-9120-8086d3ca73ca,APP_OPEN,,2025-09-04T16:22:29+07:00,APP
13fec807-0d01-5d50-a94b-5a34c0483aec,de7ef236-9ee0-590e-9120-8086d3ca73ca,SEARCH,,2026-04-21T22:52:29+07:00,APP
372615ad-41ee-5648-82c4-05449570ba1c,0551795f-8aa2-5294-b302-bc2157ff3a79,APP_OPEN,,2026-01-15T18:11:17+07:00,APP
dde51605-8990-50d2-90b4-a856725f7c3c,27c42cd7-3943-5f6c-8970-cd61c888204c,CART_ADD,ITM-0057,2026-03-11T05:48:42+07:00,APP
9a867105-bb1a-5d06-bc33-45c4d07b745b,ed87b4b7-2aa5-50bc-bb81-f1fae7239710,PRODUCT_VIEW,ITM-0091,2026-01-10T12:30:27+07:00,APP
cd6e2979-2724-5fe2-9473-349c899d2792,e8bea511-0ba5-5d72-9c43-f34ff6004728,PRODUCT_VIEW,ITM-0084,2026-01-06T09:58:48+07:00,APP
febd5c57-0935-52fb-9e3c-fc47c62797fd,e8bea511-0ba5-5d72-9c43-f34ff6004728,SEARCH,,2026-05-27T14:01:04+07:00,APP
118a1062-8328-5bd2-90f9-265cd6213b08,e8bea511-0ba5-5d72-9c43-f34ff6004728,PRODUCT_VIEW,ITM-0044,2025-10-11T08:30:33+07:00,APP
8974194e-8473-5761-a6c5-f79b1ddae196,e8bea511-0ba5-5d72-9c43-f34ff6004728,CART_ADD,ITM-0075,2026-08-05T10:58:59+07:00,APP
68a91578-9aa1-5036-96ab-a6b3b1f4c6a1,e8bea511-0ba5-5d72-9c43-f34ff6004728,PRODUCT_VIEW,ITM-0071,2026-08-27T15:01:07+07:00,APP
9b7b2ce5-7278-5a4b-80bc-16729258ed02,e8bea511-0ba5-5d72-9c43-f34ff6004728,APP_OPEN,,2026-06-10T09:43:19+07:00,APP
bc5bad07-68e2-5b45-9f38-6415811654cc,e8bea511-0ba5-5d72-9c43-f34ff6004728,PRODUCT_VIEW,ITM-0096,2026-02-07T12:20:16+07:00,APP
6c1c0ce6-ef4e-559f-a042-8d6cd02a6bfd,f0932a1a-fd0b-59f6-97e2-d7da577d0128,APP_OPEN,,2025-08-03T07:39:22+07:00,APP
e19bce8a-4b17-5404-a972-a4dd92902f53,f0932a1a-fd0b-59f6-97e2-d7da577d0128,PRODUCT_VIEW,ITM-0085,2025-09-21T05:43:27+07:00,APP
a4b5ed5a-e2f7-5e6f-b06b-ea30ed8ce9f3,f0932a1a-fd0b-59f6-97e2-d7da577d0128,SEARCH,,2026-09-27T11:30:30+07:00,APP
65868c5a-daaa-5f9c-8fd8-7f6d9a01f646,c217d06f-fbe4-50b4-ae45-bf7cf8366db2,APP_OPEN,,2026-09-28T12:13:50+07:00,APP
0dd78f23-7abb-5d4e-8523-75e0c9372b24,c217d06f-fbe4-50b4-ae45-bf7cf8366db2,PRODUCT_VIEW,ITM-0068,2026-01-12T05:42:51+07:00,APP
7f0b2974-7547-53ce-84be-4f967c2c902d,c217d06f-fbe4-50b4-ae45-bf7cf8366db2,CART_ADD,ITM-0089,2026-09-19T09:48:07+07:00,APP
8f3b97fa-9d2d-50db-b526-66999c7366c5,c217d06f-fbe4-50b4-ae45-bf7cf8366db2,PRODUCT_VIEW,ITM-0040,2026-08-10T07:18:13+07:00,APP
f5d841fd-59c5-5c0d-8e64-aee79a410ea2,c217d06f-fbe4-50b4-ae45-bf7cf8366db2,CART_ADD,ITM-0077,2025-09-10T14:16:58+07:00,APP
37cf2dde-31dd-5868-a6ef-0688ac46c3b1,c217d06f-fbe4-50b4-ae45-bf7cf8366db2,CART_ADD,ITM-0022,2026-01-31T16:48:06+07:00,APP
7ebddee8-f59e-5d41-8ff5-c6023f65a567,90ddb43f-04ff-5fb4-b29b-ec097c179af7,SEARCH,,2025-09-01T06:44:42+07:00,APP
3af25948-c5d5-58e5-bd8f-8066f6006cba,90ddb43f-04ff-5fb4-b29b-ec097c179af7,APP_OPEN,,2025-09-08T15:56:47+07:00,APP
8b34d4c9-7b2c-5b39-852d-87d462fd2d4a,a4aabca2-0d7c-5b4f-8b01-9e09bff6d9c8,APP_OPEN,,2026-09-21T10:50:50+07:00,APP
fb2d35b0-67cc-5626-853e-f9839720ae7e,a4aabca2-0d7c-5b4f-8b01-9e09bff6d9c8,PRODUCT_VIEW,ITM-0005,2026-08-26T00:28:47+07:00,APP
d74e6ad9-4334-513b-a942-2f5b5e1e148e,a4aabca2-0d7c-5b4f-8b01-9e09bff6d9c8,PRODUCT_VIEW,ITM-0059,2026-03-10T23:35:41+07:00,APP
f14e9671-09ed-5b99-95a5-2cd944a3d194,a4aabca2-0d7c-5b4f-8b01-9e09bff6d9c8,APP_OPEN,,2025-07-08T11:22:22+07:00,APP
383b1747-2091-55a8-b9bd-29c12863ea2a,735eb998-99a1-5b0d-b9b1-8e96ea251281,APP_OPEN,,2025-12-29T03:24:22+07:00,APP
3453fc67-db8d-58c5-805e-08b9d09a323d,735eb998-99a1-5b0d-b9b1-8e96ea251281,APP_OPEN,,2025-09-01T08:23:44+07:00,APP
73f88334-4261-50b0-83b4-e4979d465f74,735eb998-99a1-5b0d-b9b1-8e96ea251281,APP_OPEN,,2026-05-01T14:59:26+07:00,APP
a435756c-3e42-5b42-84e4-04c78484aea2,735eb998-99a1-5b0d-b9b1-8e96ea251281,APP_OPEN,,2025-07-09T03:11:51+07:00,APP
dbb61e77-c20a-56af-8311-242d7fe87783,735eb998-99a1-5b0d-b9b1-8e96ea251281,SEARCH,,2025-04-19T10:18:11+07:00,APP
f575c854-5965-5e02-82ce-d9a5dfd8e16e,414e05fb-34e0-55e1-8212-4b16a1bb430c,PRODUCT_VIEW,ITM-0073,2025-12-27T15:13:04+07:00,APP
dcabdffe-c354-50ff-96a2-d3e4a6395ee6,9c08f13c-8c7a-5024-83c3-984fd46c8e15,SEARCH,,2026-06-15T03:46:19+07:00,APP
214f9a34-65be-5d21-83f8-b00060d0b1a9,a342659d-30dd-5fcf-86b2-42db96bbd03f,APP_OPEN,,2025-06-04T20:51:29+07:00,APP
948f0590-e4b7-58ea-88a7-817ac0eda14b,a342659d-30dd-5fcf-86b2-42db96bbd03f,CART_ADD,ITM-0024,2025-04-19T10:57:12+07:00,APP
00e40d89-be13-5c99-a219-c7763d008c1c,a342659d-30dd-5fcf-86b2-42db96bbd03f,PRODUCT_VIEW,ITM-0069,2026-06-24T05:20:06+07:00,APP
c009882b-576e-58a1-a910-e790e23367f9,868e1bf5-654e-52c7-919c-a967a7bbc9f4,SEARCH,,2025-07-15T21:33:41+07:00,APP
dfd837fa-f599-5700-8a0c-d78c089cc6f3,868e1bf5-654e-52c7-919c-a967a7bbc9f4,APP_OPEN,,2025-09-20T20:09:53+07:00,APP
0cfba87f-f68e-5b91-9224-92539ff91400,868e1bf5-654e-52c7-919c-a967a7bbc9f4,SEARCH,,2025-12-04T17:38:53+07:00,APP
e05a4443-9fc1-58bf-a50e-a0b6d8d85b85,876f30d8-020e-58f8-ae7f-cd873b2114c3,CART_ADD,ITM-0009,2025-11-06T12:31:43+07:00,APP
a0496455-0d98-53f5-bd65-153af8856040,876f30d8-020e-58f8-ae7f-cd873b2114c3,APP_OPEN,,2025-12-31T00:11:13+07:00,APP
f22ee9a7-497e-5d25-ad23-87df352e3a23,7736ac87-7a97-5c3b-ad9d-137aa01dbd39,APP_OPEN,,2026-03-21T19:13:46+07:00,APP
10f0b69a-c09f-5ec3-b4fc-b193918b779e,7736ac87-7a97-5c3b-ad9d-137aa01dbd39,APP_OPEN,,2025-06-16T13:35:14+07:00,APP
9ff13584-17d5-5d18-9271-1989656e25b3,7736ac87-7a97-5c3b-ad9d-137aa01dbd39,APP_OPEN,,2025-09-20T00:18:26+07:00,APP
f7030300-a13d-5b69-ac86-5c7f6c389015,7736ac87-7a97-5c3b-ad9d-137aa01dbd39,SEARCH,,2025-12-08T03:16:03+07:00,APP
ef58b099-e41e-5b83-8d4d-bb49e0a3ffe5,7736ac87-7a97-5c3b-ad9d-137aa01dbd39,CART_ADD,ITM-0063,2026-07-21T06:30:38+07:00,APP
1d5ae707-75ca-5ded-876d-f4b59e93af86,7736ac87-7a97-5c3b-ad9d-137aa01dbd39,APP_OPEN,,2026-03-22T06:00:59+07:00,APP
b3ec1c37-9d84-5417-ab22-a026a571c413,7736ac87-7a97-5c3b-ad9d-137aa01dbd39,PRODUCT_VIEW,ITM-0076,2025-05-30T14:50:10+07:00,APP
163e5293-94ba-57b1-b8a8-0831c850dd1c,7736ac87-7a97-5c3b-ad9d-137aa01dbd39,APP_OPEN,,2026-03-20T21:19:30+07:00,APP
d9854954-91be-5e90-b74e-d4ebdac6c71c,71b8ffad-cec3-5d0d-bca8-360e1a2759a2,APP_OPEN,,2026-02-26T19:22:45+07:00,APP
f4c0e9b5-2c74-59e7-b272-d482e7f6b848,71b8ffad-cec3-5d0d-bca8-360e1a2759a2,CART_ADD,ITM-0096,2025-05-25T10:56:17+07:00,APP
5b568dc2-0ef2-59b4-8b97-5786bee82c51,71b8ffad-cec3-5d0d-bca8-360e1a2759a2,CART_ADD,ITM-0005,2026-06-13T14:42:27+07:00,APP
cabd83e2-6498-5d1d-bc53-da33fd0acac1,71b8ffad-cec3-5d0d-bca8-360e1a2759a2,CART_ADD,ITM-0042,2025-11-12T04:55:31+07:00,APP
79532807-34d1-55e5-9d4b-2d614f00f26e,71b8ffad-cec3-5d0d-bca8-360e1a2759a2,APP_OPEN,,2025-08-16T22:27:05+07:00,APP
3383ae64-79f3-50b1-b2c2-35996711238f,71b8ffad-cec3-5d0d-bca8-360e1a2759a2,APP_OPEN,,2025-07-03T15:06:34+07:00,APP
1e768cd7-5f9c-5abe-892c-d238a38cb30e,71b8ffad-cec3-5d0d-bca8-360e1a2759a2,PRODUCT_VIEW,ITM-0080,2025-05-23T13:28:08+07:00,APP
983a452e-d751-5ebb-9ef8-39e57c47ad51,40f890da-1b3d-510f-bb9c-befb1a7681dc,PRODUCT_VIEW,ITM-0057,2026-03-11T15:33:58+07:00,APP
d6227fdf-9713-5e54-9ff3-1468defa4bd0,40f890da-1b3d-510f-bb9c-befb1a7681dc,SEARCH,,2026-06-16T16:29:16+07:00,APP
baeb9573-f334-5710-899a-2ba5baf1afe3,40f890da-1b3d-510f-bb9c-befb1a7681dc,PRODUCT_VIEW,ITM-0027,2026-04-23T17:15:48+07:00,APP
d916b128-cff3-5efa-9d57-62dbe4fc4087,40f890da-1b3d-510f-bb9c-befb1a7681dc,SEARCH,,2025-05-23T04:24:16+07:00,APP
bf9782ed-14a5-5a92-91ff-df0ca3ad2841,ff5058be-b7e0-52fb-9c43-dac9bfc883f4,APP_OPEN,,2025-04-30T04:24:54+07:00,APP
85574c62-3f0d-5715-8ede-ea2c68a86ff9,087f479f-1942-5f14-9056-718303659556,APP_OPEN,,2026-09-02T13:33:26+07:00,APP
e53cd086-0a8b-53e3-ac83-19c7c9e063cb,087f479f-1942-5f14-9056-718303659556,CART_ADD,ITM-0004,2026-03-04T06:03:17+07:00,APP
6e8413aa-06bb-51d8-a7e6-95d354eb69e1,60441943-fae4-5cb4-83de-b43a167e7278,PRODUCT_VIEW,ITM-0075,2025-11-10T20:41:27+07:00,APP
bdb41def-0957-5565-ad48-f3419b7cb881,60441943-fae4-5cb4-83de-b43a167e7278,APP_OPEN,,2026-04-09T21:18:46+07:00,APP
821b65ad-1b6e-5508-9c83-797de8f1cd63,60441943-fae4-5cb4-83de-b43a167e7278,APP_OPEN,,2026-02-21T02:29:16+07:00,APP
9e1f4ef9-648b-5774-92fc-d83f2f9a444c,60441943-fae4-5cb4-83de-b43a167e7278,APP_OPEN,,2026-07-06T09:46:12+07:00,APP
b50c832b-530f-504e-9a1a-c1a05f9c488d,60441943-fae4-5cb4-83de-b43a167e7278,SEARCH,,2025-05-17T07:10:37+07:00,APP
c7dc5b6e-4c76-56a7-872d-15d9b57bee9a,60441943-fae4-5cb4-83de-b43a167e7278,APP_OPEN,,2026-07-24T03:55:21+07:00,APP
a6bdd855-c0ac-52ec-a03d-46b68a98c270,60441943-fae4-5cb4-83de-b43a167e7278,CART_ADD,ITM-0093,2025-11-04T09:37:09+07:00,APP
c37685f0-cf50-5e6d-8f8e-9ac0831f971d,60441943-fae4-5cb4-83de-b43a167e7278,SEARCH,,2025-04-30T07:46:04+07:00,APP
b0e2d2f5-ef6f-5d74-98b5-7f9a04ae5d00,90e0d7c8-6595-5bd1-8ac6-ffc3ae53b7bc,CART_ADD,ITM-0077,2026-01-22T02:27:55+07:00,APP
ab239c2b-91ac-519d-80cb-522a2e681798,90e0d7c8-6595-5bd1-8ac6-ffc3ae53b7bc,SEARCH,,2025-05-14T09:14:43+07:00,APP
f34ba992-8d7d-5d84-b93e-ba8a624c18dc,90e0d7c8-6595-5bd1-8ac6-ffc3ae53b7bc,CART_ADD,ITM-0058,2026-05-10T10:06:05+07:00,APP
f77c2e01-fc11-561c-a9e3-a54fbb5109ea,ace3aa8e-16fc-538e-8e90-7e34028c98d0,SEARCH,,2026-03-09T03:29:09+07:00,APP
d6a7b108-1bd5-56e8-a27b-3af58b99cb76,ace3aa8e-16fc-538e-8e90-7e34028c98d0,CART_ADD,ITM-0089,2025-11-13T08:12:01+07:00,APP
ecbc1888-bd06-5a0f-9575-b443ebe0b0b5,ace3aa8e-16fc-538e-8e90-7e34028c98d0,CART_ADD,ITM-0018,2026-08-07T14:28:38+07:00,APP
53b31ecc-b19d-54f6-b604-dac51132b9c2,ace3aa8e-16fc-538e-8e90-7e34028c98d0,PRODUCT_VIEW,ITM-0066,2026-08-15T07:57:54+07:00,APP
9de18d07-1227-5a50-b703-2a616c60e7a0,ace3aa8e-16fc-538e-8e90-7e34028c98d0,PRODUCT_VIEW,ITM-0032,2025-06-01T19:02:30+07:00,APP
5f469b88-e074-5a0e-bf72-b73ba38944ee,ace3aa8e-16fc-538e-8e90-7e34028c98d0,SEARCH,,2025-10-01T07:16:48+07:00,APP
45f5e4ae-59a8-59bf-9d34-0688c51d4c6a,ace3aa8e-16fc-538e-8e90-7e34028c98d0,APP_OPEN,,2025-05-31T07:49:33+07:00,APP
7c7e9d35-e399-5104-b880-0afea3f082b7,ace3aa8e-16fc-538e-8e90-7e34028c98d0,PRODUCT_VIEW,ITM-0034,2026-09-20T17:44:20+07:00,APP
531919e9-a880-58a4-9491-8b3c1da52437,0edd2034-531a-562e-a3d3-707ca73e103c,SEARCH,,2026-04-02T21:30:10+07:00,APP
5f7ad1f3-ff73-59a6-83ef-5cf04407ebe5,0edd2034-531a-562e-a3d3-707ca73e103c,CART_ADD,ITM-0009,2025-10-25T20:47:33+07:00,APP
1ade1422-794a-5fa5-b9a2-de95c004b8eb,0edd2034-531a-562e-a3d3-707ca73e103c,SEARCH,,2026-06-14T16:44:22+07:00,APP
f655d0e9-7273-5893-bafa-a9b152398e58,0edd2034-531a-562e-a3d3-707ca73e103c,APP_OPEN,,2025-08-01T02:00:26+07:00,APP
e9c7ec91-d8ec-5df7-8c5e-daf02c2adf66,0edd2034-531a-562e-a3d3-707ca73e103c,CART_ADD,ITM-0043,2025-09-18T17:41:27+07:00,APP
320a28db-5612-5808-8d9b-0332d87d46f6,0edd2034-531a-562e-a3d3-707ca73e103c,SEARCH,,2025-09-09T04:03:06+07:00,APP
9aaf6e16-6a66-59a6-8c80-4809bf8a6712,0edd2034-531a-562e-a3d3-707ca73e103c,PRODUCT_VIEW,ITM-0073,2026-03-03T10:07:48+07:00,APP
7971a18e-19a2-584c-af81-2d353ffe91a4,e4e7eff4-d966-52ab-a2db-e917a70983e9,CART_ADD,ITM-0063,2025-12-11T14:44:23+07:00,APP
0002ae7a-c63b-5457-9e21-5c2e44d1d06c,e4e7eff4-d966-52ab-a2db-e917a70983e9,SEARCH,,2025-10-31T14:42:11+07:00,APP
2f42daf5-cec5-593c-bbfe-03a4b1b2c7cd,e4e7eff4-d966-52ab-a2db-e917a70983e9,SEARCH,,2026-06-09T02:47:42+07:00,APP
f1ffda4d-4c6e-5eb4-a721-295a1fa4b8c5,e4e7eff4-d966-52ab-a2db-e917a70983e9,CART_ADD,ITM-0020,2025-12-13T06:58:03+07:00,APP
1b9adb43-3d9d-598c-b020-a5f0020cefb2,e4e7eff4-d966-52ab-a2db-e917a70983e9,SEARCH,,2026-07-10T13:08:21+07:00,APP
7088414f-0a73-5a68-8ec7-9709bc1475dd,e4e7eff4-d966-52ab-a2db-e917a70983e9,APP_OPEN,,2025-10-11T20:44:25+07:00,APP
c73ffa66-3adc-5c73-a7cd-a4ceafbc6fa9,e4e7eff4-d966-52ab-a2db-e917a70983e9,APP_OPEN,,2026-09-27T13:42:29+07:00,APP
7372e10e-29d1-52d7-b767-bf29392bbe74,e4e7eff4-d966-52ab-a2db-e917a70983e9,SEARCH,,2026-01-26T11:57:32+07:00,APP
8892ecca-2341-58d9-90de-14b26507317f,c3ba8500-ecc1-5e1c-a2ab-985953c17079,SEARCH,,2025-12-04T08:49:50+07:00,APP
1f7aa26b-fb61-5fc5-a50f-414cfe344c67,c3ba8500-ecc1-5e1c-a2ab-985953c17079,PRODUCT_VIEW,ITM-0080,2025-09-08T16:24:15+07:00,APP
0938187e-51ef-5a2a-80d4-b67bcb51044e,c3ba8500-ecc1-5e1c-a2ab-985953c17079,PRODUCT_VIEW,ITM-0036,2025-07-09T12:50:25+07:00,APP
245d73a0-0329-5d39-84e2-1e19925ceb23,c3ba8500-ecc1-5e1c-a2ab-985953c17079,SEARCH,,2026-08-25T18:26:42+07:00,APP
f3389197-4cc7-58c1-ba95-bc696ee356d3,d0be1ef4-ac06-55ae-9378-d869c911c8c0,SEARCH,,2025-09-09T00:39:07+07:00,APP
ac49de98-5852-5afd-b091-662d92f80695,1e1e0835-dc29-595a-8553-e1f835e702da,PRODUCT_VIEW,ITM-0098,2025-07-30T11:54:11+07:00,APP
76f703d2-97b7-5309-9c36-35ae7ed2a84f,1e1e0835-dc29-595a-8553-e1f835e702da,APP_OPEN,,2025-08-21T06:42:30+07:00,APP
c49cccd6-039d-5ea3-b3ae-7e8d2cb92110,1e1e0835-dc29-595a-8553-e1f835e702da,PRODUCT_VIEW,ITM-0021,2025-05-24T10:18:47+07:00,APP
0ddeaeb1-9fbd-5a1f-890c-660d6ad98351,1e1e0835-dc29-595a-8553-e1f835e702da,CART_ADD,ITM-0053,2025-05-24T22:41:37+07:00,APP
b54b5e6b-96af-5b5e-b8c6-874b76627f0c,1e1e0835-dc29-595a-8553-e1f835e702da,APP_OPEN,,2025-04-01T00:39:27+07:00,APP
218edfd0-9eca-58b6-aba1-8c414b763daf,1e1e0835-dc29-595a-8553-e1f835e702da,PRODUCT_VIEW,ITM-0025,2025-11-30T11:37:52+07:00,APP
30dfca59-093c-52b7-b83c-64242703bf68,97dcea47-587a-5d8b-9081-6a9e98c4f4eb,SEARCH,,2026-02-27T02:50:37+07:00,APP
e08c87e0-9ab7-5ec4-be10-e96300f3e87d,97dcea47-587a-5d8b-9081-6a9e98c4f4eb,SEARCH,,2026-03-04T13:21:35+07:00,APP
b63ff69b-4d29-5135-88fb-ed53bd9df6e6,97dcea47-587a-5d8b-9081-6a9e98c4f4eb,SEARCH,,2025-09-02T19:43:11+07:00,APP
838686fa-b45f-5242-9692-e2f57d5e8e2e,97dcea47-587a-5d8b-9081-6a9e98c4f4eb,SEARCH,,2025-07-21T04:24:09+07:00,APP
caf60ee2-f7a2-5eb5-ad85-bc2dfae4d092,97dcea47-587a-5d8b-9081-6a9e98c4f4eb,SEARCH,,2025-09-19T01:31:25+07:00,APP
eb0ce9ab-8694-517b-8871-c3d0112641a6,3013ef52-a871-5412-aa45-367ac71bb9f1,PRODUCT_VIEW,ITM-0075,2026-02-13T06:50:35+07:00,APP
dce6dde5-fcce-58bc-8969-ca7e2c6a73e5,3013ef52-a871-5412-aa45-367ac71bb9f1,PRODUCT_VIEW,ITM-0083,2026-06-21T20:43:49+07:00,APP
f7cd6676-e235-5cd9-a462-1cd9a1bb68b3,3013ef52-a871-5412-aa45-367ac71bb9f1,SEARCH,,2025-10-23T00:51:07+07:00,APP
dfd0a98a-113f-50df-85d3-b84b681d14d9,3013ef52-a871-5412-aa45-367ac71bb9f1,CART_ADD,ITM-0031,2026-06-09T03:44:36+07:00,APP
927df607-2a7f-5184-b143-13a1eafa1688,9470c1f4-1f65-58b3-8221-7654322a398f,CART_ADD,ITM-0056,2026-02-14T05:52:11+07:00,APP
5ff34a7b-4b70-5b0a-b51d-c5f7c230b243,9470c1f4-1f65-58b3-8221-7654322a398f,CART_ADD,ITM-0003,2026-04-09T10:06:03+07:00,APP
5125f6d2-027a-51c6-916c-ae3641267829,9470c1f4-1f65-58b3-8221-7654322a398f,SEARCH,,2025-07-21T03:41:06+07:00,APP
4305f0d4-98d2-532c-be9c-0875b64fc0de,9470c1f4-1f65-58b3-8221-7654322a398f,SEARCH,,2026-03-07T01:18:36+07:00,APP
bc4301a8-6602-506c-aa52-a450f0b3226d,9470c1f4-1f65-58b3-8221-7654322a398f,PRODUCT_VIEW,ITM-0025,2026-01-12T06:15:04+07:00,APP
5ede4ebb-7080-523f-9fd9-e0178e57f521,9470c1f4-1f65-58b3-8221-7654322a398f,APP_OPEN,,2026-09-19T15:07:19+07:00,APP
563b6280-024b-56d7-ba88-6ca7a01b1508,460c3305-ed78-57b2-b31d-501aebd9f282,CART_ADD,ITM-0077,2025-05-21T11:49:44+07:00,APP
bc955e8f-7d1c-5c93-97dc-88be0f9b751a,a105e114-ced6-5f82-9668-8fc8e5796ed4,APP_OPEN,,2026-05-28T14:33:29+07:00,APP
fc2583c1-6c67-52bc-881b-033b2606ab06,472aff56-8f0c-5232-a5e8-0a6da024175b,PRODUCT_VIEW,ITM-0047,2025-08-29T14:51:41+07:00,APP
993b2d3a-d25c-59dd-953c-9a2105961d31,472aff56-8f0c-5232-a5e8-0a6da024175b,PRODUCT_VIEW,ITM-0002,2026-06-08T13:14:23+07:00,APP
0c5f69b7-050b-5924-93f2-0f8e03ab2959,472aff56-8f0c-5232-a5e8-0a6da024175b,APP_OPEN,,2026-09-22T22:52:02+07:00,APP
1bb53547-6c19-58e5-853e-45be14b87ddf,9efeb203-cee8-503f-9300-b6d6338564d8,CART_ADD,ITM-0068,2026-03-10T01:35:50+07:00,APP
2383eb6e-ac6e-5281-ac6a-d9207c33e9f5,9efeb203-cee8-503f-9300-b6d6338564d8,PRODUCT_VIEW,ITM-0070,2025-08-04T00:17:58+07:00,APP
70f3db01-af0d-5a35-be42-3bc6341f301a,9efeb203-cee8-503f-9300-b6d6338564d8,CART_ADD,ITM-0089,2026-08-31T03:24:21+07:00,APP
043e8b25-5093-565a-bbb5-519f2200562e,9efeb203-cee8-503f-9300-b6d6338564d8,SEARCH,,2025-12-30T03:09:52+07:00,APP
de64fd0a-3bc7-53cb-bdb2-edd0e35fd647,c3c185f0-1d78-54bc-b1b5-6ffce2967d93,CART_ADD,ITM-0092,2026-05-09T16:43:48+07:00,APP
b2132965-a87f-5ae7-a71c-c17c7da3c3ec,c3c185f0-1d78-54bc-b1b5-6ffce2967d93,PRODUCT_VIEW,ITM-0053,2025-07-26T04:17:59+07:00,APP
ae7b17ab-d8d4-51b2-a79c-f585489069b0,c3c185f0-1d78-54bc-b1b5-6ffce2967d93,SEARCH,,2026-06-06T12:58:21+07:00,APP
9ee94f74-bb7c-5391-9c4b-c714b28786c7,c3c185f0-1d78-54bc-b1b5-6ffce2967d93,CART_ADD,ITM-0080,2025-09-16T22:07:22+07:00,APP
e9a3827d-9acd-5120-9bfc-1d6891f678ae,c3c185f0-1d78-54bc-b1b5-6ffce2967d93,SEARCH,,2026-08-02T02:02:24+07:00,APP
fe3d7922-9309-5667-93a2-9c550614c72d,58cdc0e8-f084-57d7-b7b4-579942acfeee,CART_ADD,ITM-0062,2025-05-13T17:28:47+07:00,APP
8ab604ea-c823-5d01-8af8-de46ae41d895,58cdc0e8-f084-57d7-b7b4-579942acfeee,SEARCH,,2026-07-27T04:22:44+07:00,APP
c5c9b58d-60cc-5518-b42c-423bf9e9f786,58cdc0e8-f084-57d7-b7b4-579942acfeee,PRODUCT_VIEW,ITM-0056,2026-03-20T06:40:20+07:00,APP
7a680711-9f9e-53ae-ad62-5eafefcd9f6b,58cdc0e8-f084-57d7-b7b4-579942acfeee,APP_OPEN,,2026-07-23T09:37:12+07:00,APP
68db7bd0-3610-5c25-be7c-e88f8923ef9b,58cdc0e8-f084-57d7-b7b4-579942acfeee,PRODUCT_VIEW,ITM-0007,2026-05-22T09:08:48+07:00,APP
98109bce-582f-5098-a362-c622aa0eaa6c,58cdc0e8-f084-57d7-b7b4-579942acfeee,SEARCH,,2026-04-05T18:21:53+07:00,APP
033e8d8f-f9b7-5b25-ae1b-3dcf471f8e46,58cdc0e8-f084-57d7-b7b4-579942acfeee,CART_ADD,ITM-0024,2025-10-11T13:51:23+07:00,APP
99ec360a-9e55-5dd1-9bb8-49c9db93806f,58cdc0e8-f084-57d7-b7b4-579942acfeee,CART_ADD,ITM-0010,2026-05-01T04:09:11+07:00,APP
61e2e1e1-2826-5553-a3f6-c4ca172afb6c,cd1ba0fc-9520-5877-9bbd-7171bd77b66b,SEARCH,,2025-12-07T13:46:55+07:00,APP
cc1afb1e-16c6-5c6e-b3c1-8b0f2882d6f0,cd1ba0fc-9520-5877-9bbd-7171bd77b66b,SEARCH,,2025-06-05T04:50:37+07:00,APP
d601810f-0944-5e37-b5f1-a5b26f7aeef2,374c776b-cc59-5993-be99-93c00c64690a,SEARCH,,2026-09-13T11:41:05+07:00,APP
63e1d6de-2877-5cec-8bc2-a8173092a39a,374c776b-cc59-5993-be99-93c00c64690a,APP_OPEN,,2025-11-10T20:10:16+07:00,APP
d9f28e9c-1252-54c4-8771-67e173e8eee2,374c776b-cc59-5993-be99-93c00c64690a,CART_ADD,ITM-0012,2026-08-10T15:37:42+07:00,APP
406a187a-d5db-54df-8a57-ee541c5555ed,374c776b-cc59-5993-be99-93c00c64690a,APP_OPEN,,2025-07-27T08:42:24+07:00,APP
fb36e1ef-59b9-59c9-aef3-95c40cabd731,374c776b-cc59-5993-be99-93c00c64690a,CART_ADD,ITM-0014,2025-12-11T19:37:42+07:00,APP
f3d3f915-eef1-50cb-b55f-72616df33ebd,374c776b-cc59-5993-be99-93c00c64690a,APP_OPEN,,2025-06-07T23:38:55+07:00,APP
f77ff922-8881-5b1a-8d5e-544d5ae7e628,e9909a1a-2b72-5ac2-a9df-d428c34059f3,PRODUCT_VIEW,ITM-0014,2025-08-27T19:19:22+07:00,APP
034167cf-32d7-56d7-bd5e-f341a5abebdd,e9909a1a-2b72-5ac2-a9df-d428c34059f3,SEARCH,,2026-01-16T01:42:57+07:00,APP
e01ae3f6-d309-5ada-b7bc-d0b6a854d1c3,e6fb6b36-c964-5295-a765-a19b0a997e43,PRODUCT_VIEW,ITM-0037,2026-08-20T21:43:17+07:00,APP
98155c8a-85a4-50b6-aaa9-0149470b0b32,e6fb6b36-c964-5295-a765-a19b0a997e43,APP_OPEN,,2026-04-17T18:50:32+07:00,APP
60996a0b-e35f-51b2-8238-7d5ed08daf55,e6fb6b36-c964-5295-a765-a19b0a997e43,APP_OPEN,,2025-07-11T03:23:06+07:00,APP
2d3769be-e825-5cdd-b146-a97f29ce298d,e6fb6b36-c964-5295-a765-a19b0a997e43,SEARCH,,2025-12-11T14:59:54+07:00,APP
0a7df59f-e5ac-545d-b94f-769684081f64,14b054ac-1a7f-580a-8b07-2c3beaff8c2e,PRODUCT_VIEW,ITM-0015,2025-08-20T02:24:14+07:00,APP
ab793fe5-5d7e-5cf3-a215-b92ccb671f0d,14b054ac-1a7f-580a-8b07-2c3beaff8c2e,PRODUCT_VIEW,ITM-0093,2026-06-16T06:32:59+07:00,APP
172c3b41-a6ed-50be-8614-478264ab4fb5,14b054ac-1a7f-580a-8b07-2c3beaff8c2e,PRODUCT_VIEW,ITM-0010,2026-03-09T17:19:25+07:00,APP
db7d63d0-fcf1-5e57-80f9-5d8a70b7c809,14b054ac-1a7f-580a-8b07-2c3beaff8c2e,SEARCH,,2026-06-10T15:21:33+07:00,APP
d355ecf6-757c-5aa5-84fb-05ed88f3e891,14b054ac-1a7f-580a-8b07-2c3beaff8c2e,SEARCH,,2025-11-06T10:59:35+07:00,APP
4bbb0b97-225e-514a-a4d3-f4d3225ec84f,14b054ac-1a7f-580a-8b07-2c3beaff8c2e,PRODUCT_VIEW,ITM-0056,2026-07-28T03:58:53+07:00,APP
378e7d37-e5c0-5350-96e0-05f49c2757ad,328c97c5-5884-58b0-a45f-4a466e1e7dfe,PRODUCT_VIEW,ITM-0034,2026-05-28T16:13:58+07:00,APP
6f5b5648-b620-5a1b-badb-9eb9ad26c73c,328c97c5-5884-58b0-a45f-4a466e1e7dfe,CART_ADD,ITM-0025,2026-09-22T05:19:55+07:00,APP
6869df88-c06a-5ba0-9cc2-9471a4c4a9f2,a179411f-616c-52c5-aa37-f902b5ffa898,APP_OPEN,,2025-05-01T22:21:59+07:00,APP
369e0945-60e2-57aa-887f-12a3b7e2ffdf,a179411f-616c-52c5-aa37-f902b5ffa898,SEARCH,,2026-09-29T00:35:43+07:00,APP
638a8a19-9ad8-5a99-8db2-373cec9ff42d,a179411f-616c-52c5-aa37-f902b5ffa898,PRODUCT_VIEW,ITM-0054,2026-05-18T03:38:55+07:00,APP
033b9a2d-133d-5a16-b3dc-fcd29ec2d665,a179411f-616c-52c5-aa37-f902b5ffa898,SEARCH,,2026-04-29T23:09:58+07:00,APP
17356737-3c8c-5937-b531-234a5d197538,a179411f-616c-52c5-aa37-f902b5ffa898,PRODUCT_VIEW,ITM-0095,2025-05-20T12:33:27+07:00,APP
08c0dbdb-a5f1-5b4f-9f62-951bbe14adfa,edfe9714-6482-5d38-8564-c186f729dbc8,CART_ADD,ITM-0011,2026-08-06T15:15:13+07:00,APP
5eafc170-ba12-5a18-b680-746c6263711e,edfe9714-6482-5d38-8564-c186f729dbc8,CART_ADD,ITM-0048,2026-01-26T14:41:56+07:00,APP
4c86de9b-a451-5294-9d54-09f4d0f7a309,edfe9714-6482-5d38-8564-c186f729dbc8,PRODUCT_VIEW,ITM-0028,2025-06-29T16:15:43+07:00,APP
a736219e-8473-5bc0-bba0-6ad81c2cc467,edfe9714-6482-5d38-8564-c186f729dbc8,APP_OPEN,,2026-05-22T12:53:22+07:00,APP
b3ad4e0d-f32f-5df6-941a-3e17a2e78628,7447bb1b-cd1d-57bb-8058-b2387b7b432f,CART_ADD,ITM-0058,2026-08-22T03:24:58+07:00,APP
0e9dadf1-934d-5ad6-97d0-8583281ca89e,7447bb1b-cd1d-57bb-8058-b2387b7b432f,SEARCH,,2025-04-12T10:52:41+07:00,APP
ae7e5826-07f3-55af-8bda-d92bb6c41050,7447bb1b-cd1d-57bb-8058-b2387b7b432f,PRODUCT_VIEW,ITM-0062,2026-05-28T22:52:21+07:00,APP
8475211a-45a1-50f2-87a5-a32ff01411c7,1f03f1dc-f678-5b6f-8f17-a2ff59032826,SEARCH,,2026-09-05T08:18:44+07:00,APP
5c73d2bc-5cd8-5382-ada9-973d6ae2823a,d6ad687c-e1e4-569a-b729-1e8cb39d7726,SEARCH,,2026-03-19T02:55:43+07:00,APP
f4e1d9de-c23b-5dd5-a79b-da36d8e6ea09,d6ad687c-e1e4-569a-b729-1e8cb39d7726,PRODUCT_VIEW,ITM-0027,2026-09-26T05:28:31+07:00,APP
9db3fb6f-cda6-5146-bbaf-73fa17230f14,d6ad687c-e1e4-569a-b729-1e8cb39d7726,CART_ADD,ITM-0032,2025-04-12T17:06:49+07:00,APP
7405a21d-6d72-5c9d-94b3-5dce2836602c,d6ad687c-e1e4-569a-b729-1e8cb39d7726,PRODUCT_VIEW,ITM-0064,2025-07-22T11:23:22+07:00,APP
ca1c202d-9d27-52b1-a585-74873ba9c5ce,d1df7e3d-d072-56db-9b79-13761bcf5eb4,SEARCH,,2026-06-06T19:50:36+07:00,APP
8cd8d2e1-949d-581d-a9a0-53b97a7c090d,d1df7e3d-d072-56db-9b79-13761bcf5eb4,SEARCH,,2026-07-02T13:24:48+07:00,APP
137649f7-0bca-5515-be4c-08a2118579c5,d1df7e3d-d072-56db-9b79-13761bcf5eb4,APP_OPEN,,2026-01-03T19:16:26+07:00,APP
3d2d4267-a517-5a48-9cc2-46af9d600651,d1df7e3d-d072-56db-9b79-13761bcf5eb4,APP_OPEN,,2025-09-11T21:16:21+07:00,APP
49effe8b-fa01-57d3-9adc-74274802c8db,d1df7e3d-d072-56db-9b79-13761bcf5eb4,PRODUCT_VIEW,ITM-0012,2026-05-05T11:02:21+07:00,APP
17046fca-f443-5c31-b32b-346f2f0f88bf,d1df7e3d-d072-56db-9b79-13761bcf5eb4,SEARCH,,2025-12-04T16:08:32+07:00,APP
89033964-86d9-53cd-8ee7-6db592b525bf,d1df7e3d-d072-56db-9b79-13761bcf5eb4,SEARCH,,2026-02-15T13:03:48+07:00,APP
539f6612-7360-540b-aca6-c6e12475bf54,d1df7e3d-d072-56db-9b79-13761bcf5eb4,CART_ADD,ITM-0098,2026-05-03T03:56:23+07:00,APP
b4b467e3-86c8-5c56-8a74-23f30cf3b42c,4a3ff75e-a9d0-58f4-8468-7eb8910628c1,PRODUCT_VIEW,ITM-0033,2026-09-16T21:58:32+07:00,APP
d958777f-9d13-5a55-b10f-c68e02855e60,4a3ff75e-a9d0-58f4-8468-7eb8910628c1,APP_OPEN,,2026-05-31T09:31:15+07:00,APP
51c0e915-74e7-53a3-a890-dce47870537f,edb20ff1-a2a6-5253-b630-f59414423e38,SEARCH,,2026-02-23T14:23:49+07:00,APP
86f0907f-397e-5d46-9a03-1d61c6f48465,8077a115-e20d-52bb-a011-6bee276740d8,PRODUCT_VIEW,ITM-0024,2026-08-31T14:06:17+07:00,APP
8a1877bc-f96d-531f-9e54-708538a9c0cf,8077a115-e20d-52bb-a011-6bee276740d8,APP_OPEN,,2026-07-16T01:51:19+07:00,APP
de822aaf-4511-5708-88ae-19ac78f695b1,8077a115-e20d-52bb-a011-6bee276740d8,PRODUCT_VIEW,ITM-0079,2026-07-28T19:28:43+07:00,APP
02aafeda-f4ba-58b9-a2dd-5374e8d22afe,8077a115-e20d-52bb-a011-6bee276740d8,CART_ADD,ITM-0086,2026-06-24T05:12:50+07:00,APP
22af3a5b-0757-53d3-91d1-5162ecda9f7d,4adcb04d-f3b0-5f68-a5de-e121342b6eb1,CART_ADD,ITM-0066,2025-04-09T15:52:17+07:00,APP
96057d32-bd93-50da-b26b-7e66fdbe3aff,4adcb04d-f3b0-5f68-a5de-e121342b6eb1,PRODUCT_VIEW,ITM-0085,2025-05-12T19:30:26+07:00,APP
20d09fb7-63ed-5e79-8663-d5d6d012c7ca,4adcb04d-f3b0-5f68-a5de-e121342b6eb1,APP_OPEN,,2025-04-26T11:42:54+07:00,APP
4d80685e-147f-5bb5-b5a0-5f03c1c59646,f298c848-ba30-56e2-b47a-ef02f2530360,CART_ADD,ITM-0026,2025-08-26T09:00:12+07:00,APP
a59add23-ec51-5a2d-ae6b-f0ff71e8db8e,f298c848-ba30-56e2-b47a-ef02f2530360,CART_ADD,ITM-0077,2026-06-10T17:59:40+07:00,APP
c360e69b-50f3-5d93-a093-5f62962c9b98,f298c848-ba30-56e2-b47a-ef02f2530360,PRODUCT_VIEW,ITM-0053,2025-05-18T15:48:17+07:00,APP
3db9e779-d81b-5532-a2e5-0b7b10b5170f,f298c848-ba30-56e2-b47a-ef02f2530360,PRODUCT_VIEW,ITM-0048,2025-09-15T03:37:01+07:00,APP
27bedce2-fe92-5d6e-84cd-03726fe5ff5e,f298c848-ba30-56e2-b47a-ef02f2530360,APP_OPEN,,2025-12-31T02:59:54+07:00,APP
ed80f4ac-d54b-5839-ae0f-b0aee05c8347,f298c848-ba30-56e2-b47a-ef02f2530360,SEARCH,,2025-04-25T00:45:48+07:00,APP
7769e3a3-70de-53d2-9f0f-4cde3c3c4598,99eff8af-7c6b-5acd-afe1-116e0eb09daf,SEARCH,,2025-07-31T19:17:27+07:00,APP
190b4453-89ad-59ba-9ca1-682949211eee,6a3a1de5-3b7d-576f-9b94-59ab613492cb,PRODUCT_VIEW,ITM-0017,2026-01-17T10:08:01+07:00,APP
e84b378d-3f29-5975-9ff0-8ddc7c414e5a,6a3a1de5-3b7d-576f-9b94-59ab613492cb,APP_OPEN,,2026-08-09T13:21:13+07:00,APP
9971966d-25cd-5ff0-80e0-c615be32d9d7,6a3a1de5-3b7d-576f-9b94-59ab613492cb,APP_OPEN,,2026-08-17T06:13:09+07:00,APP
5be534b5-e865-5b0b-87c8-23460d00cc07,6a3a1de5-3b7d-576f-9b94-59ab613492cb,PRODUCT_VIEW,ITM-0038,2025-08-01T21:04:17+07:00,APP
10eee37d-033c-5dcf-9366-0df059a150c1,6a3a1de5-3b7d-576f-9b94-59ab613492cb,SEARCH,,2025-07-31T00:12:53+07:00,APP
00c5928f-336c-5517-b4c3-d5f8c02b3923,6a3a1de5-3b7d-576f-9b94-59ab613492cb,APP_OPEN,,2025-11-13T12:47:13+07:00,APP
97c8703d-e8f4-5a9c-a48b-a6174469b1f7,6a3a1de5-3b7d-576f-9b94-59ab613492cb,SEARCH,,2026-04-01T08:25:06+07:00,APP
0638eee0-7e1e-59c7-8391-ce998becbd17,228294ba-ff9c-59fe-aa9d-5f138b35c1ec,PRODUCT_VIEW,ITM-0057,2026-06-28T11:27:27+07:00,APP
144aa130-2fb0-512b-8921-49b2b4ea79e9,228294ba-ff9c-59fe-aa9d-5f138b35c1ec,APP_OPEN,,2026-04-01T03:22:44+07:00,APP
b3f9fdc0-0d86-55b5-b4f6-25898477e212,d3947e85-243a-5e5b-8577-d03d4a36603d,SEARCH,,2025-04-16T09:34:36+07:00,APP
31dbb5f1-65fe-56f2-99c1-b931e785436c,d3947e85-243a-5e5b-8577-d03d4a36603d,APP_OPEN,,2026-09-11T05:55:19+07:00,APP
20ab4988-2e85-53eb-b15b-351cdbb84f78,d3947e85-243a-5e5b-8577-d03d4a36603d,SEARCH,,2026-04-03T11:47:56+07:00,APP
4285aa45-e45c-588b-a077-c1b4a198cfc7,d3947e85-243a-5e5b-8577-d03d4a36603d,APP_OPEN,,2025-10-01T06:34:32+07:00,APP
d4a66d38-6eb8-53b6-9f08-5d2cfe2a9746,d3947e85-243a-5e5b-8577-d03d4a36603d,SEARCH,,2025-12-12T16:15:46+07:00,APP
083d09c4-8978-5c06-b66a-c0a4e2e98386,d3947e85-243a-5e5b-8577-d03d4a36603d,SEARCH,,2026-06-20T21:29:54+07:00,APP
d8ba5c5d-4910-50b8-b46b-a6c48d5ad835,d3947e85-243a-5e5b-8577-d03d4a36603d,PRODUCT_VIEW,ITM-0012,2026-06-11T14:47:29+07:00,APP
2c29b671-26ed-56d1-9ed9-6855858b71b5,d3947e85-243a-5e5b-8577-d03d4a36603d,APP_OPEN,,2026-03-31T21:11:19+07:00,APP
8e9646a1-2733-5580-a6da-717387e9092f,d4e7a165-82e7-5c91-99e7-a65e5e7e59b8,CART_ADD,ITM-0065,2025-07-03T18:09:36+07:00,APP
ec4dd1cc-da11-57a9-91f3-f7818461238f,d4e7a165-82e7-5c91-99e7-a65e5e7e59b8,PRODUCT_VIEW,ITM-0002,2025-07-09T08:31:24+07:00,APP
36e5ec6c-3db7-5a0c-a9b7-001341f287d5,d4e7a165-82e7-5c91-99e7-a65e5e7e59b8,SEARCH,,2026-06-16T06:38:57+07:00,APP
d9b41c52-7649-5fd1-9dcb-c13543f249b3,d4e7a165-82e7-5c91-99e7-a65e5e7e59b8,APP_OPEN,,2026-06-29T13:42:38+07:00,APP
a7eca261-a1b3-5763-937f-53eecc05a64c,d4e7a165-82e7-5c91-99e7-a65e5e7e59b8,CART_ADD,ITM-0013,2026-04-30T21:59:14+07:00,APP
645cbe31-b7f1-5858-89f1-475a7351b7a4,d4e7a165-82e7-5c91-99e7-a65e5e7e59b8,APP_OPEN,,2026-01-07T15:38:48+07:00,APP
e880eb0a-0ab1-5b98-8942-a9383f6fcfad,d4e7a165-82e7-5c91-99e7-a65e5e7e59b8,SEARCH,,2025-08-28T08:16:56+07:00,APP
2df04e35-7edd-53f8-96d0-18a9913eeda2,d4e7a165-82e7-5c91-99e7-a65e5e7e59b8,SEARCH,,2026-09-03T19:42:32+07:00,APP
fb130cdf-b722-5315-a823-6e6dec1d8b5e,cb8b2eea-7cab-575c-b6c1-78eaa095a9c1,APP_OPEN,,2025-05-27T13:06:25+07:00,APP
01d82710-e2c7-5dc6-a654-96c2e76123ca,cb8b2eea-7cab-575c-b6c1-78eaa095a9c1,APP_OPEN,,2026-08-05T03:47:53+07:00,APP
a24e92b4-c485-52cf-b3d5-49ad3127170c,cb8b2eea-7cab-575c-b6c1-78eaa095a9c1,APP_OPEN,,2026-05-14T18:23:27+07:00,APP
858305e9-45b3-5e0a-86f6-491fb441df58,d60be382-ed87-56c1-b5cc-af5c142b5e9d,CART_ADD,ITM-0022,2026-05-02T23:22:56+07:00,APP
541cf2b0-76f0-5073-873b-071698b056f3,73c8b169-ec4b-5452-8fc3-7f0fcc66edf5,PRODUCT_VIEW,ITM-0006,2026-05-14T12:31:04+07:00,APP
8b4116ec-c5e7-55db-9349-06bc3d725495,73c8b169-ec4b-5452-8fc3-7f0fcc66edf5,CART_ADD,ITM-0088,2026-09-10T09:09:06+07:00,APP
6a5a1ae0-5e6f-5304-baf9-ba1f2d5bfe60,73c8b169-ec4b-5452-8fc3-7f0fcc66edf5,PRODUCT_VIEW,ITM-0081,2025-11-25T09:19:15+07:00,APP
c1c3da45-79d3-5aa3-9f09-85325043c011,73c8b169-ec4b-5452-8fc3-7f0fcc66edf5,SEARCH,,2026-02-15T22:38:06+07:00,APP
8144ca89-a2a4-589a-892f-fe2ba38aad6b,73c8b169-ec4b-5452-8fc3-7f0fcc66edf5,APP_OPEN,,2025-07-14T13:39:01+07:00,APP
a8878fb1-aee8-54b9-844a-c57323406161,73c8b169-ec4b-5452-8fc3-7f0fcc66edf5,CART_ADD,ITM-0100,2026-09-19T03:08:26+07:00,APP
3dbb6040-40c4-5fec-a2a1-9a21150ea11f,73c8b169-ec4b-5452-8fc3-7f0fcc66edf5,PRODUCT_VIEW,ITM-0044,2026-05-13T15:40:52+07:00,APP
ce678df8-a78b-5488-a09a-cc55978b6280,94a16ea6-1a38-566a-8383-f87e8d470bab,PRODUCT_VIEW,ITM-0025,2026-09-25T18:28:22+07:00,APP
f44cde46-4dd8-50c6-8d7f-878ef10e777c,94a16ea6-1a38-566a-8383-f87e8d470bab,SEARCH,,2026-02-16T06:36:57+07:00,APP
cc57f0ed-38cc-5873-8ce4-2a2ab066202d,94a16ea6-1a38-566a-8383-f87e8d470bab,CART_ADD,ITM-0041,2026-08-23T01:50:03+07:00,APP
84012794-86eb-516b-b2de-84c9795b2e4e,94a16ea6-1a38-566a-8383-f87e8d470bab,APP_OPEN,,2026-07-30T11:46:22+07:00,APP
848b9d39-430e-5850-8fcf-b5b61dc0e729,d4d5ffa6-6893-5e2f-bb9f-2982813181b1,APP_OPEN,,2025-08-24T00:20:35+07:00,APP
a04337e8-2baf-5376-b238-f0d83083e83c,d4d5ffa6-6893-5e2f-bb9f-2982813181b1,CART_ADD,ITM-0002,2026-08-26T08:29:46+07:00,APP
f1c0f835-991b-5b2f-b015-39672c3619b5,a27f70ce-5525-5f6c-a242-dd652bbc5c9c,CART_ADD,ITM-0080,2025-06-20T12:40:10+07:00,APP
77744555-bfa4-5ef3-adeb-770fcace21b4,a27f70ce-5525-5f6c-a242-dd652bbc5c9c,SEARCH,,2026-06-19T01:59:26+07:00,APP
384873c6-eed3-5b70-89c5-d1a88ec99672,a27f70ce-5525-5f6c-a242-dd652bbc5c9c,PRODUCT_VIEW,ITM-0044,2026-09-07T02:09:02+07:00,APP
95908cc2-9c48-5b3b-9af9-caa6e371ef9d,a27f70ce-5525-5f6c-a242-dd652bbc5c9c,CART_ADD,ITM-0064,2025-12-24T14:45:37+07:00,APP
74082902-eaa3-5469-adca-126c103a4262,a27f70ce-5525-5f6c-a242-dd652bbc5c9c,PRODUCT_VIEW,ITM-0024,2026-07-21T19:54:48+07:00,APP
e380b09a-565d-53ff-9333-063ec4b74335,a27f70ce-5525-5f6c-a242-dd652bbc5c9c,PRODUCT_VIEW,ITM-0080,2025-12-31T22:57:52+07:00,APP
3feca844-0307-59bc-98a8-0da67e9efd7a,a27f70ce-5525-5f6c-a242-dd652bbc5c9c,APP_OPEN,,2026-05-28T14:15:45+07:00,APP
4ffe10fd-2931-5b61-a35d-53e9bd5d522d,a27f70ce-5525-5f6c-a242-dd652bbc5c9c,APP_OPEN,,2026-08-03T04:48:21+07:00,APP
494aec4c-33f8-5277-9c03-0c84941a8f68,32c3372e-87eb-546b-b7ea-b2481cdd1dfd,SEARCH,,2025-05-28T08:39:03+07:00,APP
28dd5096-9095-57d5-ba40-5e490de72a01,32c3372e-87eb-546b-b7ea-b2481cdd1dfd,PRODUCT_VIEW,ITM-0084,2026-04-27T09:25:05+07:00,APP
8c04683e-9c87-5adc-9320-0e2768836d38,32c3372e-87eb-546b-b7ea-b2481cdd1dfd,SEARCH,,2025-09-29T04:32:44+07:00,APP
e20c01be-f086-575c-8221-e41b1cbaf9b9,32c3372e-87eb-546b-b7ea-b2481cdd1dfd,SEARCH,,2025-06-19T01:04:27+07:00,APP
9b7c9574-88e4-5533-b9cb-2c999002ad3a,32c3372e-87eb-546b-b7ea-b2481cdd1dfd,SEARCH,,2026-02-24T18:22:09+07:00,APP
de736778-d9de-512e-b461-9ca601efb4d3,09bdbb5a-8774-51ac-95ec-e2d4511c8c82,SEARCH,,2025-11-15T04:07:13+07:00,APP
326ed216-ba0c-5304-9beb-c9652c01b6ab,8f0b5078-ae23-5ea5-9ce6-3f97858fc339,SEARCH,,2026-02-22T16:08:16+07:00,APP
855fa0d3-f879-5801-9a77-cf3c73bc2880,8ccfcb74-ca70-5a0f-b4f5-298c04db5de9,CART_ADD,ITM-0010,2025-12-02T23:13:24+07:00,APP
dbf30e01-ded8-50fd-be22-e42f9fdf2dce,8ccfcb74-ca70-5a0f-b4f5-298c04db5de9,PRODUCT_VIEW,ITM-0051,2026-09-10T19:42:28+07:00,APP
d83b5775-ce3b-5344-b857-5fbea9c47bcc,8ccfcb74-ca70-5a0f-b4f5-298c04db5de9,APP_OPEN,,2026-03-03T11:17:03+07:00,APP
e1575895-e7ae-5f50-b9dc-cde5d788b008,8ccfcb74-ca70-5a0f-b4f5-298c04db5de9,SEARCH,,2025-12-09T12:30:37+07:00,APP
9bf427f7-8cd7-5b57-8d0e-a1560fe812ad,8ccfcb74-ca70-5a0f-b4f5-298c04db5de9,SEARCH,,2026-06-10T09:32:16+07:00,APP
902806be-199a-5c84-b860-41b91446bb38,8ccfcb74-ca70-5a0f-b4f5-298c04db5de9,PRODUCT_VIEW,ITM-0004,2026-08-09T02:59:43+07:00,APP
b63de65c-7014-528b-a085-e215bd223d7b,8ccfcb74-ca70-5a0f-b4f5-298c04db5de9,APP_OPEN,,2026-01-01T08:45:30+07:00,APP
31f08930-8919-505d-b8dd-faf4524e6ce1,8ccfcb74-ca70-5a0f-b4f5-298c04db5de9,SEARCH,,2026-06-20T20:05:31+07:00,APP
9973f520-9770-590f-abe8-e7271df2b03c,0db57e22-684f-5aa4-ab89-4e460dad5828,SEARCH,,2025-06-03T23:18:57+07:00,APP
d0fd47d3-9d78-5b67-8d43-b2904b2813f9,0db57e22-684f-5aa4-ab89-4e460dad5828,SEARCH,,2026-01-29T20:08:18+07:00,APP
e94cdeab-c9a4-509b-b496-c48a307063bf,0db57e22-684f-5aa4-ab89-4e460dad5828,CART_ADD,ITM-0037,2025-09-30T16:40:01+07:00,APP
bf076bc9-1dab-507c-b2f8-90119a7a9586,0db57e22-684f-5aa4-ab89-4e460dad5828,SEARCH,,2026-08-14T08:44:47+07:00,APP
c14cd419-d760-56bc-bd7e-8b233531a204,0db57e22-684f-5aa4-ab89-4e460dad5828,APP_OPEN,,2025-08-24T17:24:04+07:00,APP
ec9caf4d-4ba1-597e-b849-6ab752566c03,507d62fc-445f-5373-8036-b0c9a2794327,APP_OPEN,,2026-06-12T01:15:13+07:00,APP
67f1fc29-208d-5a56-acd8-e2cdabf9a950,507d62fc-445f-5373-8036-b0c9a2794327,SEARCH,,2026-02-08T09:11:42+07:00,APP
60d33471-8084-502a-bc5f-82f682997d90,507d62fc-445f-5373-8036-b0c9a2794327,CART_ADD,ITM-0002,2026-07-17T15:40:22+07:00,APP
cbe622ae-18d7-55f8-b573-3602c8bdf759,d8a40a8b-f59c-5e53-9e0d-6856300b213e,PRODUCT_VIEW,ITM-0100,2025-04-20T10:56:53+07:00,APP
9844271a-47ea-5168-aacd-ce22f4c36941,d704a7a5-b84f-5509-b0fe-248b7bfdea78,APP_OPEN,,2026-05-24T17:56:11+07:00,APP
f2c1ae28-408b-5d4a-9dea-41e7efa16ece,d704a7a5-b84f-5509-b0fe-248b7bfdea78,CART_ADD,ITM-0097,2025-09-27T12:03:58+07:00,APP
8183ac33-7f1e-5931-85f2-a538e9186b4d,d704a7a5-b84f-5509-b0fe-248b7bfdea78,CART_ADD,ITM-0019,2025-05-02T14:36:57+07:00,APP
0f76122f-f50c-5530-8064-630ab78a0bc2,47df81b4-fdd5-5948-8200-187e1207a0df,APP_OPEN,,2026-01-12T09:37:40+07:00,APP
391bc126-64e8-5fcb-b977-ad9d152da820,47df81b4-fdd5-5948-8200-187e1207a0df,APP_OPEN,,2025-06-28T19:00:15+07:00,APP
8234f5e9-f2a7-5877-9461-a70439dcc4fd,47df81b4-fdd5-5948-8200-187e1207a0df,SEARCH,,2025-04-25T03:52:49+07:00,APP
2bde6fba-d462-566a-a369-5b90f1a880c6,47df81b4-fdd5-5948-8200-187e1207a0df,PRODUCT_VIEW,ITM-0056,2025-04-20T10:23:51+07:00,APP
e2fdc2e9-8c2b-5bf3-b444-0a61c09fbce5,47df81b4-fdd5-5948-8200-187e1207a0df,APP_OPEN,,2026-08-17T22:21:05+07:00,APP
377be327-3e02-5950-8d8a-8aeae28d4cbc,47df81b4-fdd5-5948-8200-187e1207a0df,CART_ADD,ITM-0080,2026-05-03T01:07:38+07:00,APP
67f3e837-1c86-5fac-9918-c62da2c40428,ac966022-41b5-5c66-acfd-5bc0999115ee,SEARCH,,2026-09-12T02:17:09+07:00,APP
b318cc54-3bb5-5e77-b937-c39966f2af2d,ac966022-41b5-5c66-acfd-5bc0999115ee,CART_ADD,ITM-0033,2025-09-08T04:54:04+07:00,APP
d43a598e-344d-5e43-8d21-ace0f9a73642,ac966022-41b5-5c66-acfd-5bc0999115ee,SEARCH,,2025-12-13T12:26:26+07:00,APP
200236f9-2623-5a6c-874a-f876cac23b91,a27649bc-b6b1-5ddc-8921-162d3d07003b,SEARCH,,2026-05-15T18:28:34+07:00,APP
226629e1-8e7e-5202-b6a3-061de79e150c,a27649bc-b6b1-5ddc-8921-162d3d07003b,SEARCH,,2026-04-04T14:29:46+07:00,APP
4afac224-9502-50ca-90cb-4886b8a54888,a27649bc-b6b1-5ddc-8921-162d3d07003b,SEARCH,,2026-04-29T12:32:03+07:00,APP
00504c74-1ef4-5387-b9d6-c7491d3cbe71,a27649bc-b6b1-5ddc-8921-162d3d07003b,CART_ADD,ITM-0024,2026-09-04T18:34:20+07:00,APP
b28a16b3-8859-5d5a-a833-80399a48b2ab,e1391f0f-2a6c-5957-9b81-bb3e7c32678e,APP_OPEN,,2026-04-10T02:22:04+07:00,APP
e28a7618-a01a-5ff7-ab0e-fdc15caaa146,e1391f0f-2a6c-5957-9b81-bb3e7c32678e,SEARCH,,2025-05-21T01:59:05+07:00,APP
1e8313cf-83fd-51b8-b2d4-66cee801f1ed,e1391f0f-2a6c-5957-9b81-bb3e7c32678e,CART_ADD,ITM-0092,2026-05-28T00:06:01+07:00,APP
60e09959-2ce6-5ab7-a0eb-7b95fe901ca9,e1391f0f-2a6c-5957-9b81-bb3e7c32678e,SEARCH,,2025-06-24T10:03:18+07:00,APP
9462e4e8-94bd-582a-b246-78de3b1228e7,e1391f0f-2a6c-5957-9b81-bb3e7c32678e,CART_ADD,ITM-0086,2026-08-16T12:27:32+07:00,APP
ca03fe84-3655-5a77-a1e2-7db9dc2b85db,e1391f0f-2a6c-5957-9b81-bb3e7c32678e,SEARCH,,2025-12-04T09:05:06+07:00,APP
a34a9131-6480-537d-b0e0-34f2de1dc29d,e1391f0f-2a6c-5957-9b81-bb3e7c32678e,CART_ADD,ITM-0066,2026-01-26T17:07:27+07:00,APP
d63e72a1-6af3-5140-925a-7ffc336b0f9c,e1391f0f-2a6c-5957-9b81-bb3e7c32678e,PRODUCT_VIEW,ITM-0086,2025-06-03T05:34:25+07:00,APP
8374747d-b1d7-5161-bc5c-7f95e7e7f781,455265e8-39e2-5364-ba00-5be222eff037,PRODUCT_VIEW,ITM-0044,2026-04-15T09:17:44+07:00,APP
47124456-f38b-51b5-963a-9dbc647ef2ad,455265e8-39e2-5364-ba00-5be222eff037,APP_OPEN,,2025-12-25T07:47:51+07:00,APP
a17fb796-6d17-5a49-b19c-008f297be329,455265e8-39e2-5364-ba00-5be222eff037,SEARCH,,2026-07-05T19:39:11+07:00,APP
330d9f92-8aca-51c3-92d8-454718e24ae9,455265e8-39e2-5364-ba00-5be222eff037,APP_OPEN,,2026-03-29T21:57:28+07:00,APP
91c330be-07e3-5878-bc97-b2369057c5bd,455265e8-39e2-5364-ba00-5be222eff037,PRODUCT_VIEW,ITM-0065,2025-08-10T04:43:34+07:00,APP
4eb85ee0-8510-5071-8f9e-4cd45ec4f766,455265e8-39e2-5364-ba00-5be222eff037,PRODUCT_VIEW,ITM-0013,2025-05-13T16:29:45+07:00,APP
3e0901af-1b0e-5123-be46-f6927d31aa6c,455265e8-39e2-5364-ba00-5be222eff037,APP_OPEN,,2025-07-28T19:46:16+07:00,APP
1b093d75-1177-5567-8b7c-55fa74dbd226,b6a33a19-b5fd-51c7-8abd-b30ae14f412f,PRODUCT_VIEW,ITM-0055,2025-07-28T09:10:05+07:00,APP
6f704a6e-6bf9-5507-b62b-4f0eee9beec7,b6a33a19-b5fd-51c7-8abd-b30ae14f412f,APP_OPEN,,2025-12-15T12:24:05+07:00,APP
3a520722-5695-5e2d-808b-9f33892fd0d3,b6a33a19-b5fd-51c7-8abd-b30ae14f412f,PRODUCT_VIEW,ITM-0038,2026-03-29T23:32:30+07:00,APP
0a582a44-a540-5423-941c-53680069fb4f,b6a33a19-b5fd-51c7-8abd-b30ae14f412f,PRODUCT_VIEW,ITM-0067,2026-01-04T17:17:04+07:00,APP
8e694eeb-850c-544d-bd97-320a8bd6f148,b6a33a19-b5fd-51c7-8abd-b30ae14f412f,PRODUCT_VIEW,ITM-0005,2025-07-30T12:03:00+07:00,APP
1360ece7-7940-5c70-8b42-6110a115deac,b6a33a19-b5fd-51c7-8abd-b30ae14f412f,CART_ADD,ITM-0093,2025-11-11T02:33:00+07:00,APP
30256bb5-876c-5184-97fc-f5f8804f80bb,b6a33a19-b5fd-51c7-8abd-b30ae14f412f,SEARCH,,2025-05-01T15:22:08+07:00,APP
01b4b597-06d9-54be-a4ef-3a4258230620,815450fb-8115-514b-b127-bfed5459234f,SEARCH,,2025-04-25T09:57:52+07:00,APP
1eaa795d-9849-56a1-9019-7f43e212d36a,7c5eb950-46a3-5b1d-8d49-5a672b3d1670,SEARCH,,2025-10-24T01:38:20+07:00,APP
18848136-4757-54ce-bb93-a05b16acc5de,7c5eb950-46a3-5b1d-8d49-5a672b3d1670,PRODUCT_VIEW,ITM-0065,2026-03-08T22:35:35+07:00,APP
9556c7f3-1e98-5de8-b7d6-3ccbc9a20f39,7c5eb950-46a3-5b1d-8d49-5a672b3d1670,PRODUCT_VIEW,ITM-0060,2025-08-24T09:00:22+07:00,APP
80e164fd-d78a-598d-96c3-9b81e091e01e,7c5eb950-46a3-5b1d-8d49-5a672b3d1670,APP_OPEN,,2026-01-31T23:18:31+07:00,APP
a1cd99fe-23ad-5ccb-95cf-aa5e6945764d,7c5eb950-46a3-5b1d-8d49-5a672b3d1670,APP_OPEN,,2026-06-25T05:11:20+07:00,APP
54716bb9-8ead-5698-b914-99b2ced4d0ce,f60db5eb-7e15-5642-80f2-f3e3fe094e20,SEARCH,,2026-05-02T05:44:52+07:00,APP
bd847c17-239e-5904-9b83-7f9140d7c52c,a484e34f-d22c-5821-a189-b74f14b70724,SEARCH,,2026-01-06T01:29:00+07:00,APP
f5107c0d-1d0a-507b-ac37-dc0ca5a18443,a484e34f-d22c-5821-a189-b74f14b70724,APP_OPEN,,2026-07-24T11:03:05+07:00,APP
f0cb3ef0-e0f0-5003-9d14-5f1ef8f0ea7e,a484e34f-d22c-5821-a189-b74f14b70724,SEARCH,,2026-07-18T09:25:32+07:00,APP
95949452-26e8-5083-ac0c-e32b987cf280,a484e34f-d22c-5821-a189-b74f14b70724,APP_OPEN,,2025-11-16T20:31:48+07:00,APP
52855b6e-3a33-562e-9522-ce20857c9f5e,a484e34f-d22c-5821-a189-b74f14b70724,PRODUCT_VIEW,ITM-0067,2025-08-18T12:37:49+07:00,APP
18a1875f-c188-59a4-96dc-9907b50836ff,a484e34f-d22c-5821-a189-b74f14b70724,SEARCH,,2026-04-07T03:23:01+07:00,APP
34261888-4a5d-5cc0-9567-7d533e53ff36,a484e34f-d22c-5821-a189-b74f14b70724,PRODUCT_VIEW,ITM-0025,2025-05-29T04:37:51+07:00,APP
ca87f51a-9429-5b1e-88ea-450fec4c23aa,a484e34f-d22c-5821-a189-b74f14b70724,CART_ADD,ITM-0011,2026-02-18T03:36:10+07:00,APP
ecc1db2a-8083-53ce-ab47-56c4d4f9a26b,4aed8e49-b1dd-56a6-840f-acd57238a8ba,PRODUCT_VIEW,ITM-0098,2026-06-27T15:05:15+07:00,APP
64317640-9720-5acf-b756-24f8318198c4,4aed8e49-b1dd-56a6-840f-acd57238a8ba,SEARCH,,2026-01-12T08:35:28+07:00,APP
bde0bd5e-2cb6-54ac-9e29-0a57c2ce08b6,4aed8e49-b1dd-56a6-840f-acd57238a8ba,PRODUCT_VIEW,ITM-0013,2025-12-28T17:45:11+07:00,APP
9cb95745-9725-5f17-9c9f-38c81c8d592d,4aed8e49-b1dd-56a6-840f-acd57238a8ba,SEARCH,,2025-11-14T08:26:53+07:00,APP
6480fe7f-9467-5055-8f36-a90b51909e62,4aed8e49-b1dd-56a6-840f-acd57238a8ba,CART_ADD,ITM-0075,2025-04-19T13:07:01+07:00,APP
df311306-c899-51e4-a172-d42b2376be91,4aed8e49-b1dd-56a6-840f-acd57238a8ba,SEARCH,,2026-07-23T15:48:10+07:00,APP
8f981019-5a08-5faf-8e0f-b42544359df9,4aed8e49-b1dd-56a6-840f-acd57238a8ba,SEARCH,,2025-05-25T12:09:23+07:00,APP
e1387172-1520-5cb9-a44d-e85450a1e45b,4aed8e49-b1dd-56a6-840f-acd57238a8ba,SEARCH,,2026-01-16T23:08:03+07:00,APP
b5f76f9b-c7ec-5ca8-8f30-5abd149afda4,ec2c2003-b410-5b86-a8e0-ca124163c705,PRODUCT_VIEW,ITM-0024,2026-01-10T18:30:23+07:00,APP
bb37c10d-0ddb-5c71-addb-a42bebfb0951,ec2c2003-b410-5b86-a8e0-ca124163c705,CART_ADD,ITM-0074,2025-10-21T11:01:29+07:00,APP
1970d5ba-b3c6-5441-b58c-4e101ea41128,ec2c2003-b410-5b86-a8e0-ca124163c705,PRODUCT_VIEW,ITM-0071,2026-01-17T04:46:31+07:00,APP
991a910c-e027-5bd3-b646-509eaf7316ae,ec2c2003-b410-5b86-a8e0-ca124163c705,PRODUCT_VIEW,ITM-0002,2025-12-18T19:55:13+07:00,APP
c800e64a-f40b-52af-b831-368281c8a273,ec2c2003-b410-5b86-a8e0-ca124163c705,PRODUCT_VIEW,ITM-0069,2025-08-25T00:02:29+07:00,APP
17db5b20-b542-5a77-8e19-9a9f5ed513f3,ec2c2003-b410-5b86-a8e0-ca124163c705,APP_OPEN,,2026-05-16T21:21:58+07:00,APP
6f55dcbe-1b1c-5d5d-9a87-2b73b594515d,ec2c2003-b410-5b86-a8e0-ca124163c705,PRODUCT_VIEW,ITM-0077,2025-11-16T02:12:43+07:00,APP
2419f419-ecc6-55be-aba7-256619788a4c,ec2c2003-b410-5b86-a8e0-ca124163c705,APP_OPEN,,2026-01-13T10:38:27+07:00,APP
8edb8103-a305-58bb-ba04-412e64cc8956,77de8363-018a-50f3-9b28-f9d94825db50,SEARCH,,2026-01-31T15:15:57+07:00,APP
617c753d-2082-538c-880b-9bbd15520be9,77de8363-018a-50f3-9b28-f9d94825db50,APP_OPEN,,2026-08-05T08:53:06+07:00,APP
1b05dd99-b6ce-515c-8aec-a81ff9563cc6,77de8363-018a-50f3-9b28-f9d94825db50,APP_OPEN,,2025-11-14T05:02:14+07:00,APP
c2a7745d-11d2-5e06-b8ae-df84c3661ed8,77de8363-018a-50f3-9b28-f9d94825db50,CART_ADD,ITM-0099,2026-03-06T00:06:34+07:00,APP
9a2ccc34-7611-5173-90c8-791a483601be,77de8363-018a-50f3-9b28-f9d94825db50,CART_ADD,ITM-0065,2026-08-02T23:07:48+07:00,APP
7b8b4c06-ed97-5746-ace8-a6382b2da06a,77de8363-018a-50f3-9b28-f9d94825db50,PRODUCT_VIEW,ITM-0063,2025-04-19T06:29:06+07:00,APP
8499c844-d5e4-5628-8189-3402fd3cc8d8,77de8363-018a-50f3-9b28-f9d94825db50,PRODUCT_VIEW,ITM-0065,2026-07-24T13:21:09+07:00,APP
09410abc-a2e7-5cc2-9876-099987e5ffce,29f011dd-e99b-54f0-848e-97cb2615b9f4,PRODUCT_VIEW,ITM-0008,2025-08-03T15:07:02+07:00,APP
9085666d-ebe2-5b15-b9d9-6ae2f03bc023,29f011dd-e99b-54f0-848e-97cb2615b9f4,CART_ADD,ITM-0073,2025-12-22T01:58:35+07:00,APP
7facd9e7-6b2c-573a-8fc4-4480ed8c9ada,29f011dd-e99b-54f0-848e-97cb2615b9f4,APP_OPEN,,2026-05-17T21:47:29+07:00,APP
497adbcd-75fd-57a7-ab02-f220caf76050,29f011dd-e99b-54f0-848e-97cb2615b9f4,PRODUCT_VIEW,ITM-0008,2025-11-10T21:11:17+07:00,APP
93b697af-f3a7-5d7e-af3e-ce309b95f666,29f011dd-e99b-54f0-848e-97cb2615b9f4,SEARCH,,2025-04-09T17:42:44+07:00,APP
3e598710-23e5-5408-95c8-257b50692980,29f011dd-e99b-54f0-848e-97cb2615b9f4,APP_OPEN,,2026-09-11T00:24:40+07:00,APP
4a5ffb6f-55a6-5009-98dc-8b4dc5b46f7b,29f011dd-e99b-54f0-848e-97cb2615b9f4,PRODUCT_VIEW,ITM-0078,2025-11-16T04:03:18+07:00,APP
19232974-108f-5ba1-969f-0bc82bfc1796,2deed93a-42fb-53fe-b47c-d5b6af09cea0,APP_OPEN,,2025-08-22T09:59:56+07:00,APP
b093f459-5f42-5b7e-9326-e4bc3d427398,9a093dc9-df00-5ddf-b3c8-204c15ad18a3,CART_ADD,ITM-0007,2025-10-20T12:06:53+07:00,APP
6784b2df-c329-5676-aa06-414586144c15,9a093dc9-df00-5ddf-b3c8-204c15ad18a3,APP_OPEN,,2026-05-29T15:17:30+07:00,APP
b288eec4-5f3e-5843-bd35-0bc1f511b479,9a093dc9-df00-5ddf-b3c8-204c15ad18a3,PRODUCT_VIEW,ITM-0030,2026-06-19T22:19:48+07:00,APP
15f7d26e-a667-577c-b3a3-408461a9fbca,9a093dc9-df00-5ddf-b3c8-204c15ad18a3,CART_ADD,ITM-0074,2025-05-16T03:17:02+07:00,APP
0a4cf109-6aad-56e6-aec2-91f76840138d,9a093dc9-df00-5ddf-b3c8-204c15ad18a3,SEARCH,,2026-08-18T08:59:45+07:00,APP
74e160b1-d37d-583f-bbbc-eaf139336187,9a093dc9-df00-5ddf-b3c8-204c15ad18a3,APP_OPEN,,2025-09-29T07:40:38+07:00,APP
95091c42-4141-544b-92b5-5d1cb9a03946,a56a542f-9827-5190-b96c-530c822a9571,CART_ADD,ITM-0069,2026-06-28T12:50:31+07:00,APP
515b46ec-1628-5056-bd8e-9fab05bbaabb,a56a542f-9827-5190-b96c-530c822a9571,APP_OPEN,,2025-10-02T00:25:06+07:00,APP
013e527e-bcf9-5e36-9ad8-0349dfeb4d10,a56a542f-9827-5190-b96c-530c822a9571,APP_OPEN,,2026-08-07T15:46:42+07:00,APP
59409fdb-3035-5abc-a547-900b0e7e5f32,90662bce-3372-52c0-b6d2-c40947e21560,APP_OPEN,,2025-05-06T02:58:59+07:00,APP
bd015608-edc6-514f-9845-651284246957,90662bce-3372-52c0-b6d2-c40947e21560,SEARCH,,2025-06-03T23:25:49+07:00,APP
6f3f316c-d3b2-5b00-907e-03897dcbd6e4,90662bce-3372-52c0-b6d2-c40947e21560,APP_OPEN,,2025-11-06T16:57:22+07:00,APP
141194b0-27fd-530a-87d7-d988427c1808,90662bce-3372-52c0-b6d2-c40947e21560,CART_ADD,ITM-0064,2026-07-02T09:00:56+07:00,APP
4c929f9f-0ba5-5bd4-ab59-7a92efe737b5,90662bce-3372-52c0-b6d2-c40947e21560,SEARCH,,2025-04-07T23:40:49+07:00,APP
cfd9ea22-436a-52f6-a996-30357498960f,90662bce-3372-52c0-b6d2-c40947e21560,CART_ADD,ITM-0053,2026-02-07T23:14:13+07:00,APP
7d07cdcc-dc94-5bd9-86c4-f8095d2d4317,90662bce-3372-52c0-b6d2-c40947e21560,PRODUCT_VIEW,ITM-0082,2026-03-17T17:29:37+07:00,APP
666a7715-ff87-5c8a-88ad-deb39a029b4e,416399d7-a5a9-5d31-8eb8-c585ad2168fb,APP_OPEN,,2026-06-15T15:07:51+07:00,APP
6d52bbc0-a8ba-51b7-b6ea-939a7171b447,416399d7-a5a9-5d31-8eb8-c585ad2168fb,APP_OPEN,,2025-08-12T03:25:00+07:00,APP
556f4e53-3692-543e-988e-123666e288b1,416399d7-a5a9-5d31-8eb8-c585ad2168fb,CART_ADD,ITM-0019,2026-01-13T06:03:01+07:00,APP
3727677f-f3a4-59d9-918b-305a23240772,416399d7-a5a9-5d31-8eb8-c585ad2168fb,APP_OPEN,,2026-01-02T22:04:48+07:00,APP
980403a2-a727-510f-8da8-688f8df1474b,416399d7-a5a9-5d31-8eb8-c585ad2168fb,APP_OPEN,,2025-09-03T01:36:39+07:00,APP
ff25bc1e-08fe-5237-82a4-6b2b8ff50650,c0401da9-037c-5ae2-af94-58dedb226a17,SEARCH,,2026-01-03T08:30:42+07:00,APP
7a530355-9ce8-5f31-b5ab-73f0e410efa8,c0401da9-037c-5ae2-af94-58dedb226a17,PRODUCT_VIEW,ITM-0082,2025-09-12T06:47:18+07:00,APP
318b6b7b-aaeb-51ba-9de0-5120c9b0c8d8,c0401da9-037c-5ae2-af94-58dedb226a17,CART_ADD,ITM-0066,2025-11-07T06:12:18+07:00,APP
2e200dd8-1a86-5141-a85e-d02540605377,c0401da9-037c-5ae2-af94-58dedb226a17,CART_ADD,ITM-0033,2026-04-18T01:23:04+07:00,APP
f8817a06-9da2-56df-8c20-7fd7f668cb52,c0401da9-037c-5ae2-af94-58dedb226a17,SEARCH,,2025-10-23T04:45:27+07:00,APP
bdd26770-e408-5fc6-a34b-4eee75f38615,c0401da9-037c-5ae2-af94-58dedb226a17,PRODUCT_VIEW,ITM-0005,2025-08-19T05:28:52+07:00,APP
37e51f0c-4545-5848-8137-9d76375b0ff0,c0401da9-037c-5ae2-af94-58dedb226a17,CART_ADD,ITM-0098,2025-11-06T03:12:33+07:00,APP
5e656f6f-0268-5cf9-9d61-e70669fdd81e,c0401da9-037c-5ae2-af94-58dedb226a17,APP_OPEN,,2025-11-18T05:22:17+07:00,APP
dd3b78d8-a978-56c5-9960-8626fefb3271,f9c7a025-cdac-53c5-a1c8-961da5810830,APP_OPEN,,2025-11-22T03:27:22+07:00,APP
7b6a70fc-a9ee-5212-bead-034da0438483,f9c7a025-cdac-53c5-a1c8-961da5810830,CART_ADD,ITM-0025,2025-08-30T14:46:16+07:00,APP
c51a1ab1-7cf8-53d3-a3bd-c9c3ebdcf992,f9c7a025-cdac-53c5-a1c8-961da5810830,PRODUCT_VIEW,ITM-0028,2026-09-04T03:22:33+07:00,APP
7ef2257e-41cd-5863-b3bf-7e6474bd4a6d,f9c7a025-cdac-53c5-a1c8-961da5810830,PRODUCT_VIEW,ITM-0088,2026-02-17T11:47:20+07:00,APP
0f36ce4d-6af6-5984-8312-9f3e57a77aff,f9c7a025-cdac-53c5-a1c8-961da5810830,CART_ADD,ITM-0068,2025-10-20T23:37:03+07:00,APP
9cf09556-057b-5399-8d68-66c6d508e787,f9c7a025-cdac-53c5-a1c8-961da5810830,CART_ADD,ITM-0061,2025-12-03T00:14:39+07:00,APP
1651993d-e231-589b-ab44-c6c6c4e5bee7,f9c7a025-cdac-53c5-a1c8-961da5810830,PRODUCT_VIEW,ITM-0043,2026-09-23T13:41:21+07:00,APP
0c77856b-5995-5ca2-bddf-118449061acf,f9c7a025-cdac-53c5-a1c8-961da5810830,APP_OPEN,,2025-07-17T00:20:58+07:00,APP
c652f1e9-94c5-59f2-b959-5b2b6557e524,e925fb81-04b1-52a2-aeba-21e7382ee809,APP_OPEN,,2026-06-07T13:30:48+07:00,APP
8c20c315-edf6-5be5-acc1-66e911d45449,e925fb81-04b1-52a2-aeba-21e7382ee809,APP_OPEN,,2026-04-23T02:12:04+07:00,APP
cbedf141-499d-5e04-9d6f-6188dd8b1db7,e925fb81-04b1-52a2-aeba-21e7382ee809,PRODUCT_VIEW,ITM-0044,2025-07-07T00:16:34+07:00,APP
fb05139e-633e-5c4a-9435-83b0f640e714,e925fb81-04b1-52a2-aeba-21e7382ee809,CART_ADD,ITM-0098,2026-06-08T21:53:02+07:00,APP
ee8f9f1b-fa82-5ca8-afe0-6bdf66017860,e925fb81-04b1-52a2-aeba-21e7382ee809,PRODUCT_VIEW,ITM-0090,2025-06-12T03:47:05+07:00,APP
fe8b5d7d-355f-55cc-9101-403a2506feb4,e925fb81-04b1-52a2-aeba-21e7382ee809,PRODUCT_VIEW,ITM-0054,2025-10-16T19:42:41+07:00,APP
12467d9a-5915-56ec-b767-aea63d27c7c3,e925fb81-04b1-52a2-aeba-21e7382ee809,SEARCH,,2025-08-21T07:44:01+07:00,APP
39bfeb45-60c8-524e-a397-0cf4d5971db2,ae420e25-f673-5941-9db4-dc2e111a93c5,CART_ADD,ITM-0027,2025-11-13T09:14:16+07:00,APP
3b2867ca-669f-5efa-a0ce-d4fcd8377f5c,ae420e25-f673-5941-9db4-dc2e111a93c5,PRODUCT_VIEW,ITM-0035,2025-09-22T02:59:53+07:00,APP
dfcb8c79-5a68-55e3-be5b-521833ba38d8,ae420e25-f673-5941-9db4-dc2e111a93c5,SEARCH,,2025-03-30T23:22:54+07:00,APP
16616912-8023-55b7-824c-3f78b9c1c9fd,ae420e25-f673-5941-9db4-dc2e111a93c5,CART_ADD,ITM-0016,2025-09-27T15:59:56+07:00,APP
4c574fda-f1d2-512f-a834-93b8498a4467,a3dee2d0-7025-597e-919b-e8807510229b,SEARCH,,2026-04-03T05:40:34+07:00,APP
ed1cf054-1eb6-5b0b-82c4-8bf0a9587f57,a3dee2d0-7025-597e-919b-e8807510229b,SEARCH,,2026-09-02T06:06:49+07:00,APP
7c7108d7-3d24-5ef5-be43-94c1bbe83538,a3dee2d0-7025-597e-919b-e8807510229b,CART_ADD,ITM-0063,2025-10-29T08:41:32+07:00,APP
6d6c6e7f-af9d-5ce6-9c64-dae6c4bb6507,a3dee2d0-7025-597e-919b-e8807510229b,CART_ADD,ITM-0010,2026-06-26T11:32:33+07:00,APP
c4badf01-65b1-5fe1-aba2-8e946791cc79,a3dee2d0-7025-597e-919b-e8807510229b,APP_OPEN,,2025-10-12T17:46:46+07:00,APP
e7d4ef1e-f4c9-5299-a116-11ab95347e4b,a3dee2d0-7025-597e-919b-e8807510229b,PRODUCT_VIEW,ITM-0040,2026-03-10T15:30:01+07:00,APP
e526b3a1-748e-5294-88e5-0b53871b587b,64bbc42a-13bf-552f-8f2f-c4103af07d91,SEARCH,,2025-07-04T23:25:43+07:00,APP
977b8b09-624c-5ad6-a49b-c1cb21ab290b,64bbc42a-13bf-552f-8f2f-c4103af07d91,SEARCH,,2025-07-29T11:34:00+07:00,APP
f0edf4c8-f581-56cc-8808-c1a3237e25c9,64bbc42a-13bf-552f-8f2f-c4103af07d91,PRODUCT_VIEW,ITM-0100,2025-04-10T22:36:42+07:00,APP
0f66a5cf-67b2-5809-bda3-a9d8bcdbc047,64bbc42a-13bf-552f-8f2f-c4103af07d91,PRODUCT_VIEW,ITM-0064,2025-10-24T13:01:49+07:00,APP
900e50b7-6bfa-5fa4-9430-ea0fe5b9b33e,64bbc42a-13bf-552f-8f2f-c4103af07d91,APP_OPEN,,2025-04-17T05:34:19+07:00,APP
31cf8a56-1153-50ca-a033-c0f481103206,64bbc42a-13bf-552f-8f2f-c4103af07d91,APP_OPEN,,2026-01-03T12:59:17+07:00,APP
72da0d1d-770c-5173-be8a-b9bbcf11b2e9,64bbc42a-13bf-552f-8f2f-c4103af07d91,SEARCH,,2025-07-07T13:56:13+07:00,APP
2ccf3ff0-e558-56ae-9e00-0d9d535dcc20,195ad6dd-a0be-557d-b701-03fd2485f4b7,CART_ADD,ITM-0091,2026-02-19T13:44:55+07:00,APP
6eaabefe-3f78-55dd-872a-f29246f033ac,195ad6dd-a0be-557d-b701-03fd2485f4b7,SEARCH,,2026-06-04T10:04:05+07:00,APP
d92f5905-dae2-5785-9d1d-98b5317d10a5,195ad6dd-a0be-557d-b701-03fd2485f4b7,PRODUCT_VIEW,ITM-0079,2026-01-19T23:58:31+07:00,APP
18a67627-ebd7-5e7b-b14f-0bd40d494d97,05f1d5ac-80f0-524a-8825-4540e4f93b83,CART_ADD,ITM-0057,2025-05-06T10:23:01+07:00,APP
b9ff122d-a6f1-5fd0-9f1f-cf108eb5ebcc,05f1d5ac-80f0-524a-8825-4540e4f93b83,SEARCH,,2025-08-13T13:42:46+07:00,APP
c158750a-eb38-54fe-9df4-cfdb77d63d95,c0b15c7a-1427-5990-8e30-078984d5128d,SEARCH,,2026-06-19T00:07:18+07:00,APP
062a61b8-60d8-56d3-b423-21608f33c2a2,c0b15c7a-1427-5990-8e30-078984d5128d,APP_OPEN,,2026-03-07T22:23:57+07:00,APP
9a5daaef-d6e4-5c75-bb29-7ba422ee2c59,2317fa87-107e-5d24-8554-eaaee3d21373,SEARCH,,2025-10-11T05:32:34+07:00,APP
955fa69a-a8d6-5d66-9b50-dab8e2f10401,2317fa87-107e-5d24-8554-eaaee3d21373,APP_OPEN,,2025-11-19T15:04:00+07:00,APP
9fd24bf3-635b-533d-be5f-1afeaceecc56,8f7a83fc-8bcf-5bca-804e-bf1163c7b3f6,CART_ADD,ITM-0044,2026-06-22T14:18:30+07:00,APP
2ad7e278-ff9d-59e6-aa9e-44e9de1d04fc,8f7a83fc-8bcf-5bca-804e-bf1163c7b3f6,APP_OPEN,,2026-01-30T21:31:26+07:00,APP
98f85bc0-4036-5e3c-a316-c4a5622e8de3,8f7a83fc-8bcf-5bca-804e-bf1163c7b3f6,APP_OPEN,,2025-12-06T04:44:32+07:00,APP
a8ed9fd9-3411-5763-9929-6a3be5a2c17f,8f7a83fc-8bcf-5bca-804e-bf1163c7b3f6,SEARCH,,2026-02-27T07:45:45+07:00,APP
fc0d6d08-ec0f-5582-9394-d416271d9317,8f7a83fc-8bcf-5bca-804e-bf1163c7b3f6,APP_OPEN,,2026-07-10T22:20:58+07:00,APP
ee421223-a4c0-5b63-bac6-a67a8aa9ef85,8f7a83fc-8bcf-5bca-804e-bf1163c7b3f6,APP_OPEN,,2025-04-07T02:01:06+07:00,APP
e6aca8c8-68c7-5c23-900d-98458a7606d9,8f7a83fc-8bcf-5bca-804e-bf1163c7b3f6,CART_ADD,ITM-0058,2026-04-12T12:36:17+07:00,APP
c01f5d2e-9b82-59ac-9a7f-9dbc0d5c2e5b,56fd882e-5c36-5ee4-9cf1-d72e50875ed8,SEARCH,,2026-06-07T04:51:39+07:00,APP
adc171d5-2a7e-5cb5-b8ec-5f8c1e25b4e7,56fd882e-5c36-5ee4-9cf1-d72e50875ed8,APP_OPEN,,2026-06-28T01:34:23+07:00,APP
3bcccf50-bd00-5051-a4a0-fde7a5488ec1,56fd882e-5c36-5ee4-9cf1-d72e50875ed8,APP_OPEN,,2026-02-07T19:11:21+07:00,APP
ddf8d709-5b18-58c0-b656-71d8da7cf881,56fd882e-5c36-5ee4-9cf1-d72e50875ed8,APP_OPEN,,2025-07-03T07:29:48+07:00,APP
01bde8a1-9a7e-5718-a9b1-aaecd91781ee,56fd882e-5c36-5ee4-9cf1-d72e50875ed8,SEARCH,,2025-06-25T12:10:58+07:00,APP
d3d8b59c-0c23-5da7-8f96-fda4001d16b5,56fd882e-5c36-5ee4-9cf1-d72e50875ed8,SEARCH,,2025-09-20T21:52:01+07:00,APP
59bf341f-9440-5180-bd63-a32330f52f3b,56fd882e-5c36-5ee4-9cf1-d72e50875ed8,PRODUCT_VIEW,ITM-0017,2025-10-28T00:15:20+07:00,APP
db923662-ee94-50c3-8978-b30bbdcec9d1,56fd882e-5c36-5ee4-9cf1-d72e50875ed8,SEARCH,,2025-10-13T03:44:46+07:00,APP
565c7c23-4ff8-559b-ad3d-3ed51700b838,cc096fb9-cdb9-58ee-be33-ca9e79668e24,APP_OPEN,,2025-05-18T20:54:51+07:00,APP
fdbca005-b36e-595f-bb15-6e15e77f158a,cc096fb9-cdb9-58ee-be33-ca9e79668e24,SEARCH,,2025-11-06T12:02:55+07:00,APP
d414806f-8285-53b9-b4d7-ee1bef6cb18d,cc096fb9-cdb9-58ee-be33-ca9e79668e24,SEARCH,,2026-05-05T11:41:47+07:00,APP
a12ab42d-f6c5-5325-91a0-f94884e87ba8,cc096fb9-cdb9-58ee-be33-ca9e79668e24,CART_ADD,ITM-0089,2025-05-22T17:54:15+07:00,APP
4c87f9cc-d522-5928-85d9-e8fcaf89f1b2,cc096fb9-cdb9-58ee-be33-ca9e79668e24,SEARCH,,2026-01-27T01:30:22+07:00,APP
b60207a6-e078-580a-8ca0-afc08fc3a3c3,cc096fb9-cdb9-58ee-be33-ca9e79668e24,PRODUCT_VIEW,ITM-0091,2025-07-31T12:33:05+07:00,APP
f723650d-1f08-5a7f-a914-7e1c8c8d6b8c,cc096fb9-cdb9-58ee-be33-ca9e79668e24,APP_OPEN,,2025-08-02T22:12:03+07:00,APP
fbed2af0-0605-5e41-8835-8df3e79d7994,75800026-bee6-557d-af78-479f3a0d995e,CART_ADD,ITM-0026,2025-11-17T02:58:38+07:00,APP
ecc9f3cb-2bb8-5f8f-b001-84e07d28d973,75800026-bee6-557d-af78-479f3a0d995e,PRODUCT_VIEW,ITM-0083,2026-07-20T22:03:32+07:00,APP
b1e2defe-03d2-5737-95fa-19374355c630,75800026-bee6-557d-af78-479f3a0d995e,PRODUCT_VIEW,ITM-0047,2025-07-02T10:20:31+07:00,APP
3f353b51-b9ab-5cc6-bdf6-b5659a82f9a2,75800026-bee6-557d-af78-479f3a0d995e,CART_ADD,ITM-0038,2026-06-05T05:35:06+07:00,APP
48dea218-b082-5fc4-965c-9c7787f55133,75800026-bee6-557d-af78-479f3a0d995e,SEARCH,,2025-10-14T00:15:10+07:00,APP
1abba208-519c-5d89-9c41-0263ff931aef,75800026-bee6-557d-af78-479f3a0d995e,SEARCH,,2026-01-31T07:33:58+07:00,APP
f07a6476-3f15-5baf-b7d1-80a1e86c8d89,75800026-bee6-557d-af78-479f3a0d995e,PRODUCT_VIEW,ITM-0089,2026-03-23T19:55:34+07:00,APP
1a00e681-e9fc-5f2f-8bbb-55f3fd7adb21,75800026-bee6-557d-af78-479f3a0d995e,CART_ADD,ITM-0047,2026-02-24T19:25:36+07:00,APP
e680d199-0b8a-5388-b489-2532043efa17,894821ba-905d-5817-ad6c-00054cd35a39,PRODUCT_VIEW,ITM-0018,2026-06-05T20:45:50+07:00,APP
f44faba0-b158-5de7-b6a6-8214c4861e28,894821ba-905d-5817-ad6c-00054cd35a39,SEARCH,,2025-10-22T03:08:52+07:00,APP
dfe0c467-79de-57a1-bef0-5aa68349d24c,894821ba-905d-5817-ad6c-00054cd35a39,APP_OPEN,,2025-07-14T05:58:47+07:00,APP
61e99b7f-0e15-5171-a65e-6d15cd5e6ba1,894821ba-905d-5817-ad6c-00054cd35a39,APP_OPEN,,2025-08-22T01:31:32+07:00,APP
b1ce7ddd-9bda-5da5-81b7-70b1f881e7b4,894821ba-905d-5817-ad6c-00054cd35a39,PRODUCT_VIEW,ITM-0084,2026-05-09T22:37:30+07:00,APP
89f388de-3171-562c-b1be-73177312d5e3,894821ba-905d-5817-ad6c-00054cd35a39,CART_ADD,ITM-0041,2026-04-16T15:46:15+07:00,APP
940f869a-271e-5465-befe-7ed84a1a9e55,cee9eaba-cdb4-50fe-82d9-54631aca10e4,PRODUCT_VIEW,ITM-0015,2025-07-06T17:03:45+07:00,APP
b58e1876-abcf-5c21-8f10-c524d5be875e,cee9eaba-cdb4-50fe-82d9-54631aca10e4,PRODUCT_VIEW,ITM-0019,2025-12-29T12:21:35+07:00,APP
85730b67-a0d7-5500-96b6-97ffd7b5056c,762bd83b-e22a-54f0-831f-67fa81ae7905,PRODUCT_VIEW,ITM-0047,2025-07-28T10:00:27+07:00,APP
647eafd2-6d91-54e2-811c-b98df3683f11,762bd83b-e22a-54f0-831f-67fa81ae7905,PRODUCT_VIEW,ITM-0010,2026-04-10T02:25:27+07:00,APP
73157af0-b52c-555b-b6b3-65cce5e7ecc0,762bd83b-e22a-54f0-831f-67fa81ae7905,SEARCH,,2025-07-08T20:19:35+07:00,APP
a041ab16-fb39-50e9-981d-71ef201a799c,762bd83b-e22a-54f0-831f-67fa81ae7905,APP_OPEN,,2026-01-23T01:53:15+07:00,APP
2902f360-fe0a-5641-a3f1-d0237159daf2,762bd83b-e22a-54f0-831f-67fa81ae7905,SEARCH,,2025-04-13T16:39:10+07:00,APP
86801e40-315a-551a-98f7-e680c42834a3,762bd83b-e22a-54f0-831f-67fa81ae7905,APP_OPEN,,2026-09-19T18:50:29+07:00,APP
b588504d-ea1f-55ef-9245-003d0f2f4b24,762bd83b-e22a-54f0-831f-67fa81ae7905,CART_ADD,ITM-0048,2025-10-26T04:28:38+07:00,APP
c3f489d6-4a16-5c6c-a161-c6f34c254ce0,ffff360a-3641-5158-9d39-0ce1ff867c13,CART_ADD,ITM-0062,2026-02-23T16:37:39+07:00,APP
23e8891d-ad5e-5e41-9b9a-a9503f2a99f2,f163e40c-6e36-52dc-a568-724a80fe3920,CART_ADD,ITM-0075,2026-04-14T19:09:00+07:00,APP
e503c41a-d29d-55c4-9b0a-d78da92c027b,f163e40c-6e36-52dc-a568-724a80fe3920,SEARCH,,2025-04-14T13:32:56+07:00,APP
ef33963c-5279-513f-bdd4-0318585d71f9,f163e40c-6e36-52dc-a568-724a80fe3920,PRODUCT_VIEW,ITM-0057,2026-05-17T05:15:24+07:00,APP
6fa55ce5-7fd3-507b-8d16-cc7cff8d0b7f,f163e40c-6e36-52dc-a568-724a80fe3920,PRODUCT_VIEW,ITM-0018,2025-11-05T09:21:10+07:00,APP
07420cec-ff39-533f-b647-83a51f8ec25d,f163e40c-6e36-52dc-a568-724a80fe3920,CART_ADD,ITM-0059,2025-09-04T16:41:18+07:00,APP
2e511b87-b1b8-5d87-b80f-8001d1d64f95,f163e40c-6e36-52dc-a568-724a80fe3920,APP_OPEN,,2026-09-05T14:03:02+07:00,APP
f2633a2b-b9b8-59ea-9a66-8bf6b899d9ff,f163e40c-6e36-52dc-a568-724a80fe3920,SEARCH,,2025-04-30T19:22:27+07:00,APP
6cd8cea4-87f0-5b60-9e76-8e77b7d243aa,f163e40c-6e36-52dc-a568-724a80fe3920,SEARCH,,2026-07-14T04:20:39+07:00,APP
271fa710-1818-5b0b-8904-1d06e85cac49,e3e2127a-0f99-56d9-abaf-46b842138ec2,SEARCH,,2025-05-20T21:05:36+07:00,APP
9007ad2c-be6e-5d10-bed7-151b236f421a,e3e2127a-0f99-56d9-abaf-46b842138ec2,CART_ADD,ITM-0047,2026-07-27T17:04:10+07:00,APP
812402e1-386b-547a-bc72-f843ff77867a,e3e2127a-0f99-56d9-abaf-46b842138ec2,SEARCH,,2026-05-08T03:24:04+07:00,APP
0159c900-d0e6-57c0-8b57-3844ca080a7d,076f8f48-4aa7-58ac-a049-d51e7c5824ae,PRODUCT_VIEW,ITM-0004,2025-07-15T13:23:15+07:00,APP
c76da7a7-7e51-580f-acf7-05cdcc55acd8,076f8f48-4aa7-58ac-a049-d51e7c5824ae,APP_OPEN,,2026-01-13T02:00:39+07:00,APP
e3591587-3959-5a55-8198-dd47c62884d3,e8d25f56-675c-5891-be74-db573882bf1a,PRODUCT_VIEW,ITM-0035,2026-01-18T01:44:38+07:00,APP
98909365-02dc-5913-819b-bce99cdbeed3,e8d25f56-675c-5891-be74-db573882bf1a,APP_OPEN,,2026-09-26T02:38:21+07:00,APP
beb97d55-de19-540c-a4f2-de652ff6c196,e8d25f56-675c-5891-be74-db573882bf1a,SEARCH,,2026-06-05T09:35:48+07:00,APP
f5810d97-6601-5385-bfcc-d6a7ed776e1d,e8d25f56-675c-5891-be74-db573882bf1a,APP_OPEN,,2025-12-08T02:04:58+07:00,APP
49e640fe-e803-5563-94d8-91afccf91f48,e8d25f56-675c-5891-be74-db573882bf1a,APP_OPEN,,2026-05-21T04:18:30+07:00,APP
5b7e1a6d-1da2-5165-b1b8-c512dc535070,e8d25f56-675c-5891-be74-db573882bf1a,APP_OPEN,,2025-07-31T08:33:21+07:00,APP
6d55ba4f-d162-553b-9ebe-7a55356aeb61,e8d25f56-675c-5891-be74-db573882bf1a,PRODUCT_VIEW,ITM-0025,2026-01-19T20:40:59+07:00,APP
cf64362f-5302-579a-ad3d-d026e8e38dfd,41e81a13-ee12-5244-917b-fe0e2a4a9ac1,SEARCH,,2026-09-08T07:55:58+07:00,APP
430be3e2-dc84-5777-99a1-19b1c2167991,41e81a13-ee12-5244-917b-fe0e2a4a9ac1,CART_ADD,ITM-0046,2025-08-02T16:22:47+07:00,APP
42748846-9d55-5856-a105-7b72a5b93b9c,41e81a13-ee12-5244-917b-fe0e2a4a9ac1,SEARCH,,2026-03-05T00:41:33+07:00,APP
97353cc0-6fd3-5cfb-92dc-9a250d75a291,41e81a13-ee12-5244-917b-fe0e2a4a9ac1,APP_OPEN,,2025-12-03T17:47:27+07:00,APP
f47194c1-70d9-5fb8-8c89-0e0fc3047bde,41e81a13-ee12-5244-917b-fe0e2a4a9ac1,SEARCH,,2026-09-14T19:02:55+07:00,APP
e7ce16c8-e53c-55f7-8bf0-e94fae7d5b33,41e81a13-ee12-5244-917b-fe0e2a4a9ac1,PRODUCT_VIEW,ITM-0079,2025-07-28T07:09:39+07:00,APP
1a602f28-dd6b-513e-9980-1b536e790bbc,41e81a13-ee12-5244-917b-fe0e2a4a9ac1,APP_OPEN,,2026-05-27T07:05:16+07:00,APP
6cea6807-ae7a-5946-ae96-bd92ed37e7c0,73ae93ad-f0c8-5c3d-bdb7-1917da453de4,APP_OPEN,,2025-05-01T14:09:27+07:00,APP
3cf7147f-0a7b-5415-8da7-99931a394f03,73ae93ad-f0c8-5c3d-bdb7-1917da453de4,APP_OPEN,,2025-12-21T20:30:32+07:00,APP
c9e4e35c-18f1-5007-a4c2-b37737f460d2,73ae93ad-f0c8-5c3d-bdb7-1917da453de4,PRODUCT_VIEW,ITM-0091,2026-01-18T09:33:30+07:00,APP
c69d0223-3d77-5c16-9071-7c53cb50995f,73ae93ad-f0c8-5c3d-bdb7-1917da453de4,SEARCH,,2026-06-01T22:00:43+07:00,APP
17fb1409-94c3-58d2-b7ab-6efb485ea7e7,73ae93ad-f0c8-5c3d-bdb7-1917da453de4,CART_ADD,ITM-0009,2025-11-18T06:02:56+07:00,APP
4b0830aa-8844-5936-99ed-f64981ef8449,73ae93ad-f0c8-5c3d-bdb7-1917da453de4,APP_OPEN,,2026-06-10T09:55:39+07:00,APP
20cd30ae-0bc8-51d0-8925-d4678791b36c,73ae93ad-f0c8-5c3d-bdb7-1917da453de4,APP_OPEN,,2025-09-20T10:12:48+07:00,APP
0398cf32-6d81-53f3-b526-46f507c4d577,73ae93ad-f0c8-5c3d-bdb7-1917da453de4,PRODUCT_VIEW,ITM-0017,2026-09-21T21:45:42+07:00,APP
55ced71f-0929-55e2-b151-83510b888c39,036e2f2e-0356-58cc-83af-06678ecd0876,CART_ADD,ITM-0004,2025-09-15T20:28:11+07:00,APP
8b88d9d2-82e6-536c-b379-5a619b605b00,036e2f2e-0356-58cc-83af-06678ecd0876,APP_OPEN,,2025-05-01T09:08:59+07:00,APP
3ac65753-23c1-5faa-8da3-6d3954b0be07,036e2f2e-0356-58cc-83af-06678ecd0876,APP_OPEN,,2026-08-26T03:15:51+07:00,APP
b1de6cbe-ddf5-54a7-b6d5-b26f28ef1834,036e2f2e-0356-58cc-83af-06678ecd0876,APP_OPEN,,2026-01-07T01:05:38+07:00,APP
a49c5a39-86f2-571e-9c2c-649e0ca3d05a,036e2f2e-0356-58cc-83af-06678ecd0876,CART_ADD,ITM-0099,2026-04-28T04:13:50+07:00,APP
d79d58b6-72c6-5326-b833-e0483550f12a,036e2f2e-0356-58cc-83af-06678ecd0876,CART_ADD,ITM-0065,2025-12-30T01:46:24+07:00,APP
cd0ff788-bd6d-5c67-84a0-9fb0b6cb39dc,036e2f2e-0356-58cc-83af-06678ecd0876,CART_ADD,ITM-0059,2026-07-22T15:17:12+07:00,APP
d455382b-587d-5150-ac30-8df04c289237,036e2f2e-0356-58cc-83af-06678ecd0876,PRODUCT_VIEW,ITM-0077,2026-05-14T06:39:17+07:00,APP
86d5557c-036d-5568-a382-830207c46aa3,aa63cc3a-7adf-5f4d-8f2f-74e47dce7ec1,SEARCH,,2026-02-25T01:37:19+07:00,APP
e8e2e66d-3a5f-512a-a860-45a4660592b8,aa63cc3a-7adf-5f4d-8f2f-74e47dce7ec1,CART_ADD,ITM-0039,2025-08-02T10:09:28+07:00,APP
c510375b-3d0f-55c9-9414-0d960adf64c2,f76ca3e2-a569-5214-8420-b60b6aa369e4,APP_OPEN,,2025-11-06T05:27:19+07:00,APP
ddd91786-b137-55b9-86ec-21eeee2cdb2b,f76ca3e2-a569-5214-8420-b60b6aa369e4,SEARCH,,2026-03-23T12:29:50+07:00,APP
881d1a4a-83a1-5f20-8f3a-344ddf11074d,f76ca3e2-a569-5214-8420-b60b6aa369e4,APP_OPEN,,2026-01-08T05:28:52+07:00,APP
d1305cd2-00c3-5b74-8fcb-d83daa460747,f76ca3e2-a569-5214-8420-b60b6aa369e4,CART_ADD,ITM-0018,2026-08-03T15:18:34+07:00,APP
e43d8321-3647-5aee-bb6c-3efacb584034,f76ca3e2-a569-5214-8420-b60b6aa369e4,SEARCH,,2025-05-18T15:13:17+07:00,APP
190a3ecd-2275-585e-8175-56d1f986cd27,f76ca3e2-a569-5214-8420-b60b6aa369e4,PRODUCT_VIEW,ITM-0027,2025-12-24T16:21:41+07:00,APP
c4db4faa-1d44-5dd1-a7af-5cb4f0cffb44,9d88cdd8-4128-5e71-a9a9-47fe4d3197a7,PRODUCT_VIEW,ITM-0017,2025-07-06T00:55:30+07:00,APP
9b2b6c69-0cc3-5b27-bc4d-713c1e0295fd,9d88cdd8-4128-5e71-a9a9-47fe4d3197a7,APP_OPEN,,2026-06-05T05:15:28+07:00,APP
d4a3ec65-96ed-5ddd-9f64-837384a35249,9d88cdd8-4128-5e71-a9a9-47fe4d3197a7,SEARCH,,2026-03-15T18:34:53+07:00,APP
b34746f6-555c-518c-b809-c7601f7c7157,f99d5b5f-18c7-53bc-8b12-3367d34e5d46,SEARCH,,2025-07-14T00:22:44+07:00,APP
caaec77c-2a4d-5de6-8e89-1175e25acb6a,f99d5b5f-18c7-53bc-8b12-3367d34e5d46,APP_OPEN,,2025-10-12T15:26:51+07:00,APP
4c33e1b4-9a50-56c2-98ce-2e2acba7b905,f99d5b5f-18c7-53bc-8b12-3367d34e5d46,PRODUCT_VIEW,ITM-0095,2026-05-21T17:10:11+07:00,APP
113851bc-9fc2-5fc9-b642-ef5c9a9e3c37,f99d5b5f-18c7-53bc-8b12-3367d34e5d46,APP_OPEN,,2025-08-04T13:52:38+07:00,APP
c15bc70a-bf61-50ff-b5b0-02e14d418349,f99d5b5f-18c7-53bc-8b12-3367d34e5d46,APP_OPEN,,2025-06-28T00:13:35+07:00,APP
2ad2533d-37af-5a54-bf7f-0be22b389ea3,f99d5b5f-18c7-53bc-8b12-3367d34e5d46,SEARCH,,2026-09-11T20:58:34+07:00,APP
a444aa3e-a58c-58b5-82a1-7701d81f4ad8,f99d5b5f-18c7-53bc-8b12-3367d34e5d46,SEARCH,,2026-04-24T14:00:57+07:00,APP
51051abf-a7a7-5426-8b4b-321551b6552b,f99d5b5f-18c7-53bc-8b12-3367d34e5d46,PRODUCT_VIEW,ITM-0035,2026-01-02T10:01:59+07:00,APP
ead36be0-864e-5bb2-a74e-4f687f0b2165,cb557f74-6bcf-541d-93cd-2a32afd06bc6,CART_ADD,ITM-0035,2026-05-29T07:31:02+07:00,APP
d3fdf032-4a10-5494-ae4f-dfb9af42e5a3,cb557f74-6bcf-541d-93cd-2a32afd06bc6,PRODUCT_VIEW,ITM-0040,2025-05-22T05:16:23+07:00,APP
5a738352-8d6c-5142-9af8-91c5815b119e,cb557f74-6bcf-541d-93cd-2a32afd06bc6,SEARCH,,2025-05-21T12:50:30+07:00,APP
9c4e3651-4310-5a2d-992e-4e03e77638b4,cb557f74-6bcf-541d-93cd-2a32afd06bc6,APP_OPEN,,2026-04-15T07:17:46+07:00,APP
7f33d821-c043-5736-a905-c534757bc5ca,cb557f74-6bcf-541d-93cd-2a32afd06bc6,APP_OPEN,,2025-08-16T11:03:19+07:00,APP
4185b2c7-235c-5951-a924-aa835a35624a,cb557f74-6bcf-541d-93cd-2a32afd06bc6,PRODUCT_VIEW,ITM-0020,2025-09-18T22:58:02+07:00,APP
221efaa7-6f2a-5665-8a59-ad7f297e2826,5806fec7-82a6-5049-b1f5-f05c97e7671d,APP_OPEN,,2026-04-01T00:43:14+07:00,APP
dacceb4d-59f9-5a35-81c6-f07664e6589c,5806fec7-82a6-5049-b1f5-f05c97e7671d,CART_ADD,ITM-0063,2025-09-05T09:07:46+07:00,APP
2dec1ea0-6917-5c67-885e-f530bbb8968d,5806fec7-82a6-5049-b1f5-f05c97e7671d,APP_OPEN,,2025-07-22T15:08:57+07:00,APP
9f11d476-4889-51dc-ac7f-e70d4611f061,5806fec7-82a6-5049-b1f5-f05c97e7671d,APP_OPEN,,2025-10-12T01:49:37+07:00,APP
65c33084-b8a1-52f4-a2c8-906bc10a1627,5806fec7-82a6-5049-b1f5-f05c97e7671d,APP_OPEN,,2025-11-19T08:00:38+07:00,APP
d03bac0d-4980-537c-a89b-3ecbaf6f2b18,5806fec7-82a6-5049-b1f5-f05c97e7671d,SEARCH,,2025-04-22T05:00:17+07:00,APP
1a443ffa-106e-5696-a14e-eb86e8f12e74,5806fec7-82a6-5049-b1f5-f05c97e7671d,PRODUCT_VIEW,ITM-0037,2026-08-22T03:36:03+07:00,APP
35789875-e5c3-5653-b037-2d5ca8336974,5806fec7-82a6-5049-b1f5-f05c97e7671d,PRODUCT_VIEW,ITM-0076,2026-05-16T06:31:11+07:00,APP
47a94539-3589-5cb8-8263-1f1fbb142463,ba7707f8-6393-5f21-8281-fc281b3e6104,APP_OPEN,,2026-08-17T23:45:59+07:00,APP
7ef2dc14-c5a2-5d68-aab4-56ea5e04790c,ba7707f8-6393-5f21-8281-fc281b3e6104,CART_ADD,ITM-0096,2025-09-25T11:01:59+07:00,APP
21d49962-c9ba-5ed0-970f-8ad92e294384,ba7707f8-6393-5f21-8281-fc281b3e6104,CART_ADD,ITM-0060,2026-04-03T20:53:30+07:00,APP
6f5cbedb-4421-5e68-977a-68d8259696b9,ba7707f8-6393-5f21-8281-fc281b3e6104,CART_ADD,ITM-0020,2026-06-25T21:09:31+07:00,APP
48b15f25-4b3d-55d6-b75e-b68fe46c7af9,ba7707f8-6393-5f21-8281-fc281b3e6104,SEARCH,,2026-07-21T12:58:41+07:00,APP
707d70b6-72bc-593e-aa47-ce477472b3f3,ba7707f8-6393-5f21-8281-fc281b3e6104,PRODUCT_VIEW,ITM-0081,2026-04-22T08:53:49+07:00,APP
6d787326-921d-5d0d-a5be-05d741c93648,ba7707f8-6393-5f21-8281-fc281b3e6104,CART_ADD,ITM-0055,2025-07-29T04:38:17+07:00,APP
8577f4de-1a5b-55eb-9147-acb6b1a1477e,b2465deb-b829-5dd2-ad41-270277b60005,CART_ADD,ITM-0019,2025-11-28T07:45:38+07:00,APP
34885ebf-cba3-5e25-85e8-421f3c5cb073,b2465deb-b829-5dd2-ad41-270277b60005,PRODUCT_VIEW,ITM-0021,2025-05-29T15:12:23+07:00,APP
46e9689d-798b-52cc-aef8-20ee06457121,b2465deb-b829-5dd2-ad41-270277b60005,CART_ADD,ITM-0050,2026-01-30T12:08:54+07:00,APP
7ef0d476-fa6b-5315-88ac-6410b67c5827,b2465deb-b829-5dd2-ad41-270277b60005,PRODUCT_VIEW,ITM-0015,2025-12-07T04:28:04+07:00,APP
79c497b9-2af6-56a7-993d-83f4da0fbc03,b2465deb-b829-5dd2-ad41-270277b60005,APP_OPEN,,2026-05-18T22:15:12+07:00,APP
8975e72b-6949-58e5-97c3-d7dfc6ee5be0,b2465deb-b829-5dd2-ad41-270277b60005,CART_ADD,ITM-0072,2025-08-20T21:30:40+07:00,APP
742f0202-e9b2-54c1-97c3-4ec332332b3c,b2465deb-b829-5dd2-ad41-270277b60005,APP_OPEN,,2026-02-05T15:59:16+07:00,APP
6dfd4e8e-b135-5cf5-bad1-c16c7f167c5e,b2465deb-b829-5dd2-ad41-270277b60005,APP_OPEN,,2026-08-28T05:01:17+07:00,APP
a5d7fba7-0731-5743-b814-fa9e2ae54e65,562e6ccb-0679-5e2d-ac8c-25ace4fc202f,CART_ADD,ITM-0035,2026-06-24T07:10:35+07:00,APP
f3669175-cf31-59de-b31c-41c8f41a0eee,562e6ccb-0679-5e2d-ac8c-25ace4fc202f,APP_OPEN,,2025-09-21T00:55:17+07:00,APP
b2a2960d-16e9-5849-8341-b6047fb91aa3,562e6ccb-0679-5e2d-ac8c-25ace4fc202f,APP_OPEN,,2025-05-08T23:32:03+07:00,APP
49253084-557f-59e2-bdf3-1feaf03efdd6,562e6ccb-0679-5e2d-ac8c-25ace4fc202f,APP_OPEN,,2026-03-01T00:00:41+07:00,APP
01008dc0-296f-53b0-930b-cba8df7a0f69,562e6ccb-0679-5e2d-ac8c-25ace4fc202f,SEARCH,,2025-09-28T02:05:58+07:00,APP
db45b577-0fac-5388-86a0-b5436d18ed61,f8c27203-dcf4-59f2-b34b-faf67799d4d2,PRODUCT_VIEW,ITM-0025,2026-05-28T03:29:34+07:00,APP
27c5cfc3-a448-5596-8dba-6b05c0ae03a3,f8c27203-dcf4-59f2-b34b-faf67799d4d2,APP_OPEN,,2026-06-13T11:25:51+07:00,APP
707fe2bc-f221-5fc5-8fa1-cc111c35f354,f8c27203-dcf4-59f2-b34b-faf67799d4d2,PRODUCT_VIEW,ITM-0081,2025-09-05T03:39:59+07:00,APP
73be8620-83ed-571f-b4c3-b5c992fdcfce,f8c27203-dcf4-59f2-b34b-faf67799d4d2,SEARCH,,2025-05-04T21:44:47+07:00,APP
f85d0f4b-669c-50de-b7f9-cecd311d4d77,f8c27203-dcf4-59f2-b34b-faf67799d4d2,SEARCH,,2025-12-24T23:13:10+07:00,APP
6c561214-0100-52ef-83ad-d999ce537849,e8f12ce7-9aab-5473-9797-0f4367677d6c,CART_ADD,ITM-0097,2026-05-22T09:11:28+07:00,APP
a9c86095-4f85-5b4c-ad6e-f8cc5fbcbe82,e8f12ce7-9aab-5473-9797-0f4367677d6c,PRODUCT_VIEW,ITM-0079,2026-07-31T14:47:49+07:00,APP
cda59311-9ee8-5545-8931-a0c3fc355f69,e8f12ce7-9aab-5473-9797-0f4367677d6c,APP_OPEN,,2026-05-16T03:05:19+07:00,APP
04999def-22ce-50fa-914d-878d0c11497e,e8f12ce7-9aab-5473-9797-0f4367677d6c,PRODUCT_VIEW,ITM-0042,2025-04-22T10:28:03+07:00,APP
32c9ab3d-29bb-57e3-bceb-906af505818b,e8f12ce7-9aab-5473-9797-0f4367677d6c,SEARCH,,2025-05-23T12:29:46+07:00,APP
b2db4f82-6ff4-55cc-a9ec-cb5691144a95,1dbeeaef-17f3-5b18-acc6-8dbc38e5e3a1,SEARCH,,2026-03-02T22:14:51+07:00,APP
bc5a3ce2-b1b1-5288-8c4b-5a1cc30667f1,1dbeeaef-17f3-5b18-acc6-8dbc38e5e3a1,APP_OPEN,,2025-06-29T09:01:08+07:00,APP
0a76c87d-715a-50bb-a367-c4df01e3abdc,1dbeeaef-17f3-5b18-acc6-8dbc38e5e3a1,PRODUCT_VIEW,ITM-0071,2026-05-24T02:58:04+07:00,APP
0996c33e-c46d-5a85-b0bd-591368c81c0d,1dbeeaef-17f3-5b18-acc6-8dbc38e5e3a1,SEARCH,,2025-12-17T06:24:13+07:00,APP
030c8a1f-1a96-592a-a1e2-5cf8459a46e5,1dbeeaef-17f3-5b18-acc6-8dbc38e5e3a1,SEARCH,,2026-06-01T16:27:05+07:00,APP
27a03a6b-1f94-5b78-bf7e-daee405b0c15,1dbeeaef-17f3-5b18-acc6-8dbc38e5e3a1,CART_ADD,ITM-0050,2025-05-21T18:15:15+07:00,APP
a6f6c828-ca3f-5516-b723-c3078966125e,1dbeeaef-17f3-5b18-acc6-8dbc38e5e3a1,APP_OPEN,,2026-03-06T15:08:02+07:00,APP
500d4ea7-9a44-5266-988a-d2c7552a2cfa,1dbeeaef-17f3-5b18-acc6-8dbc38e5e3a1,SEARCH,,2025-10-19T23:24:44+07:00,APP
f4be4788-f015-5390-a22e-f957d5807008,5f59a5f9-9a2e-5801-a90a-8151caa9597a,APP_OPEN,,2026-06-05T20:05:57+07:00,APP
51c91ab1-b3e1-5bed-9d1d-9ae258c180da,5f59a5f9-9a2e-5801-a90a-8151caa9597a,PRODUCT_VIEW,ITM-0100,2025-11-29T18:20:03+07:00,APP
d7e4b719-0ee8-5db4-a508-9a14e8a99fef,5f59a5f9-9a2e-5801-a90a-8151caa9597a,CART_ADD,ITM-0005,2025-06-15T05:05:23+07:00,APP
4d0cd4be-5113-5754-9dc0-5273f405b0f6,5f59a5f9-9a2e-5801-a90a-8151caa9597a,PRODUCT_VIEW,ITM-0089,2025-10-31T15:29:36+07:00,APP
27ce1a6b-5876-516e-be75-f5cf2342f238,498006d0-d247-587c-aea5-45dcd7ddf419,CART_ADD,ITM-0092,2025-06-13T00:16:40+07:00,APP
2c09ef94-f217-5850-83ee-b9af32d28819,498006d0-d247-587c-aea5-45dcd7ddf419,PRODUCT_VIEW,ITM-0054,2025-07-11T12:12:52+07:00,APP
850432a8-198a-5c57-ade3-7d0b9c9e6bd9,498006d0-d247-587c-aea5-45dcd7ddf419,SEARCH,,2026-08-04T15:44:49+07:00,APP
84ce6b66-e3a9-53db-b97b-d22096831bc4,498006d0-d247-587c-aea5-45dcd7ddf419,APP_OPEN,,2026-04-01T06:01:35+07:00,APP
80b15295-1631-567e-8100-692e4b44814e,2d68a99e-edf9-57b5-bb9e-0dc826e75586,PRODUCT_VIEW,ITM-0071,2025-04-08T05:53:11+07:00,APP
6e8342a3-33f6-5520-a5b3-2979a230c2a2,2d68a99e-edf9-57b5-bb9e-0dc826e75586,PRODUCT_VIEW,ITM-0023,2025-04-25T23:59:23+07:00,APP
436c3fdb-0acc-59dd-bc56-6fa459fe853d,f84d6451-a43d-5728-b392-872ef32edabe,SEARCH,,2025-11-19T10:22:58+07:00,APP
9cb670a9-06dc-5f00-8975-c94760ea833f,f84d6451-a43d-5728-b392-872ef32edabe,PRODUCT_VIEW,ITM-0053,2025-10-02T07:08:48+07:00,APP
7d7e7f91-844c-5fc7-b9f6-e530cac66793,f84d6451-a43d-5728-b392-872ef32edabe,CART_ADD,ITM-0076,2025-08-14T08:56:22+07:00,APP
942b44e3-162a-5430-8102-40edd103d5b4,f84d6451-a43d-5728-b392-872ef32edabe,APP_OPEN,,2025-05-03T21:17:37+07:00,APP
bfae6259-fdd6-56aa-bebe-bdb2aa532c41,f84d6451-a43d-5728-b392-872ef32edabe,APP_OPEN,,2026-07-15T05:42:43+07:00,APP
92ffe08d-97cb-5482-a7ba-04e395a56a3a,418876da-c8e5-53e0-bf4f-2aba9c65255b,PRODUCT_VIEW,ITM-0018,2025-05-30T03:12:44+07:00,APP
623da190-a0ff-526c-b14f-2f8b397a617c,418876da-c8e5-53e0-bf4f-2aba9c65255b,SEARCH,,2026-01-28T22:38:51+07:00,APP
e52931aa-5111-58a9-8b43-98d13050d918,418876da-c8e5-53e0-bf4f-2aba9c65255b,SEARCH,,2026-08-20T19:10:34+07:00,APP
06fdaf26-3998-5086-8532-ec2e2750a99c,418876da-c8e5-53e0-bf4f-2aba9c65255b,PRODUCT_VIEW,ITM-0094,2025-05-28T10:07:54+07:00,APP
43dfbdf4-3544-5ab8-a29f-9275b64a49b6,418876da-c8e5-53e0-bf4f-2aba9c65255b,CART_ADD,ITM-0064,2026-09-11T11:16:14+07:00,APP
3bf408ae-8148-5791-b613-1d76c048507b,418876da-c8e5-53e0-bf4f-2aba9c65255b,SEARCH,,2025-05-12T08:00:06+07:00,APP
32b3457a-aba2-5f1f-9899-b3ee4c43f08f,418876da-c8e5-53e0-bf4f-2aba9c65255b,CART_ADD,ITM-0091,2026-07-09T00:28:13+07:00,APP
4573e7f6-13ce-5809-b2e6-04a4943b4f87,418876da-c8e5-53e0-bf4f-2aba9c65255b,PRODUCT_VIEW,ITM-0063,2026-01-16T21:05:41+07:00,APP
ba8b5c1e-4558-5973-8616-0eef6fa049c4,80258b8a-8550-59e7-9e5b-1594425174f7,CART_ADD,ITM-0064,2026-05-24T08:40:41+07:00,APP
4a76984d-9ee0-5881-9dc5-93405f7b8553,80258b8a-8550-59e7-9e5b-1594425174f7,SEARCH,,2026-05-23T01:21:00+07:00,APP
04cdc0f4-5d80-5430-9426-3b44f4cb487a,80258b8a-8550-59e7-9e5b-1594425174f7,PRODUCT_VIEW,ITM-0006,2026-06-28T23:22:09+07:00,APP
bdbebccb-9ea1-5225-8a2d-2a9fbd8e30c8,80258b8a-8550-59e7-9e5b-1594425174f7,PRODUCT_VIEW,ITM-0096,2026-06-22T11:04:35+07:00,APP
e1bbdf48-b202-586e-9e21-832453a72b1e,bda477d3-7952-5a82-9818-8eb5e1f278af,PRODUCT_VIEW,ITM-0003,2025-07-13T08:15:18+07:00,APP
2b6e21ac-da61-5160-b7e2-a62d64484b6e,bda477d3-7952-5a82-9818-8eb5e1f278af,SEARCH,,2025-07-23T03:45:25+07:00,APP
c8af652b-10df-5120-868d-ee71546cac0d,bda477d3-7952-5a82-9818-8eb5e1f278af,PRODUCT_VIEW,ITM-0051,2025-12-28T08:41:14+07:00,APP
f7462025-afe3-5ff1-994f-8c11670860b3,bda477d3-7952-5a82-9818-8eb5e1f278af,SEARCH,,2026-08-29T21:41:37+07:00,APP
8b2c1a7a-58f1-56bc-8a08-86481cfcf532,1a0c636b-ec40-50cd-9cb5-9c3b2ab0a9ff,SEARCH,,2026-02-15T07:03:51+07:00,APP
24be7e12-b049-5cdb-9570-0ffbb21d86e7,1a0c636b-ec40-50cd-9cb5-9c3b2ab0a9ff,APP_OPEN,,2026-05-17T18:35:33+07:00,APP
abe0fa93-2fc4-5142-a322-376a417a00f2,1a0c636b-ec40-50cd-9cb5-9c3b2ab0a9ff,CART_ADD,ITM-0053,2025-05-13T00:34:43+07:00,APP
a96e85cf-68cd-53d4-8cbb-9ec0182e6490,1a0c636b-ec40-50cd-9cb5-9c3b2ab0a9ff,SEARCH,,2026-03-17T12:01:34+07:00,APP
8dcbb170-3656-57c3-8b1d-5aabbfabe9d1,77a2f459-a3b2-5e87-9024-6c4aa42c1c9a,PRODUCT_VIEW,ITM-0001,2025-05-19T12:40:58+07:00,APP
df1620fc-4a9c-54e3-9824-8a951426f5d0,77a2f459-a3b2-5e87-9024-6c4aa42c1c9a,SEARCH,,2025-08-22T02:28:08+07:00,APP
46834172-2c08-5843-af1d-7be390400e73,77a2f459-a3b2-5e87-9024-6c4aa42c1c9a,CART_ADD,ITM-0017,2025-07-11T13:36:11+07:00,APP
5213e625-51bb-5787-9c55-c893a73d3075,77a2f459-a3b2-5e87-9024-6c4aa42c1c9a,PRODUCT_VIEW,ITM-0026,2025-06-01T06:00:26+07:00,APP
5421d9a3-eb90-5a1c-b2f0-3c15d8432690,77a2f459-a3b2-5e87-9024-6c4aa42c1c9a,CART_ADD,ITM-0043,2025-10-17T14:13:15+07:00,APP
4c77b975-2086-5980-8f3c-d1e698782c85,77a2f459-a3b2-5e87-9024-6c4aa42c1c9a,PRODUCT_VIEW,ITM-0019,2026-06-13T21:52:43+07:00,APP
95b5d54d-c710-529e-8a2e-4dfa81867c16,77a2f459-a3b2-5e87-9024-6c4aa42c1c9a,APP_OPEN,,2026-09-20T20:29:24+07:00,APP
70491aac-3074-58c3-84f0-c360b1e97b7a,a9784620-e919-56bf-9a1c-7b9b28b8067e,APP_OPEN,,2025-11-16T20:54:32+07:00,APP
6e784f01-5f7d-532c-bc4d-32d673c683c2,a9784620-e919-56bf-9a1c-7b9b28b8067e,SEARCH,,2026-03-27T02:22:13+07:00,APP
2137f3d6-b0b9-56db-a458-6bf521626c7f,a9784620-e919-56bf-9a1c-7b9b28b8067e,CART_ADD,ITM-0058,2026-03-07T23:58:21+07:00,APP
0e56849e-5566-544d-bf0c-b6c4c90bd4c4,a9784620-e919-56bf-9a1c-7b9b28b8067e,APP_OPEN,,2026-06-01T17:15:51+07:00,APP
936692e8-1119-5fae-af35-51747c1cde44,a9784620-e919-56bf-9a1c-7b9b28b8067e,SEARCH,,2026-07-04T19:40:55+07:00,APP
18bdd4ea-2640-55fe-ae8e-db95cf3569de,48690230-67a5-5aba-b27a-413d71fdfb8e,PRODUCT_VIEW,ITM-0014,2025-06-20T11:25:31+07:00,APP
73adb143-5f25-5302-ab89-0e217af7b6b1,48690230-67a5-5aba-b27a-413d71fdfb8e,APP_OPEN,,2026-08-08T22:30:03+07:00,APP
be05af83-1af4-5509-b649-3fbd1d78762b,48690230-67a5-5aba-b27a-413d71fdfb8e,SEARCH,,2026-01-07T16:16:46+07:00,APP
8d3c1336-1d43-58b3-a7c0-c810f14526cf,48690230-67a5-5aba-b27a-413d71fdfb8e,PRODUCT_VIEW,ITM-0063,2025-06-20T07:26:02+07:00,APP
75d78ec3-4137-543b-8f81-8ab21628f48d,48690230-67a5-5aba-b27a-413d71fdfb8e,CART_ADD,ITM-0040,2026-07-08T16:22:03+07:00,APP
0c30ad47-908f-5393-961d-9d3c7096c07b,48690230-67a5-5aba-b27a-413d71fdfb8e,CART_ADD,ITM-0071,2026-02-11T08:05:14+07:00,APP
71b8f7b7-61dc-556b-8b15-6f312b40a9f6,a932086d-4b3b-5c0e-bc8f-3db3b5a4c05e,CART_ADD,ITM-0068,2025-06-27T16:01:11+07:00,APP
be70ab7d-f4b7-5602-a90b-2a58e586d6f6,a932086d-4b3b-5c0e-bc8f-3db3b5a4c05e,PRODUCT_VIEW,ITM-0050,2026-04-10T02:02:44+07:00,APP
73011255-55b2-5e83-bfa6-341afbae1286,a932086d-4b3b-5c0e-bc8f-3db3b5a4c05e,APP_OPEN,,2026-05-15T01:12:50+07:00,APP
f21ae313-32f5-5efc-9753-c93aec490260,6a35c48c-9be2-5be3-9ad7-5e1130627a51,SEARCH,,2025-07-14T04:12:10+07:00,APP
f438aafc-8768-5aff-b14c-480b20bd4005,99e530fb-4d27-55e7-9f39-5e1b1ca12b69,SEARCH,,2025-11-25T16:07:39+07:00,APP
0dfbc736-ef0b-535a-a017-2d44ec10040a,99e530fb-4d27-55e7-9f39-5e1b1ca12b69,SEARCH,,2025-06-16T16:55:18+07:00,APP
17a966d8-f261-5c98-af89-abaf53f70256,99e530fb-4d27-55e7-9f39-5e1b1ca12b69,PRODUCT_VIEW,ITM-0037,2025-09-10T18:37:36+07:00,APP
c2c2b2c1-fbbb-50bc-b10f-4bc57aa9a77e,99e530fb-4d27-55e7-9f39-5e1b1ca12b69,PRODUCT_VIEW,ITM-0009,2026-02-16T16:43:41+07:00,APP
1488de83-21b6-506b-90b4-e7fdfcb1d9bf,99e530fb-4d27-55e7-9f39-5e1b1ca12b69,CART_ADD,ITM-0018,2025-12-18T17:59:30+07:00,APP
1eadaa4f-f9ff-518b-a76b-d584c2b2672f,5ad2f2c5-c68b-5087-99f7-4ab878f4cf21,PRODUCT_VIEW,ITM-0063,2026-07-07T23:23:13+07:00,APP
e2488da1-a0ee-5ef2-b2c3-07db4a70ca92,5ad2f2c5-c68b-5087-99f7-4ab878f4cf21,APP_OPEN,,2026-03-18T05:33:24+07:00,APP
92b9b440-3cc6-50fc-bb59-d2add53f5400,5ad2f2c5-c68b-5087-99f7-4ab878f4cf21,APP_OPEN,,2026-03-25T10:51:13+07:00,APP
633d9da9-abe4-50a8-91d8-5f782679ea2c,5ad2f2c5-c68b-5087-99f7-4ab878f4cf21,PRODUCT_VIEW,ITM-0027,2025-09-25T06:51:48+07:00,APP
aead0736-1b58-58c0-8565-e9a6a6422088,5ad2f2c5-c68b-5087-99f7-4ab878f4cf21,APP_OPEN,,2026-07-05T09:59:56+07:00,APP
2d4116b8-54d0-5d96-ae0f-400b79ddf28b,5ad2f2c5-c68b-5087-99f7-4ab878f4cf21,APP_OPEN,,2025-04-21T11:01:35+07:00,APP
b6f8838a-733f-585e-a2cb-47e21eafb966,5ad2f2c5-c68b-5087-99f7-4ab878f4cf21,PRODUCT_VIEW,ITM-0018,2025-09-17T02:27:59+07:00,APP
00869558-232b-59e8-b3b7-76b5350ebae8,5ad2f2c5-c68b-5087-99f7-4ab878f4cf21,PRODUCT_VIEW,ITM-0046,2025-12-09T17:25:21+07:00,APP
9a4a2ac4-9803-5d1e-b2a4-48a770e9a304,49d684fb-3521-5198-9178-ed97e188afdc,APP_OPEN,,2026-04-18T12:12:37+07:00,APP
03cbf53b-bdcd-524d-8fc1-d5ee40f2b1d7,49d684fb-3521-5198-9178-ed97e188afdc,PRODUCT_VIEW,ITM-0016,2025-06-05T16:24:57+07:00,APP
517e9d0c-ca63-5028-a2ca-72435d68b351,c499489c-d7bc-5820-8521-0aa88d11d436,SEARCH,,2025-12-07T11:03:21+07:00,APP
0fe14cb8-5d7e-50b5-aba0-a728a7c83596,c499489c-d7bc-5820-8521-0aa88d11d436,PRODUCT_VIEW,ITM-0037,2025-09-08T04:53:07+07:00,APP
df85b912-15bb-5a67-be29-7bc1e124188e,c499489c-d7bc-5820-8521-0aa88d11d436,SEARCH,,2025-07-04T02:25:54+07:00,APP
970782f8-3542-5f9d-b8e6-9aec978a63a4,c499489c-d7bc-5820-8521-0aa88d11d436,PRODUCT_VIEW,ITM-0095,2025-04-11T14:16:30+07:00,APP
93e92e55-0465-59c1-9cec-5b9155729ca1,52eab823-1054-50c8-b74c-e88384901f73,PRODUCT_VIEW,ITM-0071,2025-04-08T07:11:07+07:00,APP
a6033e1d-abbf-52e1-9e6a-71c7e09f73d7,52eab823-1054-50c8-b74c-e88384901f73,PRODUCT_VIEW,ITM-0084,2025-12-02T17:04:27+07:00,APP
f8c912ff-3ae6-57dc-a9b1-880e71149427,52eab823-1054-50c8-b74c-e88384901f73,PRODUCT_VIEW,ITM-0071,2026-06-19T19:24:09+07:00,APP
0515ca3b-b95c-53e3-b792-4635e72e2cfc,52eab823-1054-50c8-b74c-e88384901f73,SEARCH,,2026-01-10T07:26:19+07:00,APP
a79f1f50-0e6a-5c85-8823-7762d7030924,52eab823-1054-50c8-b74c-e88384901f73,CART_ADD,ITM-0015,2026-03-16T15:03:04+07:00,APP
58ce1da0-abba-5922-b338-ac912d2d6be3,caf490a3-372a-5962-9bd9-51e5bdf08e4f,PRODUCT_VIEW,ITM-0029,2026-08-28T07:05:29+07:00,APP
9b856da4-0937-543f-8940-8ef52b84106b,caf490a3-372a-5962-9bd9-51e5bdf08e4f,PRODUCT_VIEW,ITM-0100,2025-05-16T10:10:39+07:00,APP
bea6fc5e-480f-5928-a4f2-55781661a323,caf490a3-372a-5962-9bd9-51e5bdf08e4f,APP_OPEN,,2026-09-15T13:06:46+07:00,APP
18e8f093-d9de-5d13-b31e-65e0f48cf325,caf490a3-372a-5962-9bd9-51e5bdf08e4f,PRODUCT_VIEW,ITM-0033,2026-04-09T16:01:39+07:00,APP
5185cedb-23de-569c-b239-caa6aef125d0,2f9110f8-a3ee-5acf-9599-bf04a3768a7d,PRODUCT_VIEW,ITM-0081,2026-06-12T15:54:22+07:00,APP
68c62f49-08ad-53e1-99ba-d34bbc382191,2f9110f8-a3ee-5acf-9599-bf04a3768a7d,APP_OPEN,,2025-04-17T12:58:47+07:00,APP
473d15bc-6e8a-59d2-970b-b2e09d348af0,2f9110f8-a3ee-5acf-9599-bf04a3768a7d,SEARCH,,2025-04-24T12:19:08+07:00,APP
b06e3524-20f8-5319-beba-43cdaf488e7a,e3e03433-fadd-50d6-8539-5a534cb478e4,CART_ADD,ITM-0079,2026-05-13T18:45:15+07:00,APP
1ab6070c-8299-5935-9d5a-8b18c6b630ba,e3e03433-fadd-50d6-8539-5a534cb478e4,APP_OPEN,,2026-03-21T06:27:45+07:00,APP
7fec7de9-582e-5270-b1d5-2a48cfa407e5,e3e03433-fadd-50d6-8539-5a534cb478e4,APP_OPEN,,2026-06-08T02:46:43+07:00,APP
50cafc38-3f68-5dab-98be-9665351c8bb4,e3e03433-fadd-50d6-8539-5a534cb478e4,SEARCH,,2025-04-04T05:06:04+07:00,APP
9f2b66ab-b5c5-5a26-8adb-8337050dc59f,e3e03433-fadd-50d6-8539-5a534cb478e4,PRODUCT_VIEW,ITM-0040,2026-01-07T11:10:57+07:00,APP
66b6d453-4ceb-55ec-90e3-878b1f5e8beb,e3e03433-fadd-50d6-8539-5a534cb478e4,APP_OPEN,,2026-01-02T18:51:39+07:00,APP
a034c8e9-3134-5e50-b765-df27f177ba58,f2c831e4-ff69-5001-a872-2ccaa3ac2b2c,APP_OPEN,,2025-04-11T08:53:26+07:00,APP
6dc7fd22-e5e7-545b-b0cf-a4ea8b36e961,f2c831e4-ff69-5001-a872-2ccaa3ac2b2c,PRODUCT_VIEW,ITM-0040,2025-10-21T03:45:23+07:00,APP
f8da5055-89f4-5c04-8c7a-897c1602edbb,a903f83e-1893-5174-b596-e73630344740,APP_OPEN,,2025-12-19T22:55:48+07:00,APP
c1d66806-907c-5892-a98a-1b6c34f5f72a,a903f83e-1893-5174-b596-e73630344740,SEARCH,,2026-05-31T07:37:06+07:00,APP
74e2e415-0727-59cf-9b6f-777b72cff5ca,f0c28f83-21d8-5133-8313-7e3ef0f5613c,PRODUCT_VIEW,ITM-0085,2025-10-28T18:21:53+07:00,APP
5fc92e57-c706-5a0c-98d6-c4d2992a3197,f0c28f83-21d8-5133-8313-7e3ef0f5613c,APP_OPEN,,2025-05-13T19:09:18+07:00,APP
747daff2-f0f9-57c7-8ca0-0c9f01e13f6f,f0c28f83-21d8-5133-8313-7e3ef0f5613c,APP_OPEN,,2025-09-18T10:05:18+07:00,APP
3942f105-4e55-55d2-8009-e49c5f9057e2,f0c28f83-21d8-5133-8313-7e3ef0f5613c,SEARCH,,2025-08-12T20:04:30+07:00,APP
37b69740-719b-5f76-a80b-f02f8692181f,f0c28f83-21d8-5133-8313-7e3ef0f5613c,CART_ADD,ITM-0055,2026-01-03T04:15:05+07:00,APP
749d3c30-3b54-5678-98d9-c9cd50296361,f0c28f83-21d8-5133-8313-7e3ef0f5613c,CART_ADD,ITM-0024,2025-10-01T20:02:29+07:00,APP
5b9a8c93-0766-5dc5-892a-8bfe7cb9a490,f0c28f83-21d8-5133-8313-7e3ef0f5613c,SEARCH,,2025-10-26T05:38:49+07:00,APP
4e27e367-57d4-5312-b07a-ecfbd88a220b,66deda35-9d75-565f-a46b-80696e5e13cb,APP_OPEN,,2026-02-20T00:13:36+07:00,APP
be9ef856-2100-5ba6-b151-98824835f94f,66deda35-9d75-565f-a46b-80696e5e13cb,APP_OPEN,,2025-09-29T23:54:36+07:00,APP
f484ad82-5e6f-531b-ad2d-7114f747472c,66deda35-9d75-565f-a46b-80696e5e13cb,CART_ADD,ITM-0020,2025-12-27T18:18:21+07:00,APP
d56fca81-bcd9-5e68-bef3-e1db6589b027,66deda35-9d75-565f-a46b-80696e5e13cb,CART_ADD,ITM-0073,2026-06-12T21:19:32+07:00,APP
0bedec13-5f77-5a40-a07c-6b07731c9941,66deda35-9d75-565f-a46b-80696e5e13cb,CART_ADD,ITM-0070,2025-04-26T12:57:17+07:00,APP
b4d9ec06-eb64-5c2f-b95d-8424389660fc,66deda35-9d75-565f-a46b-80696e5e13cb,SEARCH,,2025-06-21T12:17:42+07:00,APP
71d6c41e-de11-50f0-85ba-c0505d9fd764,c12dfd7a-8271-585f-9fc9-aba5c73df46a,APP_OPEN,,2026-02-09T10:54:35+07:00,APP
7baccd6a-58dc-5a5e-8f17-455786a91245,c12dfd7a-8271-585f-9fc9-aba5c73df46a,PRODUCT_VIEW,ITM-0023,2026-01-01T11:44:06+07:00,APP
45e7888a-08a3-59c5-a80d-050b2c196287,b65512e4-4698-5127-99ab-0fa99c4afe00,APP_OPEN,,2026-08-29T12:30:14+07:00,APP
fbcbc9f5-4f69-5db9-aa56-cf30608399c3,b65512e4-4698-5127-99ab-0fa99c4afe00,SEARCH,,2026-03-08T08:17:30+07:00,APP
fa1aedc0-92da-5a99-a539-c646b8f7e1d5,b65512e4-4698-5127-99ab-0fa99c4afe00,APP_OPEN,,2025-10-08T21:14:22+07:00,APP
bab9552a-9565-5bb3-9710-1f437ac2979e,b65512e4-4698-5127-99ab-0fa99c4afe00,PRODUCT_VIEW,ITM-0070,2026-08-19T21:09:37+07:00,APP
bbc8a5f4-f728-5cfe-9a4b-069626b31f8d,b65512e4-4698-5127-99ab-0fa99c4afe00,PRODUCT_VIEW,ITM-0036,2025-11-13T00:31:11+07:00,APP
a0ebf666-1f88-593a-98e7-a11f7f914b24,b65512e4-4698-5127-99ab-0fa99c4afe00,PRODUCT_VIEW,ITM-0053,2025-11-21T06:16:41+07:00,APP
63fb678b-9d14-5cfc-b75c-1cd9df28c244,5c51583b-3f66-5143-a4e4-390825b41344,SEARCH,,2026-03-05T18:32:50+07:00,APP
4950cd18-15cc-5d6c-96ab-2a39de623b9f,5c51583b-3f66-5143-a4e4-390825b41344,CART_ADD,ITM-0029,2025-12-05T00:28:05+07:00,APP
44bcf015-5150-506a-b98e-b455c0673f48,5c51583b-3f66-5143-a4e4-390825b41344,APP_OPEN,,2026-07-04T06:29:22+07:00,APP
dacca4bb-6175-5ded-b766-0318c94e80fd,5c51583b-3f66-5143-a4e4-390825b41344,CART_ADD,ITM-0003,2026-09-08T03:36:23+07:00,APP
0a347465-7ac9-5d20-9e39-704397eceea6,5c51583b-3f66-5143-a4e4-390825b41344,PRODUCT_VIEW,ITM-0009,2026-08-16T22:51:25+07:00,APP
5215a105-8738-5c51-a16f-5a89d8be7991,5c51583b-3f66-5143-a4e4-390825b41344,APP_OPEN,,2025-07-21T08:11:44+07:00,APP
a0ae4d6d-033a-5051-a05c-d36af7983336,5c51583b-3f66-5143-a4e4-390825b41344,CART_ADD,ITM-0019,2025-08-16T12:47:24+07:00,APP
8535015a-9536-52b9-bd95-9d1a2749c7b5,204665b3-05f6-5596-93c3-9291108dffed,APP_OPEN,,2025-06-18T06:05:26+07:00,APP
b3008a39-c9c1-5803-9350-b072305c5b65,204665b3-05f6-5596-93c3-9291108dffed,PRODUCT_VIEW,ITM-0090,2026-08-09T23:48:00+07:00,APP
da70cbb2-2a6f-5188-b491-f390e4e3b774,204665b3-05f6-5596-93c3-9291108dffed,APP_OPEN,,2025-08-10T14:37:52+07:00,APP
84626c86-4a4f-529c-ae18-67259291d6f7,204665b3-05f6-5596-93c3-9291108dffed,APP_OPEN,,2026-08-24T23:16:38+07:00,APP
26f6dc81-d8f9-569e-8bfb-b6f1c5b0ac29,af838343-52bd-5af3-a343-fff180216193,PRODUCT_VIEW,ITM-0012,2025-12-21T15:19:55+07:00,APP
5350d7d5-8868-5353-8e49-cb49cdd1d215,af838343-52bd-5af3-a343-fff180216193,CART_ADD,ITM-0078,2026-04-29T22:33:39+07:00,APP
259a2d29-4375-5cf3-9d56-87d54e8d43c1,af838343-52bd-5af3-a343-fff180216193,CART_ADD,ITM-0011,2025-08-29T05:37:41+07:00,APP
90cd3372-3fb8-509a-8d22-5a18a8d812b2,495c5a24-d8eb-5446-a978-831ef60c3baf,CART_ADD,ITM-0099,2026-01-16T18:02:20+07:00,APP
a14e5610-4830-51bd-8c45-4d975d21bef7,495c5a24-d8eb-5446-a978-831ef60c3baf,CART_ADD,ITM-0023,2026-04-22T09:40:03+07:00,APP
4e6ec099-90db-5c1e-a0c8-1f080c182847,495c5a24-d8eb-5446-a978-831ef60c3baf,APP_OPEN,,2026-01-30T17:17:54+07:00,APP
4a323401-5813-5c9c-829a-e651370c772e,495c5a24-d8eb-5446-a978-831ef60c3baf,SEARCH,,2025-08-24T21:06:35+07:00,APP
6792af24-25d2-5cec-a97f-c93dfc630e55,495c5a24-d8eb-5446-a978-831ef60c3baf,APP_OPEN,,2025-10-17T15:36:29+07:00,APP
85cf6970-b203-56ce-a656-44ef6d889f97,495c5a24-d8eb-5446-a978-831ef60c3baf,CART_ADD,ITM-0010,2025-11-23T07:57:04+07:00,APP
21ea82dd-9dda-5293-a80c-673136e5c168,495c5a24-d8eb-5446-a978-831ef60c3baf,CART_ADD,ITM-0058,2026-02-06T22:44:49+07:00,APP
42839819-fa06-59a3-b838-de91732c125a,c06f3bae-7fb3-5268-a6f4-340ed910b5ac,PRODUCT_VIEW,ITM-0008,2025-09-10T10:28:20+07:00,APP
763db238-1172-5938-897d-d1e2c883a787,c06f3bae-7fb3-5268-a6f4-340ed910b5ac,CART_ADD,ITM-0062,2026-01-06T16:35:41+07:00,APP
29e7fb09-7e5a-504d-a43b-affee694fda0,c06f3bae-7fb3-5268-a6f4-340ed910b5ac,APP_OPEN,,2026-07-14T01:08:45+07:00,APP
0b72fac2-8b8f-5c81-bc85-1fc1fab7f5a5,ebbdd763-ac1f-5296-8c14-e0002c2e46b8,APP_OPEN,,2025-09-05T08:38:30+07:00,APP
caa256f2-a29d-5de3-b8e1-fd029ffc47d7,ebbdd763-ac1f-5296-8c14-e0002c2e46b8,PRODUCT_VIEW,ITM-0001,2026-06-25T02:27:03+07:00,APP
1aad060c-af1e-56f9-bac9-3aa51398be1a,ebbdd763-ac1f-5296-8c14-e0002c2e46b8,CART_ADD,ITM-0071,2025-12-04T19:07:05+07:00,APP
42fc6aa9-7879-517c-bced-34129a599f7b,ebbdd763-ac1f-5296-8c14-e0002c2e46b8,SEARCH,,2025-12-09T00:02:44+07:00,APP
1f3fee59-bb13-54d1-868a-2637d6ca5c72,b9a2b2ce-3046-581f-a39a-acfe7428e452,PRODUCT_VIEW,ITM-0014,2025-04-06T16:41:16+07:00,APP
c078a45a-b875-5ea1-b7ee-f16f54137d8c,f067005d-a15a-5c88-8d86-91eb6d820221,CART_ADD,ITM-0093,2026-05-10T15:54:27+07:00,APP
03ed643c-beb6-5f77-9555-c4a900997646,f067005d-a15a-5c88-8d86-91eb6d820221,CART_ADD,ITM-0051,2026-06-04T14:31:55+07:00,APP
21a6597b-be63-5171-abb9-eac5aebbf26a,577e6925-e06e-5256-80dc-c069a6462740,PRODUCT_VIEW,ITM-0020,2025-07-15T10:54:14+07:00,APP
1318d4c3-6133-53d3-9a66-676078183804,577e6925-e06e-5256-80dc-c069a6462740,APP_OPEN,,2025-11-23T14:29:22+07:00,APP
9298a98b-d3fc-55e0-87c4-e56410071287,577e6925-e06e-5256-80dc-c069a6462740,SEARCH,,2026-08-12T05:42:30+07:00,APP
7d807522-c67f-5ae5-ba1f-af4c45f195bc,577e6925-e06e-5256-80dc-c069a6462740,APP_OPEN,,2026-08-24T00:40:46+07:00,APP
3f3772f7-b069-5dec-bcf6-ca3ea5fbc30d,577e6925-e06e-5256-80dc-c069a6462740,PRODUCT_VIEW,ITM-0032,2025-11-03T17:54:14+07:00,APP
b471f22c-f29e-537b-9acc-9c3c4d11af59,577e6925-e06e-5256-80dc-c069a6462740,SEARCH,,2025-07-22T07:08:14+07:00,APP
ce22780c-653d-557f-94f2-7c9fa3eeca22,c5987fc8-f6c0-5c4f-b483-845672c84843,PRODUCT_VIEW,ITM-0059,2026-08-06T22:38:57+07:00,APP
7899d1ce-4af6-5428-980c-09199cb13280,c5987fc8-f6c0-5c4f-b483-845672c84843,PRODUCT_VIEW,ITM-0100,2026-09-20T22:09:15+07:00,APP
e67bc20c-e0f3-5b78-9267-dcd343801e63,c5987fc8-f6c0-5c4f-b483-845672c84843,SEARCH,,2025-05-23T22:56:07+07:00,APP
26e84734-c3bf-5497-97a5-f67ffb5fec4b,14e2e712-d978-5065-be71-cc6cfd9b2bd8,CART_ADD,ITM-0002,2026-03-24T19:03:46+07:00,APP
b6df316e-035e-5deb-80ed-942c3cb9f70e,14e2e712-d978-5065-be71-cc6cfd9b2bd8,CART_ADD,ITM-0071,2025-07-23T02:40:10+07:00,APP
22fa648f-59be-5a8f-b39e-9cc0f302ed15,14e2e712-d978-5065-be71-cc6cfd9b2bd8,SEARCH,,2025-11-15T16:13:39+07:00,APP
e955f78f-a294-5b3e-9247-8a9ea3898802,14e2e712-d978-5065-be71-cc6cfd9b2bd8,CART_ADD,ITM-0054,2026-08-10T14:15:30+07:00,APP
d23f6f01-c7bc-5f9a-9e02-f399e47bf6bb,14e2e712-d978-5065-be71-cc6cfd9b2bd8,APP_OPEN,,2025-10-27T12:54:15+07:00,APP
8bbfe325-f46e-5083-a72e-15aab65a2746,14e2e712-d978-5065-be71-cc6cfd9b2bd8,PRODUCT_VIEW,ITM-0053,2026-06-05T00:53:51+07:00,APP
670b15a0-d1f0-58d3-9aac-16dd2bc4e430,3fb97503-e9c8-52ee-a66c-e13e5c404e28,APP_OPEN,,2025-10-25T00:17:41+07:00,APP
1f4745ba-cdf7-5e80-89b7-65049d75b23a,3fb97503-e9c8-52ee-a66c-e13e5c404e28,APP_OPEN,,2025-06-13T03:03:24+07:00,APP
6dcfa057-1391-51aa-b392-1f4f595e9705,3fb97503-e9c8-52ee-a66c-e13e5c404e28,CART_ADD,ITM-0001,2025-11-10T02:28:58+07:00,APP
c1401bf1-a3db-5adc-9689-e7690f13835b,3fb97503-e9c8-52ee-a66c-e13e5c404e28,APP_OPEN,,2026-09-29T11:49:30+07:00,APP
3da0084d-89a5-50b3-8f24-d7482405b6ca,3fb97503-e9c8-52ee-a66c-e13e5c404e28,PRODUCT_VIEW,ITM-0100,2026-08-21T07:16:16+07:00,APP
e04493db-b288-56b5-96c4-2498d7cd83e8,3fb97503-e9c8-52ee-a66c-e13e5c404e28,CART_ADD,ITM-0078,2025-09-28T23:38:59+07:00,APP
52fdd072-d2e9-5c44-aa81-739b8cc9f521,7976ec68-00c3-594d-968b-5f9f14af7ef8,CART_ADD,ITM-0003,2025-04-28T08:26:50+07:00,APP
9d917616-4664-5aca-8714-9cc9c6799eb1,7976ec68-00c3-594d-968b-5f9f14af7ef8,CART_ADD,ITM-0083,2025-05-27T10:49:45+07:00,APP
db0b787c-eea6-5367-9de2-d69ec6e85ac9,7976ec68-00c3-594d-968b-5f9f14af7ef8,CART_ADD,ITM-0046,2025-08-28T01:03:43+07:00,APP
7c50321c-0ebf-5e18-9a39-798361cdd1fb,7976ec68-00c3-594d-968b-5f9f14af7ef8,PRODUCT_VIEW,ITM-0081,2025-06-15T01:27:45+07:00,APP
82433e8b-1cbb-5295-b687-4aac0a5a8572,7976ec68-00c3-594d-968b-5f9f14af7ef8,CART_ADD,ITM-0061,2026-07-30T04:27:39+07:00,APP
03d4092e-00f1-5cc3-b4d0-6022e5f0cb43,7976ec68-00c3-594d-968b-5f9f14af7ef8,SEARCH,,2025-07-03T08:06:59+07:00,APP
fa1e52fd-9391-581d-bbf5-630c9df6955c,7976ec68-00c3-594d-968b-5f9f14af7ef8,APP_OPEN,,2026-05-20T20:36:14+07:00,APP
b5f0a63a-761a-59da-a453-32a4c2ad202c,78e4b37a-baa0-5805-80f9-0bd7cf2e2453,CART_ADD,ITM-0036,2026-07-17T13:00:11+07:00,APP
c1e8f1a1-d258-542e-b0a2-fab38c312921,78e4b37a-baa0-5805-80f9-0bd7cf2e2453,CART_ADD,ITM-0003,2025-04-02T21:28:56+07:00,APP
27368bdf-54c2-5eeb-8061-6e232a379488,78e4b37a-baa0-5805-80f9-0bd7cf2e2453,SEARCH,,2025-10-29T15:22:54+07:00,APP
6017c573-6bbf-5994-aae4-c48435f1827f,78e4b37a-baa0-5805-80f9-0bd7cf2e2453,SEARCH,,2025-06-10T21:04:38+07:00,APP
ede7f718-a224-51d9-9f0f-5f80dffa0fb0,78e4b37a-baa0-5805-80f9-0bd7cf2e2453,SEARCH,,2026-05-04T22:08:32+07:00,APP
24763662-dfcd-5299-9a04-3b8bc1f60bc2,78e4b37a-baa0-5805-80f9-0bd7cf2e2453,APP_OPEN,,2025-06-21T13:30:11+07:00,APP
31185d8c-b706-57d8-a50c-7e02bc4161d4,78e4b37a-baa0-5805-80f9-0bd7cf2e2453,PRODUCT_VIEW,ITM-0006,2025-07-07T05:11:36+07:00,APP
9b54943e-1e79-55c3-b06d-8d182b06065f,78e4b37a-baa0-5805-80f9-0bd7cf2e2453,SEARCH,,2026-05-28T18:06:56+07:00,APP
4bfc23ff-e65e-58e7-a082-8d7e58dd0c9c,096c1323-3dac-5d9f-86fd-3ce7c87c242e,PRODUCT_VIEW,ITM-0026,2026-07-24T07:07:58+07:00,APP
34fc762b-c897-5c39-a0f0-6261d92f4bfc,096c1323-3dac-5d9f-86fd-3ce7c87c242e,SEARCH,,2025-10-30T09:32:32+07:00,APP
132771a7-cd47-5645-b255-e07bb78bedef,096c1323-3dac-5d9f-86fd-3ce7c87c242e,SEARCH,,2026-09-20T22:43:13+07:00,APP
3979b4b5-d14a-5cfe-a7aa-936eff7f9d84,096c1323-3dac-5d9f-86fd-3ce7c87c242e,PRODUCT_VIEW,ITM-0074,2026-02-01T07:44:36+07:00,APP
c40e07a2-d24f-53bb-b4d5-7e74fac6dc66,096c1323-3dac-5d9f-86fd-3ce7c87c242e,SEARCH,,2025-04-10T19:07:47+07:00,APP
cd4e1e46-038c-5ee9-a2b6-8b1ae76eff1e,096c1323-3dac-5d9f-86fd-3ce7c87c242e,SEARCH,,2025-08-20T18:56:41+07:00,APP
f270bfd9-6995-5dc4-afea-4b96d157c809,096c1323-3dac-5d9f-86fd-3ce7c87c242e,PRODUCT_VIEW,ITM-0049,2026-05-31T20:35:22+07:00,APP
00e5fcee-7505-5e7c-ade7-90f35729d0ec,096c1323-3dac-5d9f-86fd-3ce7c87c242e,PRODUCT_VIEW,ITM-0072,2026-07-07T02:32:44+07:00,APP
1628cda5-0ba7-5bca-854b-387a8f4e3b6a,7c5f6ac8-493d-5a4c-b6ea-2f421e555903,PRODUCT_VIEW,ITM-0036,2026-01-31T00:18:41+07:00,APP
b3a4743c-ca71-5058-a052-103a0126c097,7c5f6ac8-493d-5a4c-b6ea-2f421e555903,APP_OPEN,,2026-04-02T23:00:04+07:00,APP
17491062-e72c-5280-a928-01f6b254ddfc,7c5f6ac8-493d-5a4c-b6ea-2f421e555903,APP_OPEN,,2025-09-05T16:44:11+07:00,APP
e982c65a-304a-50cb-8659-659d250d158c,7c5f6ac8-493d-5a4c-b6ea-2f421e555903,APP_OPEN,,2025-11-14T03:01:46+07:00,APP
be07dbc6-9186-5d42-839e-596178dc83ad,7c5f6ac8-493d-5a4c-b6ea-2f421e555903,APP_OPEN,,2025-05-05T19:18:00+07:00,APP
3ac08e9e-34a6-50bb-903f-723a24c15304,7c5f6ac8-493d-5a4c-b6ea-2f421e555903,CART_ADD,ITM-0002,2025-05-27T08:31:23+07:00,APP
79c2f0d9-21a4-5cc1-9f0d-c9deb40b2e93,7c5f6ac8-493d-5a4c-b6ea-2f421e555903,CART_ADD,ITM-0069,2025-09-23T11:31:33+07:00,APP
a16c5768-c250-5642-9af0-8f1aba1097ea,f9c8de03-beab-5799-9868-4bd7fe40022f,CART_ADD,ITM-0049,2026-09-14T00:15:34+07:00,APP
754be738-bb25-55ec-b926-65b7b295ff2b,f9c8de03-beab-5799-9868-4bd7fe40022f,APP_OPEN,,2026-09-12T09:38:05+07:00,APP
471aefe0-e0ae-5599-8ba5-06ba85f4497a,f9c8de03-beab-5799-9868-4bd7fe40022f,PRODUCT_VIEW,ITM-0058,2026-03-03T21:50:21+07:00,APP
df6bd729-0764-5da6-bd5a-bdf1042a1b69,f9c8de03-beab-5799-9868-4bd7fe40022f,APP_OPEN,,2025-10-16T13:16:01+07:00,APP
bab8de4e-f82a-5720-8656-668864c7f7de,f9c8de03-beab-5799-9868-4bd7fe40022f,CART_ADD,ITM-0011,2026-05-27T14:24:21+07:00,APP
b477bd22-7e5c-5af2-bf75-3ade6ad81fe9,f9c8de03-beab-5799-9868-4bd7fe40022f,CART_ADD,ITM-0080,2025-12-29T03:09:24+07:00,APP
94a20fcb-475d-5059-8d80-2aa57e4c2fb5,1675846b-3b9d-51e5-a0e7-661748df1a7f,CART_ADD,ITM-0002,2025-10-10T08:51:30+07:00,APP
be5e92ba-71d4-5437-8a40-af1cbd12b8c1,1675846b-3b9d-51e5-a0e7-661748df1a7f,APP_OPEN,,2026-05-11T15:59:20+07:00,APP
616aa9a7-fe04-537b-b000-f2ac39aec36e,1675846b-3b9d-51e5-a0e7-661748df1a7f,PRODUCT_VIEW,ITM-0073,2026-01-01T00:11:39+07:00,APP
b15fed11-9484-5719-a5f3-8b3c06a1c32b,1675846b-3b9d-51e5-a0e7-661748df1a7f,APP_OPEN,,2026-02-28T13:49:55+07:00,APP
9203feeb-db4c-50ec-97d1-dfb4afd71fb6,1675846b-3b9d-51e5-a0e7-661748df1a7f,PRODUCT_VIEW,ITM-0003,2025-04-20T01:10:09+07:00,APP
161988d9-1e00-582a-9044-97891413e6e9,1675846b-3b9d-51e5-a0e7-661748df1a7f,CART_ADD,ITM-0071,2025-11-07T16:38:30+07:00,APP
fda05ccc-43c9-510a-9d01-13d70ea1fec5,e3bb7f0e-31f6-5e05-ad4d-b6a14cb0e699,CART_ADD,ITM-0002,2025-07-19T06:39:28+07:00,APP
25e4e6d8-e5cd-52c5-bc2e-d863a3179421,e3bb7f0e-31f6-5e05-ad4d-b6a14cb0e699,APP_OPEN,,2025-10-05T03:38:40+07:00,APP
4daf4a6e-9c90-5f86-9b5f-f0da45cadd9a,e3bb7f0e-31f6-5e05-ad4d-b6a14cb0e699,APP_OPEN,,2025-06-19T03:24:47+07:00,APP
42dc8351-5aaa-5ee5-b2ee-8f35b516dcd6,e3bb7f0e-31f6-5e05-ad4d-b6a14cb0e699,APP_OPEN,,2026-02-08T23:20:15+07:00,APP
2ecf1909-79dd-5d1f-afc4-cf85444f3803,e3bb7f0e-31f6-5e05-ad4d-b6a14cb0e699,PRODUCT_VIEW,ITM-0060,2026-08-28T02:41:39+07:00,APP
b53d3b40-c26b-579d-81b4-19a99a131bc2,e3bb7f0e-31f6-5e05-ad4d-b6a14cb0e699,SEARCH,,2026-07-07T13:09:31+07:00,APP
949ba051-2694-55e9-b78c-45637fa67bbf,e3bb7f0e-31f6-5e05-ad4d-b6a14cb0e699,CART_ADD,ITM-0006,2025-08-01T17:43:57+07:00,APP
8150e3a3-4936-595e-bfb8-c75d5e23835d,9c3fcaa3-8f6b-5b50-82f9-397cbd8dd37e,SEARCH,,2026-03-04T17:22:32+07:00,APP
22ab85cf-c736-50a2-8780-46a4256e3db6,9c3fcaa3-8f6b-5b50-82f9-397cbd8dd37e,PRODUCT_VIEW,ITM-0068,2026-05-13T23:38:50+07:00,APP
5f418bec-86cd-59d2-a614-024ee95f1adb,9c3fcaa3-8f6b-5b50-82f9-397cbd8dd37e,SEARCH,,2026-03-13T16:54:44+07:00,APP
5b6eb5fd-d02e-503f-a3a4-a1acebc2750b,9c3fcaa3-8f6b-5b50-82f9-397cbd8dd37e,PRODUCT_VIEW,ITM-0098,2026-03-07T16:33:36+07:00,APP
40e63833-ed3c-50ba-895d-f8ad905af65a,9c3fcaa3-8f6b-5b50-82f9-397cbd8dd37e,PRODUCT_VIEW,ITM-0009,2026-02-13T23:30:45+07:00,APP
ebd43cd2-960c-5be0-9f6c-f34218744409,222ecf9c-b22d-5668-b108-fcf1e9f97405,SEARCH,,2025-09-28T17:51:28+07:00,APP
52e3dea7-4b31-5e21-ba66-fba4cbf7678d,222ecf9c-b22d-5668-b108-fcf1e9f97405,CART_ADD,ITM-0041,2026-04-01T21:29:06+07:00,APP
8a763aa0-d13b-5711-a7f8-8f11048aee11,222ecf9c-b22d-5668-b108-fcf1e9f97405,APP_OPEN,,2025-09-05T23:15:03+07:00,APP
c1ee6ec3-053e-5805-be3e-98527b37d3e8,222ecf9c-b22d-5668-b108-fcf1e9f97405,PRODUCT_VIEW,ITM-0084,2026-08-05T19:48:13+07:00,APP
c34f3b15-416c-516e-9d5e-d8c1c94b4bf2,222ecf9c-b22d-5668-b108-fcf1e9f97405,CART_ADD,ITM-0082,2025-11-29T11:39:18+07:00,APP
76f732aa-baf0-5ced-b0cc-72c6d5a42a4a,320b1567-6757-5362-873c-03c087de06da,SEARCH,,2026-02-20T06:54:53+07:00,APP
6c8f9729-a9f1-585a-813c-4952e3cb2d20,320b1567-6757-5362-873c-03c087de06da,CART_ADD,ITM-0090,2025-09-20T01:08:35+07:00,APP
023122f7-e94f-5992-a1ae-e8144db8b56d,320b1567-6757-5362-873c-03c087de06da,APP_OPEN,,2025-10-18T03:44:57+07:00,APP
7f3b36a1-0b51-53c8-9d8b-30dfe2689e5f,320b1567-6757-5362-873c-03c087de06da,PRODUCT_VIEW,ITM-0089,2025-10-21T21:34:23+07:00,APP
5a4290e0-0f60-5951-bd40-745696261804,320b1567-6757-5362-873c-03c087de06da,PRODUCT_VIEW,ITM-0089,2026-07-29T09:59:54+07:00,APP
779b8a4b-f66f-5ef1-84b5-11b789184a8e,d7f0735b-48c7-55f1-a047-cbd0e5388619,APP_OPEN,,2025-12-07T14:48:54+07:00,APP
0de8135b-2b42-5d74-a4ad-fd15f0a79992,d7f0735b-48c7-55f1-a047-cbd0e5388619,APP_OPEN,,2026-04-27T14:01:26+07:00,APP
3c71e588-e246-548a-afcb-ca7d7c3f34e8,d7f0735b-48c7-55f1-a047-cbd0e5388619,APP_OPEN,,2026-03-19T18:16:17+07:00,APP
10112e2c-27be-5deb-9a34-9b34ecd6fafc,d7f0735b-48c7-55f1-a047-cbd0e5388619,APP_OPEN,,2026-09-25T00:41:01+07:00,APP
bc1d2170-78fb-563c-88d3-cacb3b14ed58,d7f0735b-48c7-55f1-a047-cbd0e5388619,PRODUCT_VIEW,ITM-0090,2025-06-11T22:26:12+07:00,APP
e9ed349b-4573-56f4-9154-1db78745506b,d7f0735b-48c7-55f1-a047-cbd0e5388619,PRODUCT_VIEW,ITM-0077,2025-06-18T14:37:59+07:00,APP
0c498f38-8ed1-52af-ba4b-89da91b92c83,d7f0735b-48c7-55f1-a047-cbd0e5388619,SEARCH,,2025-10-19T14:17:37+07:00,APP
fc4a0b9b-13a9-5609-963c-3430985f9145,d7f0735b-48c7-55f1-a047-cbd0e5388619,PRODUCT_VIEW,ITM-0002,2026-09-29T14:37:35+07:00,APP
d6c469a1-19c5-552e-8f00-6ae15b01a577,bac7c8aa-70a5-52fb-a29f-ae32c1c29ea9,PRODUCT_VIEW,ITM-0049,2025-11-09T03:04:50+07:00,APP
9550fdf3-ec61-5953-a440-2c0d274fb3e5,bac7c8aa-70a5-52fb-a29f-ae32c1c29ea9,PRODUCT_VIEW,ITM-0033,2025-08-29T08:40:50+07:00,APP
01d4dc36-3ab3-57f0-942a-c5f09f7005de,bac7c8aa-70a5-52fb-a29f-ae32c1c29ea9,APP_OPEN,,2026-01-13T12:40:58+07:00,APP
4ee480d9-fef0-5e62-a751-b7c2d7d23232,bac7c8aa-70a5-52fb-a29f-ae32c1c29ea9,PRODUCT_VIEW,ITM-0054,2026-07-06T22:18:50+07:00,APP
810a6525-4bcc-5b96-b3b6-bb6e7f8619e4,bac7c8aa-70a5-52fb-a29f-ae32c1c29ea9,CART_ADD,ITM-0012,2025-07-13T17:48:38+07:00,APP
ac7162f0-0e21-537d-a35c-fb6410029dfb,bac7c8aa-70a5-52fb-a29f-ae32c1c29ea9,APP_OPEN,,2025-07-25T22:08:56+07:00,APP
8acc7f70-3c01-5a83-89fa-8ac8ad11b747,40f96807-9bea-599b-b4a2-4c4bdfd3391c,PRODUCT_VIEW,ITM-0054,2026-09-10T10:02:13+07:00,APP
025e4ad4-4876-5a84-83c6-b8aeb59ef07f,e569a218-6591-5f8d-88bb-0e3061c35a13,CART_ADD,ITM-0016,2025-08-21T07:22:42+07:00,APP
550bfa63-4628-5a2c-a4a0-f5f8ae3b7a7f,e569a218-6591-5f8d-88bb-0e3061c35a13,SEARCH,,2025-11-18T07:21:50+07:00,APP
97399855-79e5-547f-91aa-1ae831a481e3,e569a218-6591-5f8d-88bb-0e3061c35a13,SEARCH,,2026-08-20T00:40:49+07:00,APP
dc450ccb-f917-5ef0-92ca-245cef8bb55c,3671a92a-97a5-55d5-9708-5c81a7a5e3d8,CART_ADD,ITM-0083,2026-03-08T08:08:54+07:00,APP
3a0bcabd-bf9c-5828-89d2-772b2fc3131e,3671a92a-97a5-55d5-9708-5c81a7a5e3d8,CART_ADD,ITM-0004,2025-11-04T17:52:36+07:00,APP
c3e64409-4215-5490-a5b5-c7b24ca853b4,3671a92a-97a5-55d5-9708-5c81a7a5e3d8,SEARCH,,2025-05-28T02:56:01+07:00,APP
86f99fd8-0a2d-502b-845a-8edf6f11958b,3671a92a-97a5-55d5-9708-5c81a7a5e3d8,SEARCH,,2026-08-29T01:35:14+07:00,APP
0f96ad6f-4265-5263-95b6-505c31a3f642,3671a92a-97a5-55d5-9708-5c81a7a5e3d8,CART_ADD,ITM-0062,2025-10-07T14:27:15+07:00,APP
755f784b-e6a7-5581-a1f7-1b80678cc2a2,3671a92a-97a5-55d5-9708-5c81a7a5e3d8,PRODUCT_VIEW,ITM-0057,2026-09-15T20:03:49+07:00,APP
f14a7c17-078d-5ac2-a19f-29cdca48707e,adde9152-548a-5f7f-8e36-346d63604b26,PRODUCT_VIEW,ITM-0034,2026-02-01T21:14:23+07:00,APP
3ed5a4f1-5198-555a-a4fd-e79daaf9a0ec,563fa82e-e271-5fc6-b69a-2e683090da4a,SEARCH,,2026-09-04T13:11:25+07:00,APP
c034b20e-f242-51e1-998f-95239d4a8646,563fa82e-e271-5fc6-b69a-2e683090da4a,APP_OPEN,,2026-06-02T00:48:28+07:00,APP
819d1cc0-ce28-593e-8329-2b7c68a50bed,563fa82e-e271-5fc6-b69a-2e683090da4a,SEARCH,,2025-08-08T10:20:29+07:00,APP
8c91a25c-fca7-5f36-a3e5-9d18e8346ed5,563fa82e-e271-5fc6-b69a-2e683090da4a,CART_ADD,ITM-0033,2025-09-19T19:55:29+07:00,APP
f5ce3034-e0cb-560c-86fa-0329efeefea0,563fa82e-e271-5fc6-b69a-2e683090da4a,CART_ADD,ITM-0054,2025-08-07T04:40:20+07:00,APP
334ec059-5e7e-519a-9edf-34b178dd2c8a,3e015644-fb40-5ab8-86c3-e8cd4ca5db06,PRODUCT_VIEW,ITM-0045,2025-08-19T09:35:26+07:00,APP
76d4e623-8940-59b7-ad57-1cd701fdd01f,3e015644-fb40-5ab8-86c3-e8cd4ca5db06,APP_OPEN,,2026-06-02T10:27:43+07:00,APP
f683b1d0-8a84-5336-9fca-bc7af05a4ebe,3e015644-fb40-5ab8-86c3-e8cd4ca5db06,SEARCH,,2026-08-06T01:33:55+07:00,APP
26f46760-af70-5614-b082-17f3ac463a91,3e015644-fb40-5ab8-86c3-e8cd4ca5db06,APP_OPEN,,2026-03-31T21:48:14+07:00,APP
0aafaf25-cf04-5569-9351-d2128aaadfc6,3e015644-fb40-5ab8-86c3-e8cd4ca5db06,SEARCH,,2025-11-24T10:45:22+07:00,APP
dfd5087a-6db9-518d-b103-ca9196799119,3e015644-fb40-5ab8-86c3-e8cd4ca5db06,CART_ADD,ITM-0092,2026-02-14T11:42:24+07:00,APP
02dfb0ee-18c9-5100-8067-0eaf52c06f16,3e015644-fb40-5ab8-86c3-e8cd4ca5db06,CART_ADD,ITM-0062,2025-08-16T08:31:46+07:00,APP
f5999c5e-b523-5366-b294-82b7055d7868,3e015644-fb40-5ab8-86c3-e8cd4ca5db06,CART_ADD,ITM-0047,2025-08-13T21:31:57+07:00,APP
68563e49-de6b-5c21-926b-abe6b38d0f91,b22a1530-512b-53b0-8d10-93c9c8723f1d,SEARCH,,2026-01-30T04:37:06+07:00,APP
f05a2d2b-5fdb-5e6c-97f1-632362d0a765,b22a1530-512b-53b0-8d10-93c9c8723f1d,CART_ADD,ITM-0088,2025-11-16T23:04:55+07:00,APP
8e9a4ee9-44bb-5cd1-9d01-a159f0a1d2eb,b22a1530-512b-53b0-8d10-93c9c8723f1d,PRODUCT_VIEW,ITM-0034,2026-05-03T02:42:19+07:00,APP
311bf8d1-5cc0-5b29-b00e-614b900f0dac,b22a1530-512b-53b0-8d10-93c9c8723f1d,APP_OPEN,,2025-09-03T15:09:38+07:00,APP
c436ab8c-559b-527c-ad71-d57740bba0c6,b22a1530-512b-53b0-8d10-93c9c8723f1d,CART_ADD,ITM-0087,2025-08-05T14:17:03+07:00,APP
5b6c1108-4880-56d5-874c-3609f611b820,bbef0175-4e63-5e42-a403-d45a3383199f,APP_OPEN,,2025-10-11T08:45:48+07:00,APP
2f9f476c-4506-5134-927a-cf98542b5cd9,bbef0175-4e63-5e42-a403-d45a3383199f,APP_OPEN,,2025-08-08T08:24:56+07:00,APP
d0687ff7-ce38-5822-9eed-9ee41192a83b,bbef0175-4e63-5e42-a403-d45a3383199f,CART_ADD,ITM-0045,2025-08-18T06:17:06+07:00,APP
702b96ee-125d-5de7-bbcd-2c62c7873a38,bbef0175-4e63-5e42-a403-d45a3383199f,CART_ADD,ITM-0041,2026-08-30T20:27:21+07:00,APP
edd7ed86-88fc-5dde-a834-6d5cf3586b3a,a607cb5a-b891-5ac5-ae8b-b5fcf1f16aad,APP_OPEN,,2026-02-23T11:55:22+07:00,APP
2b92e1e5-71b5-5012-848b-2f4c93332717,a607cb5a-b891-5ac5-ae8b-b5fcf1f16aad,CART_ADD,ITM-0072,2025-04-10T01:26:55+07:00,APP
c4dc5210-a483-5602-a6a1-56c1180a89b6,a607cb5a-b891-5ac5-ae8b-b5fcf1f16aad,APP_OPEN,,2025-06-28T01:01:03+07:00,APP
7f9f6a64-ffb3-5881-8adf-1abbe07ae41e,a607cb5a-b891-5ac5-ae8b-b5fcf1f16aad,PRODUCT_VIEW,ITM-0054,2025-06-20T12:34:59+07:00,APP
42be7a65-9e1c-5295-8705-c8db65ee3f13,c2ba4571-f645-52a8-b404-43b818b882d9,CART_ADD,ITM-0003,2026-02-17T12:43:09+07:00,APP
9c904285-1799-5b63-90d4-6af10498197d,d85f3452-e40f-5731-8b2a-3a69d9562625,SEARCH,,2026-02-06T02:06:56+07:00,APP
baa68505-c6d6-5ae4-b4f3-6078880a1165,d85f3452-e40f-5731-8b2a-3a69d9562625,SEARCH,,2026-09-07T12:38:28+07:00,APP
8222d5c9-ff30-5809-bcb2-9f617ebd7adb,d85f3452-e40f-5731-8b2a-3a69d9562625,PRODUCT_VIEW,ITM-0078,2025-05-21T02:22:53+07:00,APP
440432ea-7f37-5af5-a37c-c9f4e1673849,d85f3452-e40f-5731-8b2a-3a69d9562625,PRODUCT_VIEW,ITM-0033,2026-08-18T23:45:50+07:00,APP
409f73b0-f6cd-55dd-a8ff-9026b461d7eb,d85f3452-e40f-5731-8b2a-3a69d9562625,SEARCH,,2026-04-28T19:52:15+07:00,APP
69bb0a42-0e75-5a75-a121-f2203e9d3d9d,d85f3452-e40f-5731-8b2a-3a69d9562625,SEARCH,,2025-05-06T23:51:26+07:00,APP
43aff6a1-f94a-5452-8335-fef880012895,403a7f39-7fe0-58a8-b2b0-ebb94e1358f3,SEARCH,,2025-06-01T18:54:58+07:00,APP
e622ef30-3474-5b64-869d-8721cc54e987,403a7f39-7fe0-58a8-b2b0-ebb94e1358f3,APP_OPEN,,2025-07-19T13:25:44+07:00,APP
5b217e6e-581b-50df-ad70-334081d9cf3a,403a7f39-7fe0-58a8-b2b0-ebb94e1358f3,SEARCH,,2025-07-16T09:16:04+07:00,APP
7c64ea2c-686d-5a8d-8f0a-7646f74d553e,403a7f39-7fe0-58a8-b2b0-ebb94e1358f3,CART_ADD,ITM-0037,2026-07-28T11:31:27+07:00,APP
ec772d0e-c2e6-5033-8a2d-560d4d8f8894,403a7f39-7fe0-58a8-b2b0-ebb94e1358f3,PRODUCT_VIEW,ITM-0070,2025-07-15T11:00:21+07:00,APP
344607a7-58ec-5842-adc6-84a7536010b5,403a7f39-7fe0-58a8-b2b0-ebb94e1358f3,CART_ADD,ITM-0001,2026-01-24T04:21:14+07:00,APP
0aefe251-9867-5839-84c5-9692739e55c4,6b6453ac-1f29-570c-9e38-b4fef85e61bb,APP_OPEN,,2026-08-18T22:35:54+07:00,APP
37cb9ddd-befb-5a64-82cc-8076c1b2af5d,6b6453ac-1f29-570c-9e38-b4fef85e61bb,APP_OPEN,,2026-01-12T21:32:11+07:00,APP
b1c3a108-460d-5461-897b-9f9186ac4a7e,6b6453ac-1f29-570c-9e38-b4fef85e61bb,SEARCH,,2026-08-12T05:05:47+07:00,APP
954543eb-62ea-54c6-89ce-34376a3269d3,6b6453ac-1f29-570c-9e38-b4fef85e61bb,SEARCH,,2026-02-03T18:24:12+07:00,APP
e58bb7a4-5e05-5c86-8289-9e61d1321585,6b6453ac-1f29-570c-9e38-b4fef85e61bb,PRODUCT_VIEW,ITM-0025,2025-11-08T18:39:25+07:00,APP
3afce18f-87c0-5bae-9cb8-32c40f8abb9d,6b6453ac-1f29-570c-9e38-b4fef85e61bb,APP_OPEN,,2026-06-11T16:30:31+07:00,APP
c6540290-09a0-5f7c-a28d-9fe97e7f9ade,6b6453ac-1f29-570c-9e38-b4fef85e61bb,APP_OPEN,,2026-06-07T17:28:01+07:00,APP
3ceb477d-0c93-5a27-ae82-05b64e9f36fd,678d6471-ae8b-5692-a9b8-6c378d6c214d,SEARCH,,2026-05-04T02:12:00+07:00,APP
6dc6255b-824e-5ee7-89f8-6316a594279a,678d6471-ae8b-5692-a9b8-6c378d6c214d,PRODUCT_VIEW,ITM-0033,2026-01-19T17:20:05+07:00,APP
42c15261-f9e5-5992-ab23-da3e16d26057,678d6471-ae8b-5692-a9b8-6c378d6c214d,CART_ADD,ITM-0010,2025-06-24T23:28:47+07:00,APP
64447c20-16a5-5074-95af-340dbb4fa5cd,3c6aedae-641a-5efc-ac5f-d9e1d2fff060,APP_OPEN,,2025-10-25T16:31:23+07:00,APP
13aab763-5c30-576f-846f-aeaaf29e5811,3c6aedae-641a-5efc-ac5f-d9e1d2fff060,PRODUCT_VIEW,ITM-0005,2026-01-26T18:42:50+07:00,APP
894147f3-3bcf-572b-ac32-d5261f253108,3c6aedae-641a-5efc-ac5f-d9e1d2fff060,PRODUCT_VIEW,ITM-0035,2025-06-14T16:06:32+07:00,APP
25a1576b-e858-594e-a3f1-3b1831ced09c,3c6aedae-641a-5efc-ac5f-d9e1d2fff060,SEARCH,,2025-04-18T00:07:02+07:00,APP
d661b529-b02c-5403-b12b-7c3024b8af6b,3c6aedae-641a-5efc-ac5f-d9e1d2fff060,SEARCH,,2025-07-15T11:02:31+07:00,APP
6e31cdad-fe13-5d23-a65b-80c8973dff9d,3c6aedae-641a-5efc-ac5f-d9e1d2fff060,CART_ADD,ITM-0084,2026-03-26T05:07:11+07:00,APP
6b22e9e2-b1fb-5559-813e-c58f573b6e7c,3c6aedae-641a-5efc-ac5f-d9e1d2fff060,CART_ADD,ITM-0012,2025-07-23T01:38:44+07:00,APP
2b3f0c10-f518-585b-92d9-44cce7cd4e7f,3c6aedae-641a-5efc-ac5f-d9e1d2fff060,CART_ADD,ITM-0053,2026-09-04T13:44:19+07:00,APP
6c8cb3c5-efe1-5d6b-ae1d-85fae1e406c7,6383b479-fb6c-5378-ab4a-170a47581f0d,PRODUCT_VIEW,ITM-0033,2026-08-23T18:11:13+07:00,APP
e4b5af58-24ca-56d3-a8c0-997644db1cfa,6383b479-fb6c-5378-ab4a-170a47581f0d,CART_ADD,ITM-0024,2025-06-24T01:13:00+07:00,APP
6ddd5dd2-b586-5cf9-adbf-2e7079ca232f,6383b479-fb6c-5378-ab4a-170a47581f0d,APP_OPEN,,2026-09-28T10:24:07+07:00,APP
e422cd67-d58b-551f-b6bd-917b20374ef5,aa6b4697-c1ac-556f-9dae-46fac35d5298,SEARCH,,2025-12-14T20:29:11+07:00,APP
9de23d33-fca8-5ac5-92ec-5a29c99b917e,aa6b4697-c1ac-556f-9dae-46fac35d5298,PRODUCT_VIEW,ITM-0042,2025-12-22T06:34:21+07:00,APP
a7f0d1e9-943f-5695-8d34-4471cc4c850a,aa6b4697-c1ac-556f-9dae-46fac35d5298,APP_OPEN,,2026-08-01T00:27:03+07:00,APP
62811676-183e-5973-be1f-b999a1ebc4e3,aa6b4697-c1ac-556f-9dae-46fac35d5298,CART_ADD,ITM-0009,2025-07-25T20:10:13+07:00,APP
8d1d9da1-85da-5f60-a00e-d55c6bb7d4e8,aa6b4697-c1ac-556f-9dae-46fac35d5298,CART_ADD,ITM-0068,2026-08-21T17:08:53+07:00,APP
2822572c-8c73-5b50-9286-cd6d19573ed2,aa6b4697-c1ac-556f-9dae-46fac35d5298,CART_ADD,ITM-0036,2026-01-21T18:38:43+07:00,APP
93b5157e-e8d8-5400-9a1c-b99948193d17,9e725e32-a33f-593d-8a45-c183fcc7e9ad,APP_OPEN,,2026-06-20T23:35:41+07:00,APP
c528ed14-c80a-5de2-b943-6aa96dafd2f3,9e725e32-a33f-593d-8a45-c183fcc7e9ad,APP_OPEN,,2025-07-27T21:42:19+07:00,APP
a3860ab6-ddae-5b91-9948-091044ec257c,9e725e32-a33f-593d-8a45-c183fcc7e9ad,APP_OPEN,,2026-05-25T00:21:55+07:00,APP
1085055a-180e-5285-8723-3ecbce22a4f1,9e725e32-a33f-593d-8a45-c183fcc7e9ad,SEARCH,,2025-10-15T21:43:58+07:00,APP
15e3411f-c6ed-5e85-b5a5-ac8d350cb5a6,9e725e32-a33f-593d-8a45-c183fcc7e9ad,PRODUCT_VIEW,ITM-0090,2026-03-22T18:56:41+07:00,APP
651c025a-de6e-5b7d-a9ca-b73f0da831fb,cbb69bf1-1bf6-518f-b7b3-fd2ef1043f1c,CART_ADD,ITM-0070,2026-03-06T23:35:15+07:00,APP
a5ecfd8b-9d95-59b2-b3c0-fb93aa497e67,cbb69bf1-1bf6-518f-b7b3-fd2ef1043f1c,SEARCH,,2026-03-10T15:11:16+07:00,APP
bee11ad1-8e87-51dd-9930-d12f91f1c858,cbb69bf1-1bf6-518f-b7b3-fd2ef1043f1c,SEARCH,,2026-07-06T17:06:29+07:00,APP
c233ae48-42e2-563b-9d42-22a544960c76,cbb69bf1-1bf6-518f-b7b3-fd2ef1043f1c,CART_ADD,ITM-0072,2026-06-20T08:11:52+07:00,APP
c9cd4141-d427-5db4-96f8-57518e62fba9,6a261e1c-11d2-50dc-9b85-364f8ce5a49a,SEARCH,,2026-01-24T13:36:06+07:00,APP
2c582df8-2178-55a2-a7dc-0df5a2304cc1,6a261e1c-11d2-50dc-9b85-364f8ce5a49a,PRODUCT_VIEW,ITM-0074,2026-08-13T11:19:25+07:00,APP
b74e99dc-44ac-5b78-9575-26393804fbda,6a261e1c-11d2-50dc-9b85-364f8ce5a49a,APP_OPEN,,2025-10-01T20:25:59+07:00,APP
d48561e8-a508-5963-97f4-6e837188bbf5,80c93ac0-e79c-54c6-9765-195f34dc3f92,PRODUCT_VIEW,ITM-0032,2026-03-15T23:59:07+07:00,APP
95dce054-70ed-54f2-91aa-283708e2ed04,80c93ac0-e79c-54c6-9765-195f34dc3f92,SEARCH,,2026-01-08T01:29:31+07:00,APP
d16796e8-6ddf-5633-9936-e62762494621,80c93ac0-e79c-54c6-9765-195f34dc3f92,PRODUCT_VIEW,ITM-0086,2025-08-03T02:04:36+07:00,APP
9ed0aedf-8a65-584d-b3da-036c0dd2ecf7,80c93ac0-e79c-54c6-9765-195f34dc3f92,SEARCH,,2025-12-01T11:34:08+07:00,APP
99a3edf9-1737-5683-994c-c5df9288ca4d,80c93ac0-e79c-54c6-9765-195f34dc3f92,SEARCH,,2026-04-07T21:46:26+07:00,APP
3a886ec7-dd7d-5553-bd74-1a9f5b1d2f9f,80c93ac0-e79c-54c6-9765-195f34dc3f92,APP_OPEN,,2026-09-05T01:56:53+07:00,APP
e1b821bb-5803-5063-bb32-b0123b4760b2,80c93ac0-e79c-54c6-9765-195f34dc3f92,APP_OPEN,,2026-07-31T23:10:25+07:00,APP
e41b0b2c-29cf-506c-bd8b-4cfd3f47a79d,74320798-9f98-5e63-b804-6b310da84f73,PRODUCT_VIEW,ITM-0042,2026-06-10T22:18:46+07:00,APP
28097987-7925-5647-bb54-da2ad25d7fa1,74320798-9f98-5e63-b804-6b310da84f73,PRODUCT_VIEW,ITM-0007,2025-06-24T17:21:00+07:00,APP
bb49a32a-6c49-5392-9122-aad9b41550e2,74320798-9f98-5e63-b804-6b310da84f73,PRODUCT_VIEW,ITM-0035,2026-06-21T12:52:56+07:00,APP
ae350874-561b-5a6a-b659-3d83cbcb51f5,74320798-9f98-5e63-b804-6b310da84f73,PRODUCT_VIEW,ITM-0041,2026-05-26T02:16:45+07:00,APP
bdf145c1-8268-5c4f-be14-6ce92bf7d98a,74320798-9f98-5e63-b804-6b310da84f73,APP_OPEN,,2025-04-23T00:53:54+07:00,APP
a28c2081-d9a5-572e-9de3-005f72bee722,74320798-9f98-5e63-b804-6b310da84f73,APP_OPEN,,2026-04-22T01:50:41+07:00,APP
916b294b-1abe-5850-8a82-69e1d67b11ca,74320798-9f98-5e63-b804-6b310da84f73,SEARCH,,2025-10-27T12:58:38+07:00,APP
fd972c5d-405c-5d0d-8731-441414f58759,74320798-9f98-5e63-b804-6b310da84f73,PRODUCT_VIEW,ITM-0040,2025-04-27T06:20:04+07:00,APP
26bedb91-c562-57b7-95ba-9031053caf3a,66233d66-c9fe-5612-859e-ba750fc241b0,SEARCH,,2025-09-27T11:16:33+07:00,APP
b919dcde-59eb-54d4-a272-f5c4c0bd8b65,66233d66-c9fe-5612-859e-ba750fc241b0,SEARCH,,2026-09-24T07:37:39+07:00,APP
fb857c41-476a-5a6f-a1b9-138862f1ee99,66233d66-c9fe-5612-859e-ba750fc241b0,PRODUCT_VIEW,ITM-0018,2025-12-25T11:38:29+07:00,APP
74623076-15e8-5b82-8f30-5fa4cafd60be,66233d66-c9fe-5612-859e-ba750fc241b0,CART_ADD,ITM-0078,2025-10-12T05:12:59+07:00,APP
cddae2e6-33c9-5a26-b58a-1af40e266700,66233d66-c9fe-5612-859e-ba750fc241b0,CART_ADD,ITM-0086,2025-09-10T06:32:47+07:00,APP
9bb0961a-ce10-5eb2-b632-bc4c170f0118,fc7c5a37-1553-5dcc-b9e4-065540df2bad,SEARCH,,2025-06-08T05:26:31+07:00,APP
5ed6dc4d-6d2e-5ea7-8de6-8aab436d3736,fc7c5a37-1553-5dcc-b9e4-065540df2bad,SEARCH,,2026-03-16T15:52:23+07:00,APP
fcac1e7f-2ade-5f13-8482-9fe5b1c2a91f,fc7c5a37-1553-5dcc-b9e4-065540df2bad,CART_ADD,ITM-0051,2026-06-02T18:18:17+07:00,APP
2e5ded45-e9d5-56ed-b5db-d805dddbc9d1,3032f644-1a7d-59fe-a7e5-ca4185785470,CART_ADD,ITM-0078,2025-12-15T00:49:54+07:00,APP
2e76316d-3f45-590f-a15f-b1d09818bc03,3032f644-1a7d-59fe-a7e5-ca4185785470,PRODUCT_VIEW,ITM-0007,2026-07-30T00:08:54+07:00,APP
76b3fd54-2c2f-53b9-a162-3ae813f9a492,3032f644-1a7d-59fe-a7e5-ca4185785470,APP_OPEN,,2025-07-20T04:28:34+07:00,APP
f81d6ed6-6dc5-5b78-9f86-b8eeb2926026,3032f644-1a7d-59fe-a7e5-ca4185785470,SEARCH,,2025-09-17T19:16:24+07:00,APP
3f607292-3d87-545b-ad3d-5b983c474566,3032f644-1a7d-59fe-a7e5-ca4185785470,CART_ADD,ITM-0006,2025-09-10T16:41:40+07:00,APP
656c12e4-99eb-5342-ba5f-728884a28bf7,3032f644-1a7d-59fe-a7e5-ca4185785470,CART_ADD,ITM-0052,2025-05-25T00:43:45+07:00,APP
e4b4f1ff-9909-5a72-9cdb-b1a3ede32008,ab889f74-608e-5089-8c32-17c8f487c3e9,PRODUCT_VIEW,ITM-0059,2026-01-11T07:05:32+07:00,APP
02cc35c8-875f-5919-bb4f-6e4bd6a9678f,ab889f74-608e-5089-8c32-17c8f487c3e9,SEARCH,,2025-10-25T12:40:14+07:00,APP
046f2d97-68a4-58d6-be7e-49ffb989df7e,b2038a96-1771-5e42-b1f9-39df40b100cb,CART_ADD,ITM-0065,2025-09-25T05:02:03+07:00,APP
cc216682-a505-57e2-bed2-e6a838ecce04,b2038a96-1771-5e42-b1f9-39df40b100cb,CART_ADD,ITM-0064,2025-05-10T23:39:33+07:00,APP
2e9a0f11-584b-55fa-b8bd-55c51b5470e1,b2038a96-1771-5e42-b1f9-39df40b100cb,SEARCH,,2025-08-13T12:42:42+07:00,APP
b5032e88-95f0-5637-b8a1-6e1c2c6d9f7f,1c815b3a-b7c8-5412-b8a5-d236b03bce89,CART_ADD,ITM-0097,2026-03-18T01:20:30+07:00,APP
6c9775e0-fe41-58e7-b356-5822e6fbb68b,1c815b3a-b7c8-5412-b8a5-d236b03bce89,APP_OPEN,,2025-07-26T21:47:23+07:00,APP
b02ba6fb-d2a0-531e-979b-a120954d9a38,1c815b3a-b7c8-5412-b8a5-d236b03bce89,CART_ADD,ITM-0030,2026-09-18T15:18:48+07:00,APP
b9ff1027-ce89-5d39-8f61-305521543362,1c815b3a-b7c8-5412-b8a5-d236b03bce89,SEARCH,,2026-01-19T02:54:41+07:00,APP
247511e0-e832-5d75-b410-e818d1e60d70,1c815b3a-b7c8-5412-b8a5-d236b03bce89,CART_ADD,ITM-0018,2025-05-15T05:50:51+07:00,APP
74cbc722-0e76-5467-b6dd-cf587f12ba4e,1c815b3a-b7c8-5412-b8a5-d236b03bce89,PRODUCT_VIEW,ITM-0001,2026-07-10T14:03:08+07:00,APP
688fc9d5-768c-53cc-9e5f-a2d5af80c2dc,248b1d48-e4bb-5f6d-8d10-9d5c8c231066,CART_ADD,ITM-0070,2025-12-18T18:22:31+07:00,APP
e8996e8a-ea08-51fe-bf97-cf787b5ba006,7ddfefc0-c5bf-5b60-b7c7-dac23c64dfcf,APP_OPEN,,2025-04-12T14:54:04+07:00,APP
24fa1200-17bf-5e75-ab90-8aaf76d6ada5,7ddfefc0-c5bf-5b60-b7c7-dac23c64dfcf,PRODUCT_VIEW,ITM-0085,2025-08-29T18:13:04+07:00,APP
6e051e1d-86e0-5b0d-8ead-36de950d1143,7ddfefc0-c5bf-5b60-b7c7-dac23c64dfcf,SEARCH,,2025-09-07T02:07:22+07:00,APP
1eb5d787-139a-5d1f-9196-6a423471137e,7ddfefc0-c5bf-5b60-b7c7-dac23c64dfcf,APP_OPEN,,2025-10-05T05:28:31+07:00,APP
ed913f85-60a5-54f3-8dc2-2c0df521d0e7,7ddfefc0-c5bf-5b60-b7c7-dac23c64dfcf,PRODUCT_VIEW,ITM-0096,2025-05-26T09:59:31+07:00,APP
3c4024be-97a6-5d0d-bc47-9a4b09a0b9fe,7ddfefc0-c5bf-5b60-b7c7-dac23c64dfcf,CART_ADD,ITM-0032,2025-11-04T18:27:22+07:00,APP
4f1f00d3-2928-5fd9-b3c9-c144b93d7ae7,9a2dde10-0e76-5e3b-9df8-daa362cc7935,PRODUCT_VIEW,ITM-0009,2025-08-24T13:21:46+07:00,APP
f1e14122-b055-50f3-927f-06a7510ee3e3,4df5bb9f-0c2c-5ae6-afca-bd40fe2e1a29,CART_ADD,ITM-0057,2025-05-23T00:16:20+07:00,APP
c9255413-4828-531c-bec5-c04026608b6c,4df5bb9f-0c2c-5ae6-afca-bd40fe2e1a29,APP_OPEN,,2026-04-25T05:25:55+07:00,APP
42df7cb9-a988-5dbb-a3b0-9cf65f5f98fb,4df5bb9f-0c2c-5ae6-afca-bd40fe2e1a29,PRODUCT_VIEW,ITM-0009,2026-04-16T04:19:05+07:00,APP
7c332eb5-a7f6-548a-8c91-7421d10c2e74,3ec89714-b04c-569f-b884-50f4230444c6,SEARCH,,2025-09-11T21:53:19+07:00,APP
0fc5c90c-a229-5518-be2d-4df665c1b6d1,3ec89714-b04c-569f-b884-50f4230444c6,APP_OPEN,,2026-04-25T12:22:09+07:00,APP
be59774e-4820-5768-9a59-a8dcbfcc3f66,a1e2f51b-2249-59bf-9a87-4c1456ead638,PRODUCT_VIEW,ITM-0052,2025-08-15T04:28:42+07:00,APP
cfa27d6d-dba4-5f67-bdb9-8d9941d27047,a1e2f51b-2249-59bf-9a87-4c1456ead638,APP_OPEN,,2025-08-15T00:47:19+07:00,APP
7d9a05a9-52e3-5da2-b61f-ce93946989df,a1e2f51b-2249-59bf-9a87-4c1456ead638,CART_ADD,ITM-0020,2026-06-12T03:38:30+07:00,APP
be6f2498-1aac-5539-945f-ec179756c2b2,a1e2f51b-2249-59bf-9a87-4c1456ead638,SEARCH,,2026-04-09T03:05:50+07:00,APP
20fa2963-1219-5051-bcd6-b0559e18db46,a1e2f51b-2249-59bf-9a87-4c1456ead638,PRODUCT_VIEW,ITM-0087,2026-02-27T23:38:10+07:00,APP
c077219b-f815-5403-ab0c-0c221ad59ed0,a1e2f51b-2249-59bf-9a87-4c1456ead638,SEARCH,,2026-01-09T19:56:57+07:00,APP
6006dc70-7f05-508b-887c-723ebd43dc4a,a1e2f51b-2249-59bf-9a87-4c1456ead638,SEARCH,,2025-07-26T13:51:11+07:00,APP
635dfd53-0fb8-581e-8936-b5be10ae5267,d2243584-349a-5f10-a348-4ce16e217d99,CART_ADD,ITM-0032,2025-05-01T07:04:56+07:00,APP
fecbb056-36d4-52b8-a155-a2dbc2721fdb,d2243584-349a-5f10-a348-4ce16e217d99,PRODUCT_VIEW,ITM-0054,2026-09-26T00:08:41+07:00,APP
8496209d-294f-503c-b9fe-f20a271f950c,d2243584-349a-5f10-a348-4ce16e217d99,SEARCH,,2025-06-13T16:47:54+07:00,APP
fd61e74c-62df-5ce7-9830-0b15022aa5e3,d2243584-349a-5f10-a348-4ce16e217d99,APP_OPEN,,2026-03-03T07:19:52+07:00,APP
851b77ae-723d-5079-9948-55fd9f758ebe,d2243584-349a-5f10-a348-4ce16e217d99,CART_ADD,ITM-0012,2025-12-27T09:55:57+07:00,APP
f1357511-a3d7-54c1-b048-223bba5ddfe5,d2243584-349a-5f10-a348-4ce16e217d99,CART_ADD,ITM-0043,2026-08-02T20:15:13+07:00,APP
4d7f52fd-6289-5a5d-81b6-8646781e80e0,d2243584-349a-5f10-a348-4ce16e217d99,CART_ADD,ITM-0020,2026-05-25T06:56:09+07:00,APP
bda47c40-7eed-5677-8e16-2be947d02243,d2243584-349a-5f10-a348-4ce16e217d99,CART_ADD,ITM-0076,2025-10-01T13:55:18+07:00,APP
7f916011-a32d-5ff3-905b-f2d6e21d284f,55b9fa3d-e400-5fb5-952f-d2c4a6a6ae16,SEARCH,,2026-06-26T09:49:57+07:00,APP
8a9067e2-995f-5a1a-a0b9-657b2eb3ac50,55b9fa3d-e400-5fb5-952f-d2c4a6a6ae16,SEARCH,,2026-04-24T10:17:22+07:00,APP
70b58991-f040-5930-9e69-dc06da21691f,8183471b-1d6d-5cb4-af73-34019ced408c,CART_ADD,ITM-0047,2026-08-20T12:50:11+07:00,APP
603b3a07-19bd-52ba-91ae-69d591cc5738,8183471b-1d6d-5cb4-af73-34019ced408c,SEARCH,,2025-06-10T04:27:34+07:00,APP
481734d1-45e7-501a-9fcc-189aaeea3012,8183471b-1d6d-5cb4-af73-34019ced408c,SEARCH,,2026-03-25T11:03:10+07:00,APP
fcc929c4-b16c-55bb-8b77-50013bd4875d,8183471b-1d6d-5cb4-af73-34019ced408c,SEARCH,,2026-03-13T17:08:41+07:00,APP
929f10bd-576e-5e1b-a7fe-d33d78f2435e,8183471b-1d6d-5cb4-af73-34019ced408c,SEARCH,,2025-10-11T10:39:24+07:00,APP
e22f180f-bf29-522c-9433-8da30b3c5245,8183471b-1d6d-5cb4-af73-34019ced408c,SEARCH,,2025-06-12T10:44:33+07:00,APP
31ad58ff-4406-5da4-85f9-c4877d5ef099,8183471b-1d6d-5cb4-af73-34019ced408c,CART_ADD,ITM-0011,2026-07-30T23:11:22+07:00,APP
3aa29031-702f-5b51-95dc-c44283ea0684,8183471b-1d6d-5cb4-af73-34019ced408c,PRODUCT_VIEW,ITM-0051,2026-06-06T13:44:17+07:00,APP
4c66ecb4-cdbf-58df-ac55-9d2a7013ad8f,a733fc1f-48ca-5235-b7f8-0b59b62ccb0d,SEARCH,,2026-08-30T11:57:31+07:00,APP
fde99c8d-236b-5bd7-a040-68c739aaf8c6,37eff56d-82e3-56e8-8411-4d635df84bd6,APP_OPEN,,2026-06-30T02:07:38+07:00,APP
251338f4-f899-5550-8a07-237810e041c3,37eff56d-82e3-56e8-8411-4d635df84bd6,SEARCH,,2025-11-22T20:24:43+07:00,APP
95afecf7-349a-5148-a4cb-fb46253d688e,37eff56d-82e3-56e8-8411-4d635df84bd6,CART_ADD,ITM-0047,2026-03-11T01:08:15+07:00,APP
5892749f-4ef1-5565-80d8-547ad48144df,37eff56d-82e3-56e8-8411-4d635df84bd6,APP_OPEN,,2026-05-25T03:57:36+07:00,APP
0f91a108-ccc8-5cd8-8dfc-4bbbde661b4a,37eff56d-82e3-56e8-8411-4d635df84bd6,APP_OPEN,,2025-05-24T00:09:38+07:00,APP
fd97a6de-8608-5ccd-8353-6d73b00c2fab,37eff56d-82e3-56e8-8411-4d635df84bd6,PRODUCT_VIEW,ITM-0058,2025-04-05T13:12:36+07:00,APP
1a4fba11-21d2-555e-8a0f-cd130e560e8d,78536d6c-639a-55e0-912c-3a40b9c0640a,CART_ADD,ITM-0040,2026-07-08T05:57:51+07:00,APP
69481bad-59be-5e39-af1e-1806923482da,78536d6c-639a-55e0-912c-3a40b9c0640a,PRODUCT_VIEW,ITM-0100,2025-05-09T16:54:46+07:00,APP
c71d51fa-0829-5d29-a948-96e9d3762753,78536d6c-639a-55e0-912c-3a40b9c0640a,PRODUCT_VIEW,ITM-0055,2025-05-14T20:33:57+07:00,APP
9fb632c1-8b33-5a7f-bbef-524ed205cb75,78536d6c-639a-55e0-912c-3a40b9c0640a,CART_ADD,ITM-0029,2026-04-17T12:54:13+07:00,APP
9bf8d330-62fb-5fc8-8f8f-dd2429e85c7c,06928ffd-79a9-5d71-b654-724323b474cf,PRODUCT_VIEW,ITM-0064,2025-11-23T15:34:11+07:00,APP
aee72c63-da11-51cd-8158-2977519dfc76,06928ffd-79a9-5d71-b654-724323b474cf,SEARCH,,2025-04-11T17:27:53+07:00,APP
d434c233-9bef-5478-87b4-674807117c83,06928ffd-79a9-5d71-b654-724323b474cf,APP_OPEN,,2025-07-18T01:53:59+07:00,APP
799523c2-5f58-5dc8-bf3b-7700d7ed6ed3,06928ffd-79a9-5d71-b654-724323b474cf,CART_ADD,ITM-0047,2026-01-15T08:12:10+07:00,APP
cc82839f-0cba-5ffc-b925-a82e0421a1e3,bf60176f-8ea9-5272-a992-39e1f267a101,CART_ADD,ITM-0096,2026-08-17T15:25:45+07:00,APP
aa822914-88a6-5c9d-8758-5e1cca108264,bf60176f-8ea9-5272-a992-39e1f267a101,PRODUCT_VIEW,ITM-0074,2025-08-19T06:15:41+07:00,APP
718f5773-24b4-548c-a3b2-15e9c7083fd8,bf60176f-8ea9-5272-a992-39e1f267a101,APP_OPEN,,2025-11-01T05:09:06+07:00,APP
f6f247fb-3ba7-5fd0-897d-87fe6ac199d1,0b907058-2e85-5220-af54-de891748d7b2,SEARCH,,2025-10-09T14:07:40+07:00,APP
3b22ed80-dc81-5555-864b-1c2a7359d5ff,0b907058-2e85-5220-af54-de891748d7b2,CART_ADD,ITM-0084,2025-05-08T18:52:50+07:00,APP
48f122f6-2387-5491-8e8f-241c93cd689b,a9308e77-332a-54a0-8711-8e582848abba,SEARCH,,2025-08-02T11:44:42+07:00,APP
2f7a76ac-2b96-56b4-8021-c7c06dbadda1,a9308e77-332a-54a0-8711-8e582848abba,PRODUCT_VIEW,ITM-0050,2025-08-12T14:24:59+07:00,APP
0ac5c53c-4f4a-5e21-9b4b-018334b5a939,a9308e77-332a-54a0-8711-8e582848abba,SEARCH,,2025-05-28T17:40:26+07:00,APP
2eea0779-4c46-56a1-a5c8-aae16fb7bcd9,a9308e77-332a-54a0-8711-8e582848abba,SEARCH,,2025-08-13T15:26:31+07:00,APP
7d18c535-2575-586e-83f4-f5534bce4e94,d3e0060f-ba41-5b41-a01c-a6c5679a5985,PRODUCT_VIEW,ITM-0066,2026-06-26T17:40:26+07:00,APP
fb852edb-725e-5882-aab7-7079cc38e63f,d3e0060f-ba41-5b41-a01c-a6c5679a5985,CART_ADD,ITM-0038,2026-03-02T04:07:17+07:00,APP
68af801f-be92-5af9-96dc-a067cc2c5dc9,d3e0060f-ba41-5b41-a01c-a6c5679a5985,APP_OPEN,,2025-09-02T00:19:39+07:00,APP
15acace5-4ba6-5427-bc25-ac4cf166db0a,d3e0060f-ba41-5b41-a01c-a6c5679a5985,PRODUCT_VIEW,ITM-0017,2025-09-12T00:00:25+07:00,APP
d7cab7ec-ffd6-5ff8-ad9c-db5d1e24cc7a,d3e0060f-ba41-5b41-a01c-a6c5679a5985,SEARCH,,2025-04-08T17:13:13+07:00,APP
d3bfe431-047d-5cbd-8519-5483d5c3d25b,d3e0060f-ba41-5b41-a01c-a6c5679a5985,PRODUCT_VIEW,ITM-0058,2026-05-05T07:30:57+07:00,APP
223da39b-e1c7-57c7-9a7b-14a9b170b2de,d3e0060f-ba41-5b41-a01c-a6c5679a5985,CART_ADD,ITM-0052,2025-06-21T10:45:26+07:00,APP
c65ae5c9-1c6a-5168-a956-af7d471ddd0d,d3e0060f-ba41-5b41-a01c-a6c5679a5985,PRODUCT_VIEW,ITM-0068,2026-08-08T02:58:21+07:00,APP
98f43b66-b868-5c90-b0f9-b3574ef32c40,c9e70396-aeea-5eed-b734-3df1ee6604c7,PRODUCT_VIEW,ITM-0040,2025-11-16T02:49:28+07:00,APP
ec8e3309-07fb-5143-980e-ef81cb29c49b,c9e70396-aeea-5eed-b734-3df1ee6604c7,PRODUCT_VIEW,ITM-0040,2026-05-15T21:15:19+07:00,APP
5880698a-57ff-5070-8333-db62267a9435,c9e70396-aeea-5eed-b734-3df1ee6604c7,SEARCH,,2026-09-10T16:37:02+07:00,APP
c8d44550-eccf-58c9-9ee5-4f93157a2067,d815e278-c5bf-5cbd-af9e-8d26c3865424,SEARCH,,2026-04-11T15:51:04+07:00,APP
8a393d3d-f5ff-5451-84cd-77a4c9a59236,4b12d953-a71a-53fb-a627-d3c9dcfe3c7b,APP_OPEN,,2026-05-29T21:38:56+07:00,APP
81293b2e-2bf6-57be-8dc7-7a17a0ea9b76,accd085a-d56a-51cf-9e98-95b5274234b3,CART_ADD,ITM-0080,2026-01-09T11:11:07+07:00,APP
f7cbd639-cca4-5fe4-8605-74423f147a6e,accd085a-d56a-51cf-9e98-95b5274234b3,SEARCH,,2025-04-11T04:07:12+07:00,APP
d44519e6-2330-517b-9e78-8d46ac7133aa,accd085a-d56a-51cf-9e98-95b5274234b3,SEARCH,,2026-09-18T08:42:19+07:00,APP
29448e56-7d42-55da-89e1-b05f0bf2acc2,accd085a-d56a-51cf-9e98-95b5274234b3,APP_OPEN,,2025-08-24T19:00:18+07:00,APP
47e468d4-7cef-53cf-939c-ab3ee8e4986c,87ca023e-ba2b-590a-85e0-f7c827205183,PRODUCT_VIEW,ITM-0053,2025-06-08T05:41:59+07:00,APP
b14f8cc0-0119-50fb-8f93-0bdf42c620c1,87ca023e-ba2b-590a-85e0-f7c827205183,CART_ADD,ITM-0093,2025-11-30T21:50:54+07:00,APP
5610b43f-092d-51ad-9743-04f13405d3bd,87ca023e-ba2b-590a-85e0-f7c827205183,APP_OPEN,,2026-09-20T15:14:07+07:00,APP
44e1ec6e-f643-5a5d-b293-77000e6e0bea,87ca023e-ba2b-590a-85e0-f7c827205183,SEARCH,,2025-05-21T14:36:32+07:00,APP
154f102a-1453-568c-84eb-0d9fa258a29b,87ca023e-ba2b-590a-85e0-f7c827205183,APP_OPEN,,2025-04-22T00:01:00+07:00,APP
07d02f9a-7d41-593e-b867-a48492f64109,87ca023e-ba2b-590a-85e0-f7c827205183,APP_OPEN,,2026-05-01T00:38:43+07:00,APP
271ab1b1-1943-5f39-80d3-e6d2e8bcce44,87ca023e-ba2b-590a-85e0-f7c827205183,APP_OPEN,,2026-09-15T05:24:58+07:00,APP
9363c9a0-02a5-57f2-a8b8-775b2e646731,87ca023e-ba2b-590a-85e0-f7c827205183,CART_ADD,ITM-0050,2026-07-19T11:10:31+07:00,APP
f63b15d5-ef49-5b6d-afb1-6e0958038350,40ede7d0-4d50-52e8-adcb-9a50ea454d07,SEARCH,,2026-09-07T15:20:48+07:00,APP
ef128477-a026-5684-a191-9085d55dfbf4,40ede7d0-4d50-52e8-adcb-9a50ea454d07,SEARCH,,2025-06-15T22:38:49+07:00,APP
fb3a629d-a3f8-5032-890b-30f480e43a02,40ede7d0-4d50-52e8-adcb-9a50ea454d07,SEARCH,,2025-09-30T12:12:27+07:00,APP
50bb4271-cdbc-57c5-a7e3-1edda794b463,40ede7d0-4d50-52e8-adcb-9a50ea454d07,SEARCH,,2025-07-05T09:31:36+07:00,APP
b37b9100-0802-5377-af1d-27d0941c3e7c,9fce881d-1b4a-5322-9ddf-f57acf1bd484,SEARCH,,2025-07-25T20:47:02+07:00,APP
3defca68-ddf3-5ff7-bcd6-8bac0e3d6604,fba87153-6ab1-5f0c-a301-a0269ff91bb1,APP_OPEN,,2026-04-21T00:58:10+07:00,APP
eb7f183e-b8db-544e-b9b3-8860dca4a78c,fba87153-6ab1-5f0c-a301-a0269ff91bb1,SEARCH,,2025-11-17T00:03:11+07:00,APP
9418cae3-0220-589d-95b7-8bcf4f09fcf2,fba87153-6ab1-5f0c-a301-a0269ff91bb1,APP_OPEN,,2026-08-25T14:33:53+07:00,APP
65050226-e312-5d5c-b42d-6c33ae50f545,fba87153-6ab1-5f0c-a301-a0269ff91bb1,APP_OPEN,,2025-10-12T18:48:18+07:00,APP
e286643e-d7c0-51d7-9419-b2f815cd0f3e,fba87153-6ab1-5f0c-a301-a0269ff91bb1,PRODUCT_VIEW,ITM-0028,2025-04-14T04:50:56+07:00,APP
b435ddce-51c0-52b0-a37e-ffa3bd625bb0,fba87153-6ab1-5f0c-a301-a0269ff91bb1,CART_ADD,ITM-0053,2025-05-08T05:41:15+07:00,APP
aa5d081d-b3b6-55af-b410-5bf17688e362,0dda6041-a802-5ff3-ba2c-ee637d287d8c,APP_OPEN,,2026-02-14T01:41:38+07:00,APP
27b36e3b-63d0-575e-a92a-ca6fe8e8e479,0dda6041-a802-5ff3-ba2c-ee637d287d8c,APP_OPEN,,2026-07-26T16:35:14+07:00,APP
384e6cff-5bd4-503c-b2d4-eb3fb79f4e84,0dda6041-a802-5ff3-ba2c-ee637d287d8c,CART_ADD,ITM-0008,2025-05-10T19:18:23+07:00,APP
90dda47f-245d-51ad-b136-e20398e5b2e8,0dda6041-a802-5ff3-ba2c-ee637d287d8c,APP_OPEN,,2026-06-03T11:36:18+07:00,APP
37a71c1d-3f83-5e28-9b3a-d70891cb77ab,0dda6041-a802-5ff3-ba2c-ee637d287d8c,SEARCH,,2025-05-03T04:36:23+07:00,APP
b9c156ca-f008-559c-ac71-a986e8dd461b,d20984c8-aca3-51a1-b7a7-5b75c3595423,SEARCH,,2025-06-10T03:17:58+07:00,APP
3ac261dd-ea4c-5e85-8d4b-223da12e0264,d20984c8-aca3-51a1-b7a7-5b75c3595423,APP_OPEN,,2026-02-10T16:46:46+07:00,APP
02c99b86-0dd7-5f99-b1f9-02b522cebf10,d20984c8-aca3-51a1-b7a7-5b75c3595423,PRODUCT_VIEW,ITM-0073,2026-09-29T00:47:16+07:00,APP
d664b88c-803a-573c-9a81-5b354724546a,ba9ad6c3-596f-5496-b317-f2745a9fa124,SEARCH,,2025-04-01T08:16:19+07:00,APP
d2e4a686-b20e-5892-b5ec-f719f05ea90d,ba9ad6c3-596f-5496-b317-f2745a9fa124,CART_ADD,ITM-0047,2025-10-01T17:00:29+07:00,APP
c20eb049-580e-56b7-892f-650e9952a916,95b9891d-b311-5a6b-9b48-7176e51d04ca,PRODUCT_VIEW,ITM-0088,2026-07-07T05:19:00+07:00,APP
d741f514-a0aa-5d4f-9ff0-03dbdaa2a3dc,95b9891d-b311-5a6b-9b48-7176e51d04ca,SEARCH,,2025-05-10T15:26:59+07:00,APP
97ae5df8-63ef-5e5e-8573-96f024e2c0f3,95b9891d-b311-5a6b-9b48-7176e51d04ca,APP_OPEN,,2026-09-01T20:14:22+07:00,APP
e0c77e8e-406a-5047-bd36-6a08de2d13b7,95b9891d-b311-5a6b-9b48-7176e51d04ca,APP_OPEN,,2025-12-26T07:35:58+07:00,APP
99ebdfa9-19b3-56e7-b440-556bdf16566e,95b9891d-b311-5a6b-9b48-7176e51d04ca,SEARCH,,2025-07-28T07:23:52+07:00,APP
759afb66-0f5b-5d07-b0f7-05658725eb88,95b9891d-b311-5a6b-9b48-7176e51d04ca,CART_ADD,ITM-0068,2025-09-12T10:25:37+07:00,APP
29b504b0-4a91-521c-8baa-3a157b75a282,95b9891d-b311-5a6b-9b48-7176e51d04ca,CART_ADD,ITM-0019,2026-05-13T16:14:51+07:00,APP
e8e08845-7e1e-579b-ad61-6b62fefc3580,4ab4a0e8-eb0d-54fe-8ee1-93f37d90828e,CART_ADD,ITM-0045,2025-05-28T16:07:49+07:00,APP
923a2dd6-b4fc-5814-b619-c1d2bfce093a,7639f2ff-a0ab-50ca-a884-04606d0cdffc,PRODUCT_VIEW,ITM-0086,2026-05-29T09:22:57+07:00,APP
6795907a-da21-5ace-9b34-dd4f66555a6d,7639f2ff-a0ab-50ca-a884-04606d0cdffc,PRODUCT_VIEW,ITM-0016,2025-06-25T09:26:36+07:00,APP
9a56fb57-4cd2-5cca-bbe0-d7ddabe336c8,7639f2ff-a0ab-50ca-a884-04606d0cdffc,PRODUCT_VIEW,ITM-0067,2026-07-21T17:28:39+07:00,APP
d553ab5a-12d8-5807-bc52-1c4231125a2d,7639f2ff-a0ab-50ca-a884-04606d0cdffc,SEARCH,,2025-09-24T00:50:19+07:00,APP
4d3f18c0-df3c-5584-8b6b-c979bea61f21,7639f2ff-a0ab-50ca-a884-04606d0cdffc,APP_OPEN,,2026-03-28T20:51:54+07:00,APP
24c98745-71d0-5183-908c-fbcbf3d93a1f,a5dd4b29-6679-5599-899c-b48d6ba037da,SEARCH,,2026-04-17T09:59:21+07:00,APP
6b6d995d-4bb4-596d-914d-2f6b4bfa4144,a5dd4b29-6679-5599-899c-b48d6ba037da,APP_OPEN,,2026-01-09T02:32:12+07:00,APP
ebdd03ff-0538-58c7-8b1a-4b5f2ca99eb7,b2bedcce-baec-58f4-b1f8-5bd0c8508cd3,PRODUCT_VIEW,ITM-0041,2025-08-30T14:27:48+07:00,APP
30c539fa-2da9-569e-867f-ca8d1aff03d8,b2bedcce-baec-58f4-b1f8-5bd0c8508cd3,PRODUCT_VIEW,ITM-0051,2025-05-21T03:00:39+07:00,APP
46661c0f-be79-585d-b685-612d2ebbf3ae,b2bedcce-baec-58f4-b1f8-5bd0c8508cd3,APP_OPEN,,2025-09-28T16:50:50+07:00,APP
17183f0b-243c-5f87-94fa-42a9751a6bfe,b73c1cf4-338a-5ccd-9ade-ba550dfdae6e,APP_OPEN,,2025-06-07T12:24:36+07:00,APP
8735045c-a992-5728-b259-49f749108836,b73c1cf4-338a-5ccd-9ade-ba550dfdae6e,PRODUCT_VIEW,ITM-0100,2025-07-21T14:34:44+07:00,APP
11e2ea23-b774-5668-9890-e4d086ff92ad,b73c1cf4-338a-5ccd-9ade-ba550dfdae6e,APP_OPEN,,2025-04-20T11:52:31+07:00,APP
f975b585-2160-5948-bdfc-ce928fecef78,b73c1cf4-338a-5ccd-9ade-ba550dfdae6e,PRODUCT_VIEW,ITM-0093,2026-04-02T18:58:44+07:00,APP
4d9833e8-aa72-5e4e-a2c9-0c14b1a5d6a3,b73c1cf4-338a-5ccd-9ade-ba550dfdae6e,APP_OPEN,,2025-05-14T04:31:14+07:00,APP
3734af39-f847-5b7e-bb95-5259d98bf879,b73c1cf4-338a-5ccd-9ade-ba550dfdae6e,PRODUCT_VIEW,ITM-0034,2026-06-11T02:04:15+07:00,APP
5276f7b9-c729-569a-8191-de858aee1c72,b73c1cf4-338a-5ccd-9ade-ba550dfdae6e,CART_ADD,ITM-0098,2026-04-14T22:39:02+07:00,APP
08379056-ae54-50a2-a5f8-39447686a775,b73c1cf4-338a-5ccd-9ade-ba550dfdae6e,PRODUCT_VIEW,ITM-0005,2026-02-10T04:36:50+07:00,APP
db129aca-3d5e-5e94-bd04-9597204a5a34,aafc81be-3b7f-5d32-a2e3-bc07e31d7db2,SEARCH,,2026-08-19T21:17:47+07:00,APP
256c5290-8a48-5b37-b487-57034cf7741e,aafc81be-3b7f-5d32-a2e3-bc07e31d7db2,PRODUCT_VIEW,ITM-0031,2025-07-28T14:50:20+07:00,APP
a3ad8775-d441-524a-8371-0387c945093f,aafc81be-3b7f-5d32-a2e3-bc07e31d7db2,SEARCH,,2025-08-28T16:04:45+07:00,APP
1eb3e1f3-4e72-53b7-9580-603ca8411b74,aafc81be-3b7f-5d32-a2e3-bc07e31d7db2,CART_ADD,ITM-0046,2025-12-05T21:29:20+07:00,APP
73a10f42-60a4-5b1b-ae76-a5657acb0a2a,aafc81be-3b7f-5d32-a2e3-bc07e31d7db2,APP_OPEN,,2026-07-07T15:18:46+07:00,APP
9080f4ae-95be-58cb-b016-23182d977d6f,aafc81be-3b7f-5d32-a2e3-bc07e31d7db2,CART_ADD,ITM-0037,2025-11-18T04:11:57+07:00,APP
45c964a4-8976-553d-a125-fb86f05f205a,aafc81be-3b7f-5d32-a2e3-bc07e31d7db2,CART_ADD,ITM-0070,2026-06-23T23:19:38+07:00,APP
e716655a-2bc3-5c29-8806-07cc8f725c52,526c4bc3-56fe-5271-ba22-d8050fc9011b,CART_ADD,ITM-0045,2026-08-31T00:52:27+07:00,APP
2e0cbfc1-5165-59ea-8064-c08c14767591,526c4bc3-56fe-5271-ba22-d8050fc9011b,SEARCH,,2025-10-26T04:49:48+07:00,APP
5b16c46c-93e5-5d22-a607-383927ccf44a,526c4bc3-56fe-5271-ba22-d8050fc9011b,CART_ADD,ITM-0077,2026-09-06T11:32:04+07:00,APP
cbe83bd9-782b-5623-bc22-6b7ce3c84b04,526c4bc3-56fe-5271-ba22-d8050fc9011b,PRODUCT_VIEW,ITM-0002,2025-08-07T02:00:18+07:00,APP
3e21d7a8-b15a-50b2-af3d-9d71cced9c21,526c4bc3-56fe-5271-ba22-d8050fc9011b,PRODUCT_VIEW,ITM-0087,2026-09-10T11:31:03+07:00,APP
b59ac382-0205-50ad-9bc6-075a2f1f789d,526c4bc3-56fe-5271-ba22-d8050fc9011b,PRODUCT_VIEW,ITM-0098,2026-05-09T02:33:03+07:00,APP
fb674ece-8d40-5e72-9914-34838f8ef150,526c4bc3-56fe-5271-ba22-d8050fc9011b,CART_ADD,ITM-0031,2025-11-20T09:33:19+07:00,APP
d4281e0e-1c97-5b8b-964a-a7cbc7bf3916,526c4bc3-56fe-5271-ba22-d8050fc9011b,CART_ADD,ITM-0089,2026-02-13T13:31:46+07:00,APP
18208319-24d2-5c70-a8c0-76bcd57ecf2a,0f63230a-f750-51ff-9def-9b12b1cad885,SEARCH,,2025-10-18T01:18:58+07:00,APP
5e38fc44-31ac-5934-90ce-074c31a07ab0,0f63230a-f750-51ff-9def-9b12b1cad885,PRODUCT_VIEW,ITM-0061,2025-11-16T01:02:00+07:00,APP
2b6c80d4-3259-5461-90b0-f348687cca22,0f63230a-f750-51ff-9def-9b12b1cad885,APP_OPEN,,2025-04-02T09:55:22+07:00,APP
4caf26d8-afe1-515d-9580-508ccb78a2bc,0f63230a-f750-51ff-9def-9b12b1cad885,APP_OPEN,,2026-03-05T18:16:28+07:00,APP
b338348f-2d7e-5a21-9624-4234470c262b,0f63230a-f750-51ff-9def-9b12b1cad885,CART_ADD,ITM-0085,2025-04-22T18:24:37+07:00,APP
00544965-a0a6-57ee-a6a5-d10563cba2c3,0f63230a-f750-51ff-9def-9b12b1cad885,PRODUCT_VIEW,ITM-0095,2025-11-16T19:42:11+07:00,APP
97cd883f-0711-5c8b-b2d5-ecd245597745,99f17839-b193-5329-a375-94b5ced78da9,PRODUCT_VIEW,ITM-0062,2025-06-04T03:23:53+07:00,APP
ab3b0141-fd6a-53eb-9776-521b50413c88,99f17839-b193-5329-a375-94b5ced78da9,APP_OPEN,,2026-08-16T20:38:03+07:00,APP
a523fd64-b049-58b3-8492-56bbf048d6f9,99f17839-b193-5329-a375-94b5ced78da9,CART_ADD,ITM-0040,2025-11-23T22:59:01+07:00,APP
d28a9b4a-d342-55c3-8d30-43a22b5b5e52,99f17839-b193-5329-a375-94b5ced78da9,CART_ADD,ITM-0089,2026-05-27T21:24:32+07:00,APP
1f99dd48-acdf-5da4-a210-441a91d1db41,99f17839-b193-5329-a375-94b5ced78da9,SEARCH,,2025-12-17T21:09:01+07:00,APP
baf23a0c-1fd7-5a05-bd7c-eeb79559070d,99f17839-b193-5329-a375-94b5ced78da9,PRODUCT_VIEW,ITM-0047,2026-06-24T18:36:47+07:00,APP
08f3f020-70b4-5607-94b7-91e44e149ed9,b44753c1-11bc-5ce9-809a-d11d4e215be5,APP_OPEN,,2026-02-22T08:41:44+07:00,APP
80a31d75-bbf9-5a23-a5bf-f81a847bcd5f,b44753c1-11bc-5ce9-809a-d11d4e215be5,CART_ADD,ITM-0059,2026-07-14T05:57:36+07:00,APP
8f14c081-44b0-531f-8bf3-a185e72e6c8c,b44753c1-11bc-5ce9-809a-d11d4e215be5,APP_OPEN,,2025-09-09T21:40:12+07:00,APP
c6436553-0674-513c-838f-dcd5e806b39a,b44753c1-11bc-5ce9-809a-d11d4e215be5,PRODUCT_VIEW,ITM-0015,2025-07-03T08:18:02+07:00,APP
99e462b5-7075-575a-b3fb-16dcd9e81092,b44753c1-11bc-5ce9-809a-d11d4e215be5,CART_ADD,ITM-0046,2025-04-24T20:14:30+07:00,APP
8c0ac08b-ea69-5f5e-bd6a-7bb3c7a9be14,b44753c1-11bc-5ce9-809a-d11d4e215be5,APP_OPEN,,2026-02-14T11:06:00+07:00,APP
eb74c470-fbce-56b8-aa25-0af6a5bcb72b,b44753c1-11bc-5ce9-809a-d11d4e215be5,APP_OPEN,,2025-07-14T08:27:11+07:00,APP
d26fbba1-cc1b-5f4a-bdd4-8c637d417f3d,e8f0893c-0e36-52d9-8ad6-1961cb18b901,CART_ADD,ITM-0053,2026-03-28T16:18:52+07:00,APP
0559b329-b3c5-581b-9256-9df7d21ec600,e8f0893c-0e36-52d9-8ad6-1961cb18b901,APP_OPEN,,2026-04-01T15:19:48+07:00,APP
794ce4fb-4573-5a46-bfa7-74fe67bbf6b4,e8f0893c-0e36-52d9-8ad6-1961cb18b901,PRODUCT_VIEW,ITM-0020,2025-07-11T16:32:46+07:00,APP
4a404710-9f36-5a33-b462-f8891fbf0b4c,e8f0893c-0e36-52d9-8ad6-1961cb18b901,APP_OPEN,,2025-10-22T04:18:01+07:00,APP
3a7d43e7-8256-5678-a239-151f2f90d29f,e8f0893c-0e36-52d9-8ad6-1961cb18b901,SEARCH,,2025-10-16T23:15:16+07:00,APP
4a002f4c-226d-54ba-a6e8-ec71b2b98fe6,e8f0893c-0e36-52d9-8ad6-1961cb18b901,APP_OPEN,,2026-04-16T00:18:37+07:00,APP
6a52bfb9-9fd7-5b80-a02d-c1199c941ed0,e8f0893c-0e36-52d9-8ad6-1961cb18b901,CART_ADD,ITM-0069,2025-05-10T09:55:54+07:00,APP
06d1e7f7-72c6-5362-903b-d753b45dc1aa,7da06ba4-9a32-5c21-997b-d2a6c81a905b,CART_ADD,ITM-0081,2026-09-23T04:56:41+07:00,APP
34d90cf2-4383-5a16-b840-a3ca1a9ed5d1,70c139b1-f44a-59fc-b54e-28888f8dbd38,APP_OPEN,,2025-04-06T13:19:34+07:00,APP
2463e6ac-ad1a-5701-b9a8-2c9e2956244b,70c139b1-f44a-59fc-b54e-28888f8dbd38,APP_OPEN,,2026-04-25T15:31:24+07:00,APP
06814c2d-f68a-5df1-b27e-9fa562ca53ed,70c139b1-f44a-59fc-b54e-28888f8dbd38,APP_OPEN,,2026-01-24T05:54:01+07:00,APP
eefd3791-3940-5f64-b587-b77199e3f60e,70c139b1-f44a-59fc-b54e-28888f8dbd38,CART_ADD,ITM-0096,2025-04-06T09:04:14+07:00,APP
f82d6e13-368b-5541-9aaa-217b9a473880,70c139b1-f44a-59fc-b54e-28888f8dbd38,PRODUCT_VIEW,ITM-0069,2026-06-24T22:36:12+07:00,APP
230a35d8-aecb-5a0f-94d7-58dbfc34e8fd,70c139b1-f44a-59fc-b54e-28888f8dbd38,CART_ADD,ITM-0097,2026-08-04T17:10:06+07:00,APP
3cfebe9a-4ef4-5d27-86b8-eb6dafe2c85d,d11e524c-108a-564c-8de7-fa6957657cf6,APP_OPEN,,2026-03-11T06:22:01+07:00,APP
545aa29a-e91a-5a75-8143-cbba5247a34d,d11e524c-108a-564c-8de7-fa6957657cf6,SEARCH,,2025-04-18T12:31:04+07:00,APP
10679514-801b-576d-878b-c87d098a35a0,d11e524c-108a-564c-8de7-fa6957657cf6,PRODUCT_VIEW,ITM-0077,2025-08-29T16:24:11+07:00,APP
8443d3f1-fbcc-5661-94bd-9bfb3397b159,d11e524c-108a-564c-8de7-fa6957657cf6,PRODUCT_VIEW,ITM-0073,2026-07-19T04:34:07+07:00,APP
4c2bcd82-43ca-588b-9e63-0dc2176be2a8,d11e524c-108a-564c-8de7-fa6957657cf6,CART_ADD,ITM-0056,2025-08-16T23:56:56+07:00,APP
26ec587e-4e48-58c7-96b5-aac03d0306ce,d11e524c-108a-564c-8de7-fa6957657cf6,CART_ADD,ITM-0046,2026-02-16T04:26:13+07:00,APP
803fe732-227f-5bc0-9e3b-7a02641ee33b,d11e524c-108a-564c-8de7-fa6957657cf6,APP_OPEN,,2025-09-05T20:01:28+07:00,APP
e3eb7d7f-cea3-55ea-bf28-cf3c25c42554,d11e524c-108a-564c-8de7-fa6957657cf6,APP_OPEN,,2026-03-09T14:52:59+07:00,APP
775dc2cb-3157-5e12-be4b-202df78ffed8,f206fb14-7d7c-5192-ab23-b4d8c32c3917,CART_ADD,ITM-0042,2026-04-25T13:23:04+07:00,APP
cb151f3e-d509-5555-a028-86c1b85826dd,f206fb14-7d7c-5192-ab23-b4d8c32c3917,SEARCH,,2025-06-19T20:26:28+07:00,APP
41986bdf-f9ad-56c0-810a-29494158d1fc,f206fb14-7d7c-5192-ab23-b4d8c32c3917,PRODUCT_VIEW,ITM-0073,2026-02-27T00:56:20+07:00,APP
41271edb-ac6b-509a-a0b2-2cb05ea3ea8d,f206fb14-7d7c-5192-ab23-b4d8c32c3917,SEARCH,,2026-02-08T02:51:56+07:00,APP
2e6fce75-acff-54a2-afe2-ecf526a86fcb,f206fb14-7d7c-5192-ab23-b4d8c32c3917,CART_ADD,ITM-0060,2026-09-25T04:34:29+07:00,APP
4a6a94eb-c81a-5a94-b143-fb565dd52081,f206fb14-7d7c-5192-ab23-b4d8c32c3917,PRODUCT_VIEW,ITM-0051,2026-04-02T06:45:33+07:00,APP
4ec3e928-e6aa-56a5-9006-b80caf748701,f206fb14-7d7c-5192-ab23-b4d8c32c3917,PRODUCT_VIEW,ITM-0099,2025-08-02T23:44:23+07:00,APP
03e3ff2d-4ecc-5664-8a59-dfef1d446c0d,7f5e3a76-0054-5d24-a617-beb73d60a494,CART_ADD,ITM-0049,2025-11-15T08:06:29+07:00,APP
e888992b-2a4c-5ed3-bf44-b577eca07674,7f5e3a76-0054-5d24-a617-beb73d60a494,CART_ADD,ITM-0015,2025-08-21T13:43:48+07:00,APP
42df0b7e-fd58-5cd4-a2e1-2f44d1553dee,7f5e3a76-0054-5d24-a617-beb73d60a494,CART_ADD,ITM-0098,2026-07-08T05:14:33+07:00,APP
5a52b59b-804e-5180-8fd1-50bd1c056c98,7f5e3a76-0054-5d24-a617-beb73d60a494,SEARCH,,2025-06-15T08:21:49+07:00,APP
8e313033-25a5-59b3-859c-b9dec6b3cc1e,7f5e3a76-0054-5d24-a617-beb73d60a494,CART_ADD,ITM-0019,2025-06-18T09:42:06+07:00,APP
db86ee3b-2293-5c17-aafb-f6b0a3f6ecd9,7f5e3a76-0054-5d24-a617-beb73d60a494,SEARCH,,2026-01-14T12:09:37+07:00,APP
252ee9ee-a9f8-55ee-a3cc-e6d9bde1df6c,7f5e3a76-0054-5d24-a617-beb73d60a494,APP_OPEN,,2025-07-04T02:33:52+07:00,APP
be41145d-860e-545e-b85c-1484a0997120,7f5e3a76-0054-5d24-a617-beb73d60a494,SEARCH,,2026-06-19T13:58:45+07:00,APP
7af9d110-7972-515b-87b9-3172599c397c,e027fc69-2d49-5820-9ec1-9708bd7d04d5,APP_OPEN,,2025-07-14T13:54:51+07:00,APP
52ed24cf-f9fc-5300-af0a-3ecd81dcde3a,e027fc69-2d49-5820-9ec1-9708bd7d04d5,PRODUCT_VIEW,ITM-0037,2026-06-07T21:19:07+07:00,APP
a87bbfa3-d20f-587b-b545-960a6ea6b1ef,543f6b5d-a97d-51bb-a14d-f8997bff1067,APP_OPEN,,2025-08-23T20:25:44+07:00,APP
526d59eb-dfa4-5c38-802c-ed7c3b989b12,543f6b5d-a97d-51bb-a14d-f8997bff1067,CART_ADD,ITM-0057,2025-10-11T01:53:24+07:00,APP
d127176e-3b9f-5259-97ca-0d052aa51ee6,543f6b5d-a97d-51bb-a14d-f8997bff1067,APP_OPEN,,2025-04-07T18:55:07+07:00,APP
8ec1db49-6ec5-5941-97a1-d1e39e7ae61b,543f6b5d-a97d-51bb-a14d-f8997bff1067,CART_ADD,ITM-0006,2025-07-25T20:41:20+07:00,APP
87eddf07-8c3f-523e-905b-6ee52994e569,543f6b5d-a97d-51bb-a14d-f8997bff1067,SEARCH,,2025-07-21T14:43:24+07:00,APP
27b75073-ecbd-5288-a2d1-284bb94c2bf8,373a4ca9-753b-5ff5-8dcd-34e5cfdb5cff,PRODUCT_VIEW,ITM-0030,2026-08-09T14:35:08+07:00,APP
ebdf2a2d-0878-574b-a4a9-b2d8b1bb6fa2,373a4ca9-753b-5ff5-8dcd-34e5cfdb5cff,PRODUCT_VIEW,ITM-0071,2026-07-02T19:03:43+07:00,APP
774aadad-3dad-5908-9e75-c009c947f968,373a4ca9-753b-5ff5-8dcd-34e5cfdb5cff,PRODUCT_VIEW,ITM-0074,2025-08-07T12:56:12+07:00,APP
096a19f3-029b-5ca3-985f-f77f12cbd2d9,373a4ca9-753b-5ff5-8dcd-34e5cfdb5cff,CART_ADD,ITM-0097,2025-05-08T00:18:39+07:00,APP
30a00f1c-8dcc-5425-88bf-4e9d08d92c13,373a4ca9-753b-5ff5-8dcd-34e5cfdb5cff,APP_OPEN,,2025-04-13T04:40:01+07:00,APP
403491cb-d161-56d7-b335-a51a2522e183,373a4ca9-753b-5ff5-8dcd-34e5cfdb5cff,CART_ADD,ITM-0076,2026-03-29T12:15:48+07:00,APP
c0cbf5e1-356f-5547-ac67-b8d7adab168c,373a4ca9-753b-5ff5-8dcd-34e5cfdb5cff,APP_OPEN,,2026-04-24T06:26:47+07:00,APP
4c42d698-0c27-5f28-9ffa-39a0b0d8c7a8,373a4ca9-753b-5ff5-8dcd-34e5cfdb5cff,APP_OPEN,,2026-05-20T15:42:58+07:00,APP
8e7fd5cd-a607-5e04-ab6f-d90e81b14364,15a61120-40d6-5d1b-ad82-8541d6ab77e1,SEARCH,,2026-03-12T00:00:46+07:00,APP
ae998e52-4226-5591-a496-ad0073bac390,4ef9e14c-9f55-5189-8d8f-84e8205dc4c8,SEARCH,,2026-01-31T02:09:11+07:00,APP
33d10f3a-1391-5fc5-a1ca-34de98e2ef35,4ef9e14c-9f55-5189-8d8f-84e8205dc4c8,APP_OPEN,,2025-05-29T13:59:05+07:00,APP
4ab40cee-ff87-5624-a26c-16b5401ea93a,4ef9e14c-9f55-5189-8d8f-84e8205dc4c8,PRODUCT_VIEW,ITM-0067,2025-07-07T19:02:00+07:00,APP
d511709b-5435-5ccf-b221-d8ba104a078f,1ce071ac-2580-5d3e-ab97-f118fe2148d3,APP_OPEN,,2025-09-17T21:44:08+07:00,APP
598ad3b4-ffe7-5eb3-a4ea-842cc98a32bd,6da9edcd-9945-5770-9d12-0f2340522144,PRODUCT_VIEW,ITM-0079,2025-07-18T06:29:24+07:00,APP
073513ef-8d4e-51c7-9888-466c3e058ee5,6da9edcd-9945-5770-9d12-0f2340522144,CART_ADD,ITM-0076,2026-03-22T11:58:46+07:00,APP
8f8a7988-9eed-5d37-8201-cc8feead4c12,6da9edcd-9945-5770-9d12-0f2340522144,SEARCH,,2025-10-31T17:17:26+07:00,APP
d2a1c891-74a1-5629-936e-05f655a74a2e,6da9edcd-9945-5770-9d12-0f2340522144,SEARCH,,2025-09-25T14:27:16+07:00,APP
989187d4-4869-51ae-90b1-27091aaf4a0d,6da9edcd-9945-5770-9d12-0f2340522144,CART_ADD,ITM-0045,2025-06-29T17:30:04+07:00,APP
d421fd79-6861-56dd-8816-4bb871b92738,6da9edcd-9945-5770-9d12-0f2340522144,PRODUCT_VIEW,ITM-0084,2025-10-07T11:51:00+07:00,APP
3e280599-e1a0-528d-92b4-6464ec2e29bf,be823244-c3c0-5ab9-8c37-fad5a17dbc0e,CART_ADD,ITM-0088,2025-06-24T13:34:52+07:00,APP
d23dad50-3670-50c5-9961-0738f910d569,be823244-c3c0-5ab9-8c37-fad5a17dbc0e,SEARCH,,2026-07-03T22:30:28+07:00,APP
8492e325-0b42-5d0e-8393-d6b52c9d9f4e,be823244-c3c0-5ab9-8c37-fad5a17dbc0e,CART_ADD,ITM-0083,2026-01-20T06:55:28+07:00,APP
dcff4031-482e-5b59-b933-04813775d248,be823244-c3c0-5ab9-8c37-fad5a17dbc0e,APP_OPEN,,2025-10-09T06:46:41+07:00,APP
fa45d9b2-02d3-55d6-9609-5e3d296c8930,be823244-c3c0-5ab9-8c37-fad5a17dbc0e,PRODUCT_VIEW,ITM-0071,2026-05-27T11:08:27+07:00,APP
1df83540-2678-57bf-aadd-5661594dc703,34e7de48-e247-5e1d-8c48-2655c4cea193,SEARCH,,2026-01-15T00:36:02+07:00,APP
e66b97aa-53d7-50b1-95a5-0de6853f5c59,34e7de48-e247-5e1d-8c48-2655c4cea193,APP_OPEN,,2025-06-23T20:43:16+07:00,APP
9690c2c0-63c7-5091-893b-129c09ffa083,34e7de48-e247-5e1d-8c48-2655c4cea193,CART_ADD,ITM-0085,2025-06-22T12:13:26+07:00,APP
fec52e41-6d6b-5298-8e68-5c39103c826e,34e7de48-e247-5e1d-8c48-2655c4cea193,PRODUCT_VIEW,ITM-0039,2026-06-17T03:57:06+07:00,APP
044199db-0129-5c61-8895-55465239b371,34e7de48-e247-5e1d-8c48-2655c4cea193,PRODUCT_VIEW,ITM-0017,2025-06-25T03:40:13+07:00,APP
c94f1dff-f1cd-5556-8b17-15a1210cd31e,34e7de48-e247-5e1d-8c48-2655c4cea193,SEARCH,,2025-10-02T09:31:44+07:00,APP
5c523cd2-1148-5be6-9dc2-e3d33b4dc525,34e7de48-e247-5e1d-8c48-2655c4cea193,PRODUCT_VIEW,ITM-0024,2026-06-01T03:50:46+07:00,APP
1fc84502-4534-526e-8b32-d9491d086411,e3d1f36d-f39e-57e6-b01d-1869ace785a1,PRODUCT_VIEW,ITM-0056,2025-06-28T09:15:11+07:00,APP
aeb3e0db-37f2-5473-9aec-9f3af11d8111,e3d1f36d-f39e-57e6-b01d-1869ace785a1,APP_OPEN,,2026-04-10T22:56:29+07:00,APP
24619178-5b4a-52b6-b3f2-a2c6737d8787,e3d1f36d-f39e-57e6-b01d-1869ace785a1,SEARCH,,2026-04-04T06:31:13+07:00,APP
509301fb-f8af-5516-a3f2-5710f5a4a045,6670bfaa-621b-5b2d-a6c5-28bb2cf4ceee,SEARCH,,2026-09-22T00:14:02+07:00,APP
447220f1-c876-52ab-84ad-3cbaf77d89ad,6670bfaa-621b-5b2d-a6c5-28bb2cf4ceee,CART_ADD,ITM-0037,2025-07-01T04:50:21+07:00,APP
eac76690-7cec-552b-b060-88a97b1d7e32,6670bfaa-621b-5b2d-a6c5-28bb2cf4ceee,PRODUCT_VIEW,ITM-0041,2025-12-04T14:42:44+07:00,APP
64a640fc-e69f-53df-b17b-f014f6e9ce27,6670bfaa-621b-5b2d-a6c5-28bb2cf4ceee,CART_ADD,ITM-0021,2025-11-03T03:39:30+07:00,APP
c46dfefc-f58e-59ee-bb8c-8581f9a48cb4,6670bfaa-621b-5b2d-a6c5-28bb2cf4ceee,SEARCH,,2026-01-24T20:03:21+07:00,APP
ac035320-09b5-5686-9f01-7bcd8db085e1,6670bfaa-621b-5b2d-a6c5-28bb2cf4ceee,APP_OPEN,,2026-07-27T09:19:39+07:00,APP
c9d6f579-61b4-52c3-939f-a75764ef16ad,3d7f8c17-66c0-5199-89c6-f83f68db8336,SEARCH,,2025-11-30T17:21:10+07:00,APP
4c6fbb48-4308-5418-9765-76b0200a5f39,3d7f8c17-66c0-5199-89c6-f83f68db8336,CART_ADD,ITM-0044,2026-09-15T11:09:45+07:00,APP
027d8842-f47b-5470-b2ca-e6372c379a84,3d7f8c17-66c0-5199-89c6-f83f68db8336,APP_OPEN,,2025-08-04T14:37:04+07:00,APP
07ecfc3b-ae32-5e53-a3e8-5962252feb57,1a603dfe-e8f4-5492-ada4-7fa243a118c9,PRODUCT_VIEW,ITM-0083,2025-06-01T06:05:08+07:00,APP
e2f8d6d0-a648-503a-afe2-3993f1eb5283,1a603dfe-e8f4-5492-ada4-7fa243a118c9,APP_OPEN,,2026-09-23T13:49:20+07:00,APP
1489891c-fa21-5ab1-847e-35b67a4a0d51,1a603dfe-e8f4-5492-ada4-7fa243a118c9,APP_OPEN,,2025-07-30T23:03:55+07:00,APP
89da6bda-6734-54fe-9963-2a74e169dad8,1a603dfe-e8f4-5492-ada4-7fa243a118c9,APP_OPEN,,2026-02-17T21:11:22+07:00,APP
6556df67-947a-5f18-ad7d-cb41b2b23d22,1a603dfe-e8f4-5492-ada4-7fa243a118c9,PRODUCT_VIEW,ITM-0041,2026-07-03T21:53:36+07:00,APP
f25dc75f-8364-52bf-9c79-71e8f0943ade,1a603dfe-e8f4-5492-ada4-7fa243a118c9,APP_OPEN,,2026-09-18T19:23:35+07:00,APP
256127ef-3b7d-588c-90b4-a8ff64bb7fbb,1a603dfe-e8f4-5492-ada4-7fa243a118c9,APP_OPEN,,2026-06-04T18:47:31+07:00,APP
0246db95-2668-53cd-9edc-eee031cb1451,bc84f5f6-aebd-50c6-b1d7-1406477c7c4e,PRODUCT_VIEW,ITM-0006,2026-01-19T02:00:34+07:00,APP
62e350e9-b26b-5db5-aea9-1612354c4c79,bc84f5f6-aebd-50c6-b1d7-1406477c7c4e,APP_OPEN,,2026-08-19T20:35:35+07:00,APP
c4dc0406-430e-5dbb-a7c2-67fbbd2ea0f8,bc84f5f6-aebd-50c6-b1d7-1406477c7c4e,APP_OPEN,,2025-09-25T07:24:39+07:00,APP
96b1b5a7-7851-5743-9ce0-9ab50e380445,bc84f5f6-aebd-50c6-b1d7-1406477c7c4e,CART_ADD,ITM-0051,2026-04-06T23:29:04+07:00,APP
c7c4b1c7-0d33-5c7c-a917-fca14f7b26e5,bc84f5f6-aebd-50c6-b1d7-1406477c7c4e,SEARCH,,2026-01-10T21:40:18+07:00,APP
7053b2b1-bf98-5dbc-8e09-9baf4c72425a,bc84f5f6-aebd-50c6-b1d7-1406477c7c4e,CART_ADD,ITM-0040,2025-05-25T01:48:12+07:00,APP
ac112048-1326-50be-97e8-29f6a8b6accd,bc84f5f6-aebd-50c6-b1d7-1406477c7c4e,APP_OPEN,,2026-01-31T06:45:46+07:00,APP
fb849323-6cec-5b73-a335-f74ab43e1926,ce1e0e3c-b7bb-56bf-9550-148b192d4a93,PRODUCT_VIEW,ITM-0070,2025-09-30T13:33:38+07:00,APP
8d957bd1-b07f-5153-a603-1e6b67ce6655,ce1e0e3c-b7bb-56bf-9550-148b192d4a93,SEARCH,,2026-09-13T06:28:39+07:00,APP
f2333166-0e89-58a7-99c1-dcd497d24296,ce1e0e3c-b7bb-56bf-9550-148b192d4a93,SEARCH,,2026-09-01T21:29:21+07:00,APP
f536deea-21e1-5bda-b046-ce5be6f58b6b,ce1e0e3c-b7bb-56bf-9550-148b192d4a93,CART_ADD,ITM-0087,2025-04-16T08:00:51+07:00,APP
91508db2-6048-5302-83e0-69647d0f2a98,ce1e0e3c-b7bb-56bf-9550-148b192d4a93,SEARCH,,2026-06-03T21:04:12+07:00,APP
022dc605-c187-5b66-9f68-d06b05b64a95,ce1e0e3c-b7bb-56bf-9550-148b192d4a93,SEARCH,,2026-06-19T04:32:52+07:00,APP
c085b6e4-1c16-58a3-921b-e4524fa54d25,ce1e0e3c-b7bb-56bf-9550-148b192d4a93,SEARCH,,2025-10-06T13:48:55+07:00,APP
fb0bc740-1ac3-59db-acbc-889bbad25905,16c97173-3d56-5aca-85fe-d8572a5b0191,CART_ADD,ITM-0059,2026-02-05T19:28:29+07:00,APP
f6e357ae-3c95-5539-9e44-70146fffa563,6664cea5-879d-5d12-bf7b-8ad31c7d1148,CART_ADD,ITM-0097,2025-07-29T01:21:02+07:00,APP
0ca2a3f3-f5d5-5da0-8b31-c8edca90cfcf,5cf61125-eebf-5c83-8ee1-ff0199ce9fb0,APP_OPEN,,2026-09-24T02:56:23+07:00,APP
b5d4f282-89d8-5424-a34e-57642f0a16d6,58b2f01d-d4f6-54ac-8df7-8f0df14da80c,CART_ADD,ITM-0064,2025-10-08T11:14:59+07:00,APP
15c03221-8217-5652-974a-37b9fc550022,58b2f01d-d4f6-54ac-8df7-8f0df14da80c,APP_OPEN,,2025-04-24T01:04:48+07:00,APP
15d3835f-7439-514a-a649-a7beff54d636,58b2f01d-d4f6-54ac-8df7-8f0df14da80c,PRODUCT_VIEW,ITM-0012,2025-11-30T20:09:30+07:00,APP
d1f716ef-919e-5cf6-844d-49e2dcb0d429,58b2f01d-d4f6-54ac-8df7-8f0df14da80c,SEARCH,,2026-07-19T23:21:27+07:00,APP
41729119-6c1e-59fb-9d73-7caf9a16b5c5,58b2f01d-d4f6-54ac-8df7-8f0df14da80c,SEARCH,,2025-10-04T14:14:42+07:00,APP
8c08b4ee-e1d5-5caf-a79d-d15db40a99ee,58b2f01d-d4f6-54ac-8df7-8f0df14da80c,APP_OPEN,,2026-03-12T09:00:55+07:00,APP
f537b538-a82c-59ea-8ba4-c8a169e5904b,58b2f01d-d4f6-54ac-8df7-8f0df14da80c,SEARCH,,2026-07-24T13:46:31+07:00,APP
d0bfad0f-9b4d-5e1d-a2cd-e0f08a9fc9fc,58b2f01d-d4f6-54ac-8df7-8f0df14da80c,CART_ADD,ITM-0054,2026-05-15T08:03:57+07:00,APP
23c2ae4a-2547-5d2b-9373-31ab35769a4f,3b1dae59-063e-59ae-8de2-b0885be715dd,PRODUCT_VIEW,ITM-0048,2025-07-10T18:08:48+07:00,APP
c5c42b6a-8554-54cf-980c-93a899a82b86,3b1dae59-063e-59ae-8de2-b0885be715dd,PRODUCT_VIEW,ITM-0012,2025-06-23T16:25:56+07:00,APP
1c3a24a0-1cde-5878-bb84-da9d0b0f0791,3b1dae59-063e-59ae-8de2-b0885be715dd,PRODUCT_VIEW,ITM-0041,2025-09-13T02:17:38+07:00,APP
9721b6ce-f67b-5209-8309-e1bb0ae7a1d1,3b1dae59-063e-59ae-8de2-b0885be715dd,PRODUCT_VIEW,ITM-0064,2025-07-21T13:03:50+07:00,APP
9e052dd5-099c-53aa-8259-e3e877999ce3,3b1dae59-063e-59ae-8de2-b0885be715dd,PRODUCT_VIEW,ITM-0082,2026-04-28T22:43:54+07:00,APP
d6f89cb2-ad1e-5e30-8fff-b633bab2011e,3b1dae59-063e-59ae-8de2-b0885be715dd,APP_OPEN,,2026-08-16T14:41:21+07:00,APP
f846774b-3139-5b65-829a-94fca729f6f2,3b1dae59-063e-59ae-8de2-b0885be715dd,CART_ADD,ITM-0073,2025-11-04T08:51:48+07:00,APP
d0dbf279-885e-5b25-b120-4513b3448ef6,3b1dae59-063e-59ae-8de2-b0885be715dd,SEARCH,,2025-07-22T10:02:08+07:00,APP
01f2876a-e399-572b-9921-72dd09c57e8f,b17298d0-dd7c-593b-8070-430404b4e27e,SEARCH,,2026-04-05T18:15:57+07:00,APP
cb07d208-44a7-5647-83a4-7f443ad5cf97,8298e39c-d473-5570-89dd-926364c3a34a,SEARCH,,2025-12-01T20:12:11+07:00,APP
644f5d27-bd0e-59ff-8c8e-8acda9a68412,8298e39c-d473-5570-89dd-926364c3a34a,SEARCH,,2025-08-13T23:48:18+07:00,APP
d960b57b-0eb1-53ba-93cd-352d81defeb7,8298e39c-d473-5570-89dd-926364c3a34a,CART_ADD,ITM-0055,2026-04-17T01:15:16+07:00,APP
50cb4611-3ae9-5367-ae20-04068a1e3ddc,8298e39c-d473-5570-89dd-926364c3a34a,PRODUCT_VIEW,ITM-0051,2026-02-01T18:07:22+07:00,APP
51c97fb0-e863-5a28-bd27-baac3d569972,8298e39c-d473-5570-89dd-926364c3a34a,PRODUCT_VIEW,ITM-0081,2026-01-11T04:36:26+07:00,APP
7d7fa076-f1b7-559e-98f9-2a8d9012bb9d,8298e39c-d473-5570-89dd-926364c3a34a,CART_ADD,ITM-0046,2025-09-09T23:43:16+07:00,APP
d604cadd-9a73-557e-a9dd-f99820f457ba,8298e39c-d473-5570-89dd-926364c3a34a,PRODUCT_VIEW,ITM-0084,2026-02-23T19:17:51+07:00,APP
24179a98-dd89-5bff-8195-21ff84aa922a,c043f89d-0360-5cc0-a6b3-606e282fd19f,APP_OPEN,,2025-09-24T10:06:17+07:00,APP
6b6913b5-0c7a-590d-a4c6-cd573b5047ac,980f408b-77a5-5a78-80e3-5ef5f3daa272,APP_OPEN,,2026-05-09T17:00:42+07:00,APP
3a278833-1113-59c2-b514-d68b3956c765,980f408b-77a5-5a78-80e3-5ef5f3daa272,PRODUCT_VIEW,ITM-0039,2025-09-03T13:17:48+07:00,APP
081e6905-2fd3-5928-8457-b7c716de57bb,980f408b-77a5-5a78-80e3-5ef5f3daa272,APP_OPEN,,2026-09-10T05:52:04+07:00,APP
af6fc949-4ec3-53df-b0eb-9eb771c206c5,980f408b-77a5-5a78-80e3-5ef5f3daa272,PRODUCT_VIEW,ITM-0055,2025-06-20T07:55:10+07:00,APP
cfd278b8-27a9-5ec0-ad0c-9b983b90b6ce,980f408b-77a5-5a78-80e3-5ef5f3daa272,PRODUCT_VIEW,ITM-0082,2025-04-11T04:35:55+07:00,APP
522f5c23-5da9-54b9-845d-e1a574d8e162,980f408b-77a5-5a78-80e3-5ef5f3daa272,PRODUCT_VIEW,ITM-0084,2026-02-24T01:32:02+07:00,APP
ac9a9925-ee6f-5181-bc06-5253be5c0953,c162e0d6-200f-5917-a7a6-ac5e69dc22ed,CART_ADD,ITM-0088,2025-12-04T00:03:32+07:00,APP
5b7faaa6-945a-59d0-8c07-0b812b694cce,c162e0d6-200f-5917-a7a6-ac5e69dc22ed,CART_ADD,ITM-0090,2025-04-26T00:06:34+07:00,APP
8e6ea4a4-0cda-5a72-9b77-67538fc16c01,c162e0d6-200f-5917-a7a6-ac5e69dc22ed,CART_ADD,ITM-0014,2026-03-06T11:50:02+07:00,APP
3716ee32-8791-56bc-965f-595132f40bef,c162e0d6-200f-5917-a7a6-ac5e69dc22ed,APP_OPEN,,2025-07-19T22:21:12+07:00,APP
bcf697d1-6303-5016-b1ad-e21e68c45019,c162e0d6-200f-5917-a7a6-ac5e69dc22ed,SEARCH,,2025-06-13T22:37:17+07:00,APP
9ab8602b-518b-58eb-852c-9678abb02aa2,c162e0d6-200f-5917-a7a6-ac5e69dc22ed,CART_ADD,ITM-0073,2025-11-21T15:08:45+07:00,APP
00722480-17fb-5871-b960-07fcbad886d2,c162e0d6-200f-5917-a7a6-ac5e69dc22ed,PRODUCT_VIEW,ITM-0032,2026-03-15T03:03:20+07:00,APP
49b27c3b-260f-5f65-9983-60efa7d4975e,c162e0d6-200f-5917-a7a6-ac5e69dc22ed,CART_ADD,ITM-0048,2025-07-03T01:51:20+07:00,APP
641fa659-3d4e-5411-bcd4-a0cbd94cb202,5bce769f-6922-5340-9f62-ab91313cb3e0,APP_OPEN,,2026-08-24T10:46:03+07:00,APP
4db06219-7c65-5387-8bc2-7104a05acb17,5bce769f-6922-5340-9f62-ab91313cb3e0,PRODUCT_VIEW,ITM-0099,2025-12-04T05:52:10+07:00,APP
28ffad54-e377-52ca-9a3d-34b759999d78,5bce769f-6922-5340-9f62-ab91313cb3e0,CART_ADD,ITM-0085,2026-04-09T10:18:54+07:00,APP
26ffc8ad-9b6c-5130-9882-bd6284e3fa50,5bce769f-6922-5340-9f62-ab91313cb3e0,APP_OPEN,,2026-06-30T07:59:16+07:00,APP
73b588dd-da0c-57aa-9028-0a31b1dc23cf,5bce769f-6922-5340-9f62-ab91313cb3e0,SEARCH,,2025-09-03T08:05:57+07:00,APP
173fbd6e-39b0-5753-9f8e-2e0dcde7d772,5c373cb6-8d18-5d1e-81d9-e9387a5e7f4d,PRODUCT_VIEW,ITM-0001,2025-07-09T16:14:46+07:00,APP
23ec1ade-3131-5eec-8333-d277e39a1cba,5c373cb6-8d18-5d1e-81d9-e9387a5e7f4d,PRODUCT_VIEW,ITM-0026,2025-06-19T11:54:46+07:00,APP
e38a3cd9-8641-5710-a2ea-caf4b6056364,5c373cb6-8d18-5d1e-81d9-e9387a5e7f4d,PRODUCT_VIEW,ITM-0058,2026-04-20T11:00:54+07:00,APP
f722a3f3-7438-5725-8c1c-2b3de4deb557,5c373cb6-8d18-5d1e-81d9-e9387a5e7f4d,SEARCH,,2025-12-12T10:29:54+07:00,APP
5c6fb3af-15c9-56e6-9856-160335afc467,98696c80-c2a3-5ac9-8ea3-081e8979dcff,APP_OPEN,,2026-05-10T12:51:41+07:00,APP
7da4fb51-59d1-5cf2-b0a6-0f4788aeebd5,de18e5ba-4eb9-52ec-833e-2732447d526e,APP_OPEN,,2025-07-17T09:32:12+07:00,APP
cd17d227-aab6-5ce7-9b62-b40ecbba61e0,de18e5ba-4eb9-52ec-833e-2732447d526e,APP_OPEN,,2025-08-04T22:05:34+07:00,APP
d9a94316-3295-56de-a766-8b6df1cedeec,de18e5ba-4eb9-52ec-833e-2732447d526e,SEARCH,,2025-03-31T08:08:21+07:00,APP
88d342ab-46c9-5a3b-87eb-a44fba5be8ed,de18e5ba-4eb9-52ec-833e-2732447d526e,APP_OPEN,,2025-05-13T14:51:13+07:00,APP
7bee3348-e540-5f48-8314-7e02d45aba0d,de18e5ba-4eb9-52ec-833e-2732447d526e,CART_ADD,ITM-0006,2025-12-29T12:33:02+07:00,APP
53a15416-108d-5c1c-8538-bb3ac1657854,de18e5ba-4eb9-52ec-833e-2732447d526e,CART_ADD,ITM-0026,2025-04-06T17:56:17+07:00,APP
42010a12-38d9-5fcf-860e-ef4fa4c6d185,de18e5ba-4eb9-52ec-833e-2732447d526e,CART_ADD,ITM-0055,2025-05-02T02:11:36+07:00,APP
a9826915-7471-5d13-b225-d20b601d5638,de18e5ba-4eb9-52ec-833e-2732447d526e,PRODUCT_VIEW,ITM-0010,2026-06-03T04:25:21+07:00,APP
912d85bb-a032-5eb2-8138-165478cf7c37,f6f3d463-9920-506f-a5de-d52958e2bd94,PRODUCT_VIEW,ITM-0073,2026-06-10T02:22:05+07:00,APP
a3825303-a314-50ad-a10e-08090a35f0e7,f6f3d463-9920-506f-a5de-d52958e2bd94,SEARCH,,2025-07-21T02:02:00+07:00,APP
a6877a58-2f11-5f94-bce2-6904f994deff,f6f3d463-9920-506f-a5de-d52958e2bd94,APP_OPEN,,2026-08-31T21:32:53+07:00,APP
db1c9143-c260-5a57-8f35-944150dabd87,f6f3d463-9920-506f-a5de-d52958e2bd94,SEARCH,,2025-10-07T02:33:13+07:00,APP
febd8c87-18be-5907-a81d-e6c59374e7ba,f6f3d463-9920-506f-a5de-d52958e2bd94,APP_OPEN,,2026-07-27T13:32:44+07:00,APP
1c606918-1698-5e29-8fd0-df320224eb47,f6f3d463-9920-506f-a5de-d52958e2bd94,SEARCH,,2026-02-12T20:25:31+07:00,APP
6a4c2cf8-b7ca-574d-be25-7a43bfa48485,c3201c7f-e89d-5536-bebe-d7088021b46f,CART_ADD,ITM-0086,2025-10-10T19:58:50+07:00,APP
1b4ebab1-7f1a-5c0d-bd52-ffde324b090b,c3201c7f-e89d-5536-bebe-d7088021b46f,APP_OPEN,,2025-05-18T23:23:40+07:00,APP
c87cb962-b181-5fae-b7b6-6e45aead1b54,c3201c7f-e89d-5536-bebe-d7088021b46f,SEARCH,,2026-03-12T09:11:39+07:00,APP
43366d63-4a8b-5f31-bdc2-af4518001885,c3201c7f-e89d-5536-bebe-d7088021b46f,CART_ADD,ITM-0052,2025-09-16T07:02:47+07:00,APP
44aa32d2-d292-57e0-bb1d-1862f52564fd,3c26612e-dae9-590f-9ade-212a42a551c8,PRODUCT_VIEW,ITM-0061,2025-09-04T03:35:50+07:00,APP
194485d9-9b05-50ed-b712-b0d30861f294,1aee26df-c764-50a7-8b8a-aadbf6bfef52,APP_OPEN,,2026-03-12T04:23:48+07:00,APP
52c20a94-9d49-58a2-b9be-6242c8461309,1aee26df-c764-50a7-8b8a-aadbf6bfef52,SEARCH,,2025-07-20T09:53:17+07:00,APP
3e631ab0-9244-5af3-b9ab-24084c799864,1aee26df-c764-50a7-8b8a-aadbf6bfef52,SEARCH,,2026-07-17T00:13:46+07:00,APP
593fd7dd-63e9-5fd1-a205-4ccb9cff822c,1aee26df-c764-50a7-8b8a-aadbf6bfef52,SEARCH,,2026-03-29T22:50:27+07:00,APP
7237348e-2d28-5d06-add3-e30d5fbfa559,48e23373-08a3-5320-bdd2-61ab6cf51b9e,PRODUCT_VIEW,ITM-0093,2026-05-20T16:31:09+07:00,APP
cec67546-4c70-5516-a7eb-6aa7a2566880,48e23373-08a3-5320-bdd2-61ab6cf51b9e,PRODUCT_VIEW,ITM-0069,2025-11-08T08:52:41+07:00,APP
a36516bf-83dc-555e-8c1b-16250f93c7cf,22aaf031-75e0-5ca6-b238-0ddae7fcf5e7,CART_ADD,ITM-0068,2026-01-29T13:35:54+07:00,APP
cd0655f3-5aa0-52ab-8f54-dd9dc0caad64,22aaf031-75e0-5ca6-b238-0ddae7fcf5e7,APP_OPEN,,2025-05-16T19:59:05+07:00,APP
b7828608-6bce-58c1-b6e3-392de1d10efc,22aaf031-75e0-5ca6-b238-0ddae7fcf5e7,CART_ADD,ITM-0071,2026-05-01T10:55:21+07:00,APP
dfe471e8-9b60-577f-8575-8f4660d5dfd8,22aaf031-75e0-5ca6-b238-0ddae7fcf5e7,PRODUCT_VIEW,ITM-0022,2026-05-30T17:05:25+07:00,APP
50f3bbdf-2c62-5b07-9b12-0e669b46ac3a,dde9f420-dea7-57d7-8e98-08d090eac051,CART_ADD,ITM-0091,2025-06-07T22:13:05+07:00,APP
4f0ee9da-0af0-539f-a6e3-18735a005125,dde9f420-dea7-57d7-8e98-08d090eac051,SEARCH,,2026-04-10T20:26:20+07:00,APP
fc4fed04-e632-5348-bf7a-3bf9b548e6cc,dde9f420-dea7-57d7-8e98-08d090eac051,APP_OPEN,,2026-08-19T20:25:24+07:00,APP
7bfefa3d-f425-5508-8e6e-cf95ee52873d,4b47551d-f540-5ba5-a66b-af78032e553c,PRODUCT_VIEW,ITM-0033,2025-11-10T09:16:15+07:00,APP
5f9179f9-0da4-5eaa-941d-c6c5988febc6,4b47551d-f540-5ba5-a66b-af78032e553c,CART_ADD,ITM-0001,2026-08-01T21:00:40+07:00,APP
e4087dc9-80f4-500a-8a53-a22703780589,4b47551d-f540-5ba5-a66b-af78032e553c,CART_ADD,ITM-0003,2026-03-06T01:06:00+07:00,APP
257d060e-1f7b-5485-8be5-df2b0d6b81d6,4b47551d-f540-5ba5-a66b-af78032e553c,SEARCH,,2026-04-05T06:14:50+07:00,APP
1b8e0710-4284-56cc-b718-f3b771590ba3,4b47551d-f540-5ba5-a66b-af78032e553c,PRODUCT_VIEW,ITM-0033,2026-09-26T20:47:39+07:00,APP
5c1e1bb4-ec7e-5b53-9edf-412260efa68b,04c22c0f-fd45-585e-a3e9-d936a9893148,SEARCH,,2026-02-24T14:30:53+07:00,APP
79c271be-b6c0-5961-8368-6d6b14b8997d,84d9a64e-0c1b-53c8-a240-a9be8e59a4d6,APP_OPEN,,2025-04-02T14:31:38+07:00,APP
ca7e5c71-78a4-5349-8c53-1d91d3c65cf7,84d9a64e-0c1b-53c8-a240-a9be8e59a4d6,SEARCH,,2026-06-26T11:39:21+07:00,APP
66a6d0a7-0d1e-5e1f-ab57-ad7e4c52dd66,84d9a64e-0c1b-53c8-a240-a9be8e59a4d6,APP_OPEN,,2026-07-20T20:17:56+07:00,APP
8c36feec-d797-50fa-a8bb-966ccfe01476,84d9a64e-0c1b-53c8-a240-a9be8e59a4d6,CART_ADD,ITM-0086,2025-06-04T00:20:03+07:00,APP
73fd5cd6-1d47-5fe9-81dd-a35de60ee9d3,84d9a64e-0c1b-53c8-a240-a9be8e59a4d6,APP_OPEN,,2025-10-21T22:13:14+07:00,APP
a5a5a7da-e591-5fd4-91a2-e56e41dd1845,84d9a64e-0c1b-53c8-a240-a9be8e59a4d6,CART_ADD,ITM-0013,2025-09-06T11:05:55+07:00,APP
9e62837c-7af7-5652-bdbf-72dd0755b722,84d9a64e-0c1b-53c8-a240-a9be8e59a4d6,SEARCH,,2025-07-25T00:38:03+07:00,APP
6ee28a1e-6a21-529b-859a-9eb574e22b3d,84d9a64e-0c1b-53c8-a240-a9be8e59a4d6,SEARCH,,2026-06-12T19:52:55+07:00,APP
d5994f64-6f55-5612-bd27-c94647dacd16,6cc352a7-72fa-52a4-81b1-468ee0301c65,APP_OPEN,,2025-08-07T11:51:15+07:00,APP
51043653-d207-538b-8436-8cb44355aefc,6cc352a7-72fa-52a4-81b1-468ee0301c65,CART_ADD,ITM-0030,2026-07-05T23:58:41+07:00,APP
50f22c86-d3ee-570b-be2f-5a6e53a419b1,6cc352a7-72fa-52a4-81b1-468ee0301c65,PRODUCT_VIEW,ITM-0069,2026-02-24T01:10:49+07:00,APP
5973d9ec-c7f4-5000-a5b1-5c91478d0f1e,6cc352a7-72fa-52a4-81b1-468ee0301c65,APP_OPEN,,2026-05-28T21:58:46+07:00,APP
6791072f-0722-521a-b1e4-7e68e1092f0e,3cb9df8b-6f93-5235-96c3-ae04d661e9ee,APP_OPEN,,2025-05-08T13:07:20+07:00,APP
069d3d07-fd07-5f20-b876-89c27e72eb01,3cb9df8b-6f93-5235-96c3-ae04d661e9ee,PRODUCT_VIEW,ITM-0008,2026-01-26T20:07:50+07:00,APP
1784200d-c096-570a-a877-a89bdb00eb23,3cb9df8b-6f93-5235-96c3-ae04d661e9ee,PRODUCT_VIEW,ITM-0021,2025-10-18T16:53:46+07:00,APP
3b791690-9c0c-5c59-a80c-a26d9f28e09e,3cb9df8b-6f93-5235-96c3-ae04d661e9ee,APP_OPEN,,2026-07-01T02:40:35+07:00,APP
4227bc70-e5b7-51ad-b8db-2d8b0a011146,3cb9df8b-6f93-5235-96c3-ae04d661e9ee,CART_ADD,ITM-0032,2025-07-31T09:12:31+07:00,APP
39374b5b-6abc-5b1d-8525-4033c463acbf,13bf4ca8-4dde-53a1-82a5-f6d1731bfa2d,SEARCH,,2025-04-24T09:02:31+07:00,APP
7f1b2f09-abf7-51e8-8de9-7b0b30e0e047,13bf4ca8-4dde-53a1-82a5-f6d1731bfa2d,APP_OPEN,,2025-06-26T11:44:16+07:00,APP
d3e8e0d1-6f92-560b-beba-2e084706b5ef,13bf4ca8-4dde-53a1-82a5-f6d1731bfa2d,SEARCH,,2026-07-26T06:33:08+07:00,APP
f5649e06-b343-5564-b9ad-7fe2760abb41,13bf4ca8-4dde-53a1-82a5-f6d1731bfa2d,PRODUCT_VIEW,ITM-0022,2025-07-02T14:07:02+07:00,APP
0045b141-d22a-528f-b3c6-445d271f043f,13bf4ca8-4dde-53a1-82a5-f6d1731bfa2d,APP_OPEN,,2026-07-04T08:55:45+07:00,APP
1507d315-6322-50f6-9cb5-09b52575f723,13bf4ca8-4dde-53a1-82a5-f6d1731bfa2d,APP_OPEN,,2026-08-07T02:35:29+07:00,APP
800ed40d-e7bc-536c-90e6-18a6aeed87b2,13bf4ca8-4dde-53a1-82a5-f6d1731bfa2d,CART_ADD,ITM-0008,2026-02-03T04:42:33+07:00,APP
026d5cfa-1530-5f71-8563-660c8199f6b1,13bf4ca8-4dde-53a1-82a5-f6d1731bfa2d,PRODUCT_VIEW,ITM-0052,2026-01-21T17:21:05+07:00,APP
132786ad-188b-545b-92e2-2a1cba71ec6c,bfb1f90e-8e83-5b2d-a3d8-4d5f4d5b40a3,SEARCH,,2026-08-08T06:43:27+07:00,APP
f33ad0de-08d5-5abe-afe3-8ddb4518b5b7,bfb1f90e-8e83-5b2d-a3d8-4d5f4d5b40a3,CART_ADD,ITM-0088,2025-11-27T06:59:16+07:00,APP
c41a59d0-561e-5f31-bc7e-129d85f3b15e,bfb1f90e-8e83-5b2d-a3d8-4d5f4d5b40a3,CART_ADD,ITM-0092,2025-08-02T02:47:15+07:00,APP
7ef9503d-73bb-551d-888f-ec75563236d7,bfb1f90e-8e83-5b2d-a3d8-4d5f4d5b40a3,PRODUCT_VIEW,ITM-0056,2025-12-25T05:12:11+07:00,APP
ec92aec6-5487-5712-821e-02365e1e2297,bfb1f90e-8e83-5b2d-a3d8-4d5f4d5b40a3,CART_ADD,ITM-0053,2025-10-29T06:39:30+07:00,APP
320ffbcc-26a9-5911-b1fa-5d1074a904c9,bfb1f90e-8e83-5b2d-a3d8-4d5f4d5b40a3,PRODUCT_VIEW,ITM-0065,2025-04-13T05:28:32+07:00,APP
e66d5fcd-f93c-50ee-9bad-e27fc6899817,bfb1f90e-8e83-5b2d-a3d8-4d5f4d5b40a3,APP_OPEN,,2026-04-21T09:22:26+07:00,APP
175c1889-378d-571d-9c93-efbc5439df10,bfb1f90e-8e83-5b2d-a3d8-4d5f4d5b40a3,SEARCH,,2025-09-01T14:54:19+07:00,APP
033f9ef9-1fd4-557a-bb67-f404f48dd9a7,30a7df91-c63b-59e3-977b-f6fbec7c9002,APP_OPEN,,2025-12-24T19:29:06+07:00,APP
14158d99-eabd-527f-98d4-01f83c929560,30a7df91-c63b-59e3-977b-f6fbec7c9002,SEARCH,,2026-06-22T15:51:20+07:00,APP
e31611df-cb80-5c34-901b-85bbd93651f6,30a7df91-c63b-59e3-977b-f6fbec7c9002,SEARCH,,2025-07-06T05:22:51+07:00,APP
d30e20ee-94d1-5d1a-a804-ec0486bccac5,30a7df91-c63b-59e3-977b-f6fbec7c9002,SEARCH,,2026-03-11T05:21:01+07:00,APP
c5ebd46b-55b4-5657-8919-8ac8c1aa17d4,30a7df91-c63b-59e3-977b-f6fbec7c9002,APP_OPEN,,2025-11-01T11:48:02+07:00,APP
bc746332-d306-58b4-a4f8-7c909e14123d,b89368b6-973c-55e0-8a84-08031a76c9ce,SEARCH,,2025-04-17T12:14:05+07:00,APP
52386d65-66bf-5c3b-9828-77dcdb9c19d9,b89368b6-973c-55e0-8a84-08031a76c9ce,APP_OPEN,,2025-04-20T16:11:43+07:00,APP
47183981-a45c-51eb-95ea-3d536491686d,b89368b6-973c-55e0-8a84-08031a76c9ce,SEARCH,,2026-04-07T11:07:55+07:00,APP
188cda7f-c4d2-5066-aa8f-aeaf7d9d8736,b89368b6-973c-55e0-8a84-08031a76c9ce,APP_OPEN,,2026-08-29T08:48:08+07:00,APP
48ec7a02-e4ef-5a62-b260-c884dbc2454c,b89368b6-973c-55e0-8a84-08031a76c9ce,CART_ADD,ITM-0013,2025-10-14T14:35:24+07:00,APP
18bd7328-4b90-5722-a8e7-dfcd32091243,712ce885-1957-5bb7-8745-e7d2ddc37e2a,CART_ADD,ITM-0058,2025-05-27T04:39:10+07:00,APP
401c5f0d-195f-5e36-9e84-2f64348244a7,712ce885-1957-5bb7-8745-e7d2ddc37e2a,APP_OPEN,,2025-04-20T12:30:18+07:00,APP
70861d08-1a40-52d7-8f2f-e7eddf272713,712ce885-1957-5bb7-8745-e7d2ddc37e2a,CART_ADD,ITM-0010,2025-04-28T05:40:34+07:00,APP
bc428bec-f679-5288-aec2-d93d41839734,712ce885-1957-5bb7-8745-e7d2ddc37e2a,SEARCH,,2026-01-27T10:04:10+07:00,APP
9fc41275-dbdd-5b3f-ac09-a26569854632,712ce885-1957-5bb7-8745-e7d2ddc37e2a,CART_ADD,ITM-0049,2025-06-08T00:35:48+07:00,APP
f2e97061-da4b-5929-a623-bfceaa8c4d75,712ce885-1957-5bb7-8745-e7d2ddc37e2a,PRODUCT_VIEW,ITM-0072,2026-01-31T12:10:47+07:00,APP
f5df34a5-46e2-5801-a0ca-a46b3ddce7db,712ce885-1957-5bb7-8745-e7d2ddc37e2a,SEARCH,,2026-03-08T15:15:09+07:00,APP
8e45872d-b969-5348-9cd5-334c0c87c782,16737647-06f3-5e2c-b84d-fc997a2e5b1c,SEARCH,,2025-05-30T03:25:04+07:00,APP
0c6daf9e-4143-5f2b-abe5-8db101f78186,16737647-06f3-5e2c-b84d-fc997a2e5b1c,SEARCH,,2026-08-07T06:38:00+07:00,APP
0938ee17-fb26-5ebd-8e5c-1da9b06bd52c,618df9fe-6976-51b9-8a1f-575a7832aac4,CART_ADD,ITM-0022,2025-12-11T03:33:05+07:00,APP
46f96bb9-96ff-53f1-9f0e-c5180f09d3b3,618df9fe-6976-51b9-8a1f-575a7832aac4,SEARCH,,2026-05-02T19:28:44+07:00,APP
c54f5765-474d-5503-bce9-eb77125e073f,618df9fe-6976-51b9-8a1f-575a7832aac4,PRODUCT_VIEW,ITM-0087,2026-09-12T23:04:28+07:00,APP
f05dcce5-7b7b-5901-8df7-40c55a80c1bd,618df9fe-6976-51b9-8a1f-575a7832aac4,PRODUCT_VIEW,ITM-0048,2026-07-07T14:35:19+07:00,APP
200fa86b-84b6-5eff-8b7b-cd793af307bb,618df9fe-6976-51b9-8a1f-575a7832aac4,CART_ADD,ITM-0065,2026-04-27T18:58:05+07:00,APP
f6f346f1-8e57-5491-90c1-3167927d7871,618df9fe-6976-51b9-8a1f-575a7832aac4,PRODUCT_VIEW,ITM-0047,2025-04-06T06:57:12+07:00,APP
fc50bf15-06c4-5251-abcb-76eea5c525b7,618df9fe-6976-51b9-8a1f-575a7832aac4,CART_ADD,ITM-0094,2025-11-21T23:15:18+07:00,APP
2f78f165-a867-5165-83bc-2b21e2ae70e2,2037e7d5-1e95-5cc9-b0f5-f2cf8600eed0,CART_ADD,ITM-0058,2025-06-19T16:22:59+07:00,APP
81cde345-21c0-5533-86c3-5acf3db25d3f,2037e7d5-1e95-5cc9-b0f5-f2cf8600eed0,APP_OPEN,,2026-06-16T19:34:03+07:00,APP
e0f614a8-145d-5ab9-8667-3499cdfe6dfe,2037e7d5-1e95-5cc9-b0f5-f2cf8600eed0,CART_ADD,ITM-0021,2026-02-11T22:58:38+07:00,APP
f3da5143-ee2e-500d-a2cf-55f857f1dd9b,b3870835-fb22-526c-b14c-276ba24893af,CART_ADD,ITM-0030,2026-04-10T06:08:19+07:00,APP
5f70bda7-48f1-5b1a-b6fe-40c78418cd5f,fe58002d-645f-5ad8-863a-b3bfe57b8115,PRODUCT_VIEW,ITM-0057,2026-02-03T10:54:18+07:00,APP
2dc83338-0243-52ce-bc4d-be60eeff0aa6,fe58002d-645f-5ad8-863a-b3bfe57b8115,APP_OPEN,,2026-04-27T13:16:58+07:00,APP
f9e18e31-5c05-59aa-8394-48c2dc72c853,fe58002d-645f-5ad8-863a-b3bfe57b8115,SEARCH,,2025-09-25T22:38:52+07:00,APP
8b3828f6-62ac-5ed7-821c-2fb1b1fa2d6f,fe58002d-645f-5ad8-863a-b3bfe57b8115,CART_ADD,ITM-0068,2025-06-29T05:44:53+07:00,APP
1767a14a-ba5b-595e-8fb8-b2487a32c364,fe58002d-645f-5ad8-863a-b3bfe57b8115,APP_OPEN,,2026-09-28T07:11:25+07:00,APP
b17569ee-a702-55ec-bffe-0083d445bfb2,fe58002d-645f-5ad8-863a-b3bfe57b8115,SEARCH,,2025-07-08T13:45:34+07:00,APP
bfab78e7-5c64-5e07-b8d7-98d81174159f,75f0e3cb-7631-52cd-849f-fa6afe6f9e3e,CART_ADD,ITM-0099,2026-08-21T21:55:19+07:00,APP
7694602a-e2ea-5086-b6e8-5f66d438d554,2dc9349d-3433-5f96-a9ba-1fab5a19ce6d,PRODUCT_VIEW,ITM-0042,2025-10-05T08:55:41+07:00,APP
2749463b-a23f-5b33-999a-6765723a9c8f,2dc9349d-3433-5f96-a9ba-1fab5a19ce6d,CART_ADD,ITM-0034,2026-04-19T11:28:54+07:00,APP
72481e12-7f9a-56e4-8ab3-d237f47e6a25,2dc9349d-3433-5f96-a9ba-1fab5a19ce6d,APP_OPEN,,2025-08-26T05:36:06+07:00,APP
c04c1de2-b72f-558f-9432-12b2b156e055,2dc9349d-3433-5f96-a9ba-1fab5a19ce6d,SEARCH,,2026-02-17T08:17:29+07:00,APP
6e1c5831-39b7-582d-9dc6-0aaf23cfcd70,2dc9349d-3433-5f96-a9ba-1fab5a19ce6d,PRODUCT_VIEW,ITM-0017,2026-08-15T17:52:24+07:00,APP
93868c09-9227-5878-b2f9-608d041294a1,2dc9349d-3433-5f96-a9ba-1fab5a19ce6d,PRODUCT_VIEW,ITM-0008,2025-06-11T20:31:55+07:00,APP
ab91eef4-bc98-5c91-aa88-81ea9ba58047,2dc9349d-3433-5f96-a9ba-1fab5a19ce6d,APP_OPEN,,2025-04-12T13:13:52+07:00,APP
5ed795d4-0333-50db-afbf-f298d1ffee02,2dc9349d-3433-5f96-a9ba-1fab5a19ce6d,SEARCH,,2026-05-30T15:05:39+07:00,APP
c5e6eb84-6e9b-5052-ac23-e0318174ca69,fdf83ba3-e4a0-5077-a01d-e37edf1618cc,CART_ADD,ITM-0036,2026-09-03T15:15:49+07:00,APP
8a60c7b4-b44c-5b42-aee6-1fd4349904dd,a1d14e84-c0c0-5bce-9928-327afc75c539,PRODUCT_VIEW,ITM-0056,2026-07-04T11:40:04+07:00,APP
2eb2b878-b1dc-5e6f-b32c-d9cc5fecaa8e,a1d14e84-c0c0-5bce-9928-327afc75c539,PRODUCT_VIEW,ITM-0099,2025-08-25T20:10:34+07:00,APP
ee04c183-f8d0-538a-b5e6-b296516cd4ce,a1d14e84-c0c0-5bce-9928-327afc75c539,SEARCH,,2025-11-07T03:46:16+07:00,APP
5205f3c1-99e6-5ac4-be91-d4b547aee058,a1d14e84-c0c0-5bce-9928-327afc75c539,APP_OPEN,,2026-03-19T18:21:23+07:00,APP
49051fd7-89b7-5f83-9243-7e14db2e9a68,a1d14e84-c0c0-5bce-9928-327afc75c539,PRODUCT_VIEW,ITM-0022,2026-05-27T19:19:40+07:00,APP
058fb874-e578-5787-9add-a8be00de2d33,a1d14e84-c0c0-5bce-9928-327afc75c539,CART_ADD,ITM-0005,2025-04-16T17:30:44+07:00,APP
89ff83b8-7b06-50a7-9835-ec05846a2db1,a1d14e84-c0c0-5bce-9928-327afc75c539,PRODUCT_VIEW,ITM-0026,2025-04-14T06:31:06+07:00,APP
4c03153d-ec93-59f9-8fb9-ea1f9fe42231,b4c867d8-500a-5d02-a48d-d2cae6f8208a,APP_OPEN,,2026-06-28T19:39:54+07:00,APP
1b5c2e28-afa1-5353-920a-a5d5e290cfff,b4c867d8-500a-5d02-a48d-d2cae6f8208a,PRODUCT_VIEW,ITM-0038,2025-04-25T19:18:56+07:00,APP
250aea02-cd7f-56ac-af28-41e6413150a5,b4c867d8-500a-5d02-a48d-d2cae6f8208a,APP_OPEN,,2025-06-06T01:09:48+07:00,APP
e655cf85-d531-543f-aaf2-c446aa069a4f,b4c867d8-500a-5d02-a48d-d2cae6f8208a,PRODUCT_VIEW,ITM-0039,2025-06-29T08:01:38+07:00,APP
c4eacf49-d098-5eb4-bdea-a1e24116ee27,73d88221-5bf2-53a7-b1c3-7c275b537c68,APP_OPEN,,2026-08-27T18:13:13+07:00,APP
a1c34d3a-69d5-5f64-9651-f947232486ce,73d88221-5bf2-53a7-b1c3-7c275b537c68,APP_OPEN,,2025-05-07T22:50:07+07:00,APP
d59cf393-d718-57cb-8552-4fc72f03951d,73d88221-5bf2-53a7-b1c3-7c275b537c68,SEARCH,,2025-08-11T15:38:11+07:00,APP
1cf25609-0617-53fa-84f4-eca0f92d0a2a,73d88221-5bf2-53a7-b1c3-7c275b537c68,APP_OPEN,,2026-07-30T18:04:17+07:00,APP
82f62878-f676-58e6-bb90-1f5ac3a132cb,73d88221-5bf2-53a7-b1c3-7c275b537c68,PRODUCT_VIEW,ITM-0070,2025-05-21T04:59:30+07:00,APP
eb86d884-4633-578b-86c1-82ef98d21492,b51c4bc7-7357-5698-aa80-a305a095522e,APP_OPEN,,2025-06-05T16:14:20+07:00,APP
08e544b1-c3ab-5550-abc1-20dfac00172e,b51c4bc7-7357-5698-aa80-a305a095522e,APP_OPEN,,2026-08-28T16:28:12+07:00,APP
990fe730-4c22-5f8b-906f-40d8d744c4e5,b51c4bc7-7357-5698-aa80-a305a095522e,SEARCH,,2025-12-19T18:20:43+07:00,APP
6e19f7f1-d6fc-5ba4-8294-a46938b2ba2d,b51c4bc7-7357-5698-aa80-a305a095522e,CART_ADD,ITM-0059,2025-05-26T21:18:55+07:00,APP
61d535dd-5e50-5109-a1bd-81129fa048a3,b51c4bc7-7357-5698-aa80-a305a095522e,PRODUCT_VIEW,ITM-0010,2025-09-11T00:08:33+07:00,APP
d0533375-e124-53f9-af8a-0fca67dd91d7,b51c4bc7-7357-5698-aa80-a305a095522e,PRODUCT_VIEW,ITM-0007,2025-12-22T17:54:51+07:00,APP
e4a8bdc9-9693-5f92-85ea-5b00ce970777,b51c4bc7-7357-5698-aa80-a305a095522e,PRODUCT_VIEW,ITM-0094,2026-08-11T21:21:05+07:00,APP
af5b9365-e219-5202-931d-6c83979516c1,b51c4bc7-7357-5698-aa80-a305a095522e,PRODUCT_VIEW,ITM-0088,2025-09-18T09:56:19+07:00,APP
5cb7bb53-56ac-554b-83f0-d535df45d33f,922ef39e-7def-5e9e-89e8-0c4814ac26b6,SEARCH,,2025-05-18T20:16:45+07:00,APP
13af7f46-a1f7-5e23-976b-8898819784c7,922ef39e-7def-5e9e-89e8-0c4814ac26b6,CART_ADD,ITM-0001,2025-09-23T02:10:50+07:00,APP
e5a18037-56a2-53fd-bcd1-9c7e9d0aea1c,922ef39e-7def-5e9e-89e8-0c4814ac26b6,CART_ADD,ITM-0006,2026-05-11T11:04:10+07:00,APP
c8355e2d-dad8-5dd2-b1c0-10c18adfa28f,922ef39e-7def-5e9e-89e8-0c4814ac26b6,SEARCH,,2025-11-20T02:21:14+07:00,APP
a236690f-6cdd-5435-839d-c56beef8a0f4,922ef39e-7def-5e9e-89e8-0c4814ac26b6,SEARCH,,2025-10-29T11:30:03+07:00,APP
30d3a3fc-bd65-5c42-8408-f4544381055e,922ef39e-7def-5e9e-89e8-0c4814ac26b6,SEARCH,,2025-04-29T07:30:46+07:00,APP
