crm_customer_id,full_name,phone_raw,email_raw,birth_month,gender,city,member_code,membership_tier,join_date,preferred_branch_code,status,source_updated_at
4cbf6e97-24e7-5fb3-a7d5-2f2b6fa03346,Budi Prasetyo,0817-3420-0809,budi.prasetyo000@inbox.id,12,U,Bantul,MBR-16416,,2025-04-04,BR-07,ACTIVE,2025-06-22T23:09:41+07:00
b02430f8-928d-51e6-8e1d-f97243c86c5e,Agus Darmawan,+6282538446649,agus.darmawan.@inbox.id,1,F,Bantul,MBR-53130,GOLD,2025-04-28,BR-13,ACTIVE,2026-07-04T18:38:47+07:00
5fede913-8bcb-5454-8a07-89b748498422,Tari Wijaya,088599777237,tari.wijaya.@inbox.id,3,M,Jember,,PLATINUM,2025-08-10,BR-19,ACTIVE,2026-03-11T15:49:43+07:00
5ef7d0cd-5644-5e94-bd5f-fed0775d46fd,Dewi Anggraini,082149962653,,8,F,Jember,MBR-63383,PLATINUM,2025-04-26,BR-18,ACTIVE,2026-09-17T21:03:08+07:00
593160c3-d4d5-5f29-a3ff-75dbda1e290b,Intan Kusuma,+62831 0715 3006,intan.kusuma004@mail.id,12,M,Bandung,MBR-38175,PLATINUM,2025-11-21,BR-05,INACTIVE,2026-04-20T11:49:11+07:00
be6ccfda-2923-561b-af01-024ac632d1fc,Agus Utami,+6285244731546,agus.utami005@mail.id,12,M,Bandung,MBR-41647,,2025-09-08,BR-11,ACTIVE,2026-09-16T16:29:08+07:00
ff0d0676-979e-5473-b33f-78cc8af586ed,Citra Permata,+62849 0375 1433, citra.permata.006@inbox.id ,1,U,Depok,MBR-42550,SILVER,2026-05-03,BR-16,ACTIVE,2026-03-16T06:41:18+07:00
c0b9164f-a496-5e06-91a4-fbdecd5c7b93,Tari Wulandari,086860567740,tari.wulandari.@mail.id,12,M,Magelang,MBR-12757,SILVER,2025-05-18,BR-03,ACTIVE,2026-06-19T14:14:37+07:00
c39cc8b6-5b6a-5ee3-8c89-4e3865f38b55,Sari Hidayat,+62861-9453-5274,sari.hidayat@example.id,9,F,Kediri,MBR-58344,SILVER,2025-04-16,BR-11,ACTIVE,2025-05-10T15:21:59+07:00
21f6cc95-c2ff-5978-9773-be6904c52d9f,Indra Wijaya,+6282669644069,indra.wijaya.@inbox.id,5,F,Surabaya,MBR-77051,PLATINUM,2025-07-10,BR-16,ACTIVE,2025-08-01T20:20:27+07:00
2c9e0985-0ab3-5afa-bf8b-705741ca4312,Citra Setiawan,082222527107,citra.setiawan010@inbox.id,7,F,Bandung,MBR-78361,GOLD,2026-07-13,BR-02,ACTIVE,2025-07-04T20:29:57+07:00
2be05a7d-1489-5308-8fa9-7c97c51d3cc6,Citra Santoso,0863-2931-3107,citra.santoso.@example.id,6,U,Kediri,MBR-29810,SILVER,2025-10-21,BR-20,ACTIVE,2026-09-18T04:39:45+07:00
e2e4d536-e6f6-5b43-8348-8097b4dc9dde,Hana Wulandari,0887 6852 7601,hana.wulandari@example.id,1,U,Bogor,MBR-54438,,2025-07-08,BR-01,INACTIVE,2025-04-24T04:10:19+07:00
76706a3c-c8ca-5aa7-ac11-87f683e7e70d,Dian Kusuma,,dian.kusuma.@customer.test,2,F,Madiun,,GOLD,2026-06-01,BR-19,ACTIVE,2025-09-13T15:49:48+07:00
e8a183ec-f11b-5a64-8ce6-6aa0d2774019,Citra Putra,087362908677,citra.putra014@example.id,1,U,Bandung,,PLATINUM,2025-08-10,BR-10,ACTIVE,2025-05-27T13:45:05+07:00
2b4966c0-bc07-59bf-9797-acfed8fd80fb,Hana Wulandari,0899 6660 9218,,2,M,Cirebon,MBR-87421,GOLD,2025-07-15,BR-05,ACTIVE,2025-12-26T09:08:22+07:00
74fe057f-8881-539f-a396-d487489decd0,Nadia Adinata,081026525448,nadia.adinata.@mail.id,12,M,Bantul,MBR-68782,GOLD,2026-09-01,BR-17,CLOSED,2026-08-29T14:00:15+07:00
98510904-1672-5768-a74f-5f5c9c40beb8,Raka Prasetyo,+6281674204332, raka.prasetyo@inbox.id ,6,M,Bogor,MBR-28718,BRONZE,2026-08-19,BR-07,ACTIVE,2025-10-28T09:08:40+07:00
9b3b4d66-1634-5d10-9f10-2ac876032f3f,Sari Hidayat,,sari.hidayat018@inbox.id,8,U,Bekasi,MBR-25572,BRONZE,2025-06-02,BR-16,ACTIVE,2025-09-16T21:04:05+07:00
268c43f9-d916-57f2-97c3-4caed2ffc725,Yuni Darmawan,0858 0639 2727, yuni.darmawan.@customer.test ,1,F,Bekasi,MBR-93251,PLATINUM,2026-01-15,BR-16,ACTIVE,2025-11-14T05:19:29+07:00
3e98499b-7e00-527c-ab62-0b56d5cf2c7b,Eka Putri,0857-5686-1762, eka.putri020@inbox.id ,7,U,Yogyakarta,,,2026-03-24,BR-05,ACTIVE,2026-09-21T07:07:58+07:00
6dfb1721-c006-521e-82d6-0777eac6273a,Agus Putri,+6284174655215,agus.putri021@customer.test,8,U,Madiun,,BRONZE,2026-01-18,BR-17,ACTIVE,2025-09-11T23:28:42+07:00
a32181e8-47bc-5b3e-9998-bf5ecbe75d93,Citra Mahendra,0878-1531-6499,citra.mahendra022@customer.test,10,U,Purworejo,,GOLD,2025-10-13,BR-07,INACTIVE,2026-06-06T10:33:36+07:00
3a56b99d-b537-5a0e-b350-3c721abecc77,Intan Adinata,0852-5137-8768,intan.adinata.023@example.id,2,F,Kulon Progo,,BRONZE,2025-12-12,BR-10,ACTIVE,2026-09-11T01:05:29+07:00
bb8af69d-cf36-5285-8965-5cc45702eb2d,Hana Prasetyo,, hana.prasetyo.@mail.id ,3,U,Depok,MBR-54037,SILVER,2026-09-20,BR-16,ACTIVE,2025-12-10T11:10:33+07:00
4e5419c9-cdd3-5294-bd80-ffacf7bb9c29,Dian Wijaya,+62893 2397 9485, dian.wijaya@mail.id ,6,U,Solo,MBR-76932,BRONZE,2026-08-20,BR-04,ACTIVE,2026-03-06T19:25:01+07:00
277cdfe3-84b2-5ee1-81ef-760a6ab31181,Wahyu Putra,+6281848622713,wahyu.putra.@customer.test,9,F,Magelang,MBR-88360,GOLD,2026-07-04,BR-03,ACTIVE,2025-10-27T23:13:01+07:00
5b3faa4d-01be-5fb3-a6ad-d9cd8554f6f4,Adi Prasetyo,+6283563050682,adi.prasetyo.@mail.id,12,U,Kulon Progo,MBR-90135,SILVER,2026-07-17,BR-08,ACTIVE,2025-10-12T12:27:48+07:00
5a45a6e4-ff39-5e51-819f-f2b47ea1cc06,Citra Anggraini,087012221009,citra.anggraini.@mail.id,5,M,Bantul,MBR-87047,SILVER,2026-07-11,BR-10,ACTIVE,2025-12-08T11:32:20+07:00
73cca7dd-4056-5c04-83da-e7815adefd8d,Wahyu Putri,+62823 5334 0171,wahyu.putri.@inbox.id,12,M,Bekasi,MBR-42583,BRONZE,2026-05-26,BR-18,ACTIVE,2026-03-18T17:43:09+07:00
9d58d481-0d06-5cd9-a489-b933c222825a,Tari Adinata,+62857 6813 8520, tari.adinata.030@inbox.id ,8,U,Bantul,MBR-60362,,2026-08-05,BR-19,ACTIVE,2026-08-21T07:45:52+07:00
38867e3e-dd2d-5eca-b926-73be86708b40,Dewi Anggraini,080639260145,dewi.anggraini.@inbox.id,2,F,Kulon Progo,MBR-54323,SILVER,2025-04-18,BR-03,ACTIVE,2026-09-09T07:59:35+07:00
3b46fcdc-41d4-5a9a-8b44-759a42ca3e5b,Nadia Darmawan,+62862-1866-3095,nadia.darmawan.@example.id,8,M,Depok,MBR-43881,PLATINUM,2026-02-23,BR-18,ACTIVE,2026-01-22T03:13:42+07:00
b10b7d80-ca7e-5fda-8ee6-c3779a034db0,Nadia Putra,+62842-6527-5274,nadia.putra.033@inbox.id,9,M,Solo,MBR-44435,SILVER,2025-09-20,BR-05,ACTIVE,2025-06-09T23:42:49+07:00
ab0e84f7-b097-5e4b-9932-36671fb028e9,Agus Wulandari,0893-1511-9635, agus.wulandari034@inbox.id ,10,F,Bekasi,,GOLD,2026-09-15,BR-07,ACTIVE,2026-07-05T10:03:56+07:00
f73b6fe4-5675-5a25-b148-2f5d1b80e519,Fitri Mahendra,+62819 6330 7432,fitri.mahendra035@mail.id,1,M,Gunungkidul,MBR-73171,GOLD,2026-01-18,BR-09,ACTIVE,2026-01-05T08:44:46+07:00
b003a144-b382-500e-b2fa-852b874c74a2,Raka Mahendra,0849 4214 5349, raka.mahendra036@customer.test ,5,U,Bekasi,MBR-18629,BRONZE,2025-09-24,BR-11,ACTIVE,2026-09-21T14:56:18+07:00
beea40ba-f98c-5b53-8cc4-d67a75324fac,Fitri Kusuma,0845 6041 9143,fitri.kusuma@inbox.id,4,M,Depok,MBR-43263,BRONZE,2026-08-08,BR-04,ACTIVE,2025-07-08T05:37:20+07:00
0db9aa45-ff05-5d00-9954-371de26d3d0a,Made Adinata,+6282461022076, made.adinata038@customer.test ,3,M,Gunungkidul,,SILVER,2026-09-18,BR-03,ACTIVE,2026-02-28T00:18:02+07:00
8ebe05d7-a920-5cfa-ad52-dc538e0744cb,Lina Setiawan,+62844-2281-2709,,5,M,Bogor,MBR-63175,,2025-09-15,BR-01,ACTIVE,2025-04-22T10:47:45+07:00
12ea92f2-58bc-50e1-bd5d-a53139edc9a1,Hana Setiawan,082896042732,hana.setiawan.@example.id,10,U,Bekasi,MBR-55895,,2026-04-17,BR-15,ACTIVE,2026-08-19T04:57:54+07:00
ac1372a3-222d-5c83-8796-cbeae65b90cd,Budi Mahendra,+62828-8637-5391,budi.mahendra@mail.id,7,M,Cirebon,MBR-65618,GOLD,2026-08-03,BR-16,ACTIVE,2025-05-09T18:28:49+07:00
86514d1f-9a3a-5aed-a87f-59663f7c69b3,Dian Kusuma,0884 2426 9977,dian.kusuma.042@customer.test,4,U,Kediri,,SILVER,2026-04-19,BR-02,ACTIVE,2026-08-02T10:28:20+07:00
635fcc93-47d6-5e24-acd7-0db2cb5f1ce9,Hana Putra,+62812 1187 0393,hana.putra.043@mail.id,5,F,Cirebon,MBR-64087,SILVER,2025-04-17,BR-15,ACTIVE,2025-06-17T18:10:13+07:00
55bf2a49-c131-52b8-b006-0d6dbbf0efa6,Agus Mahendra,080186565674,agus.mahendra@customer.test,8,F,Bandung,MBR-45078,BRONZE,2026-05-09,BR-13,ACTIVE,2025-12-16T07:54:16+07:00
1ea835b3-681f-5402-a432-1dc89c458d43,Tari Wulandari,+6287407350854,tari.wulandari045@example.id,4,F,Purworejo,MBR-42286,BRONZE,2026-05-09,BR-14,CLOSED,2025-06-25T09:09:03+07:00
374aea7e-ab26-5391-abb1-f968a85a6efc,Dewi Wulandari,,dewi.wulandari046@example.id,8,M,Kulon Progo,MBR-55501,PLATINUM,2026-06-26,BR-18,INACTIVE,2025-10-17T15:40:40+07:00
9c432a59-d76b-5c4b-beb8-bed099d793da,Intan Putri,+6285441535957,intan.putri047@customer.test,3,U,Yogyakarta,MBR-94859,,2026-05-23,BR-03,ACTIVE,2026-02-27T07:04:30+07:00
781838df-dd96-53ff-9126-d982cbf0e5da,Tari Wijaya,086987058119,tari.wijaya@customer.test,9,U,Klaten,MBR-58579,BRONZE,2025-09-10,BR-04,ACTIVE,2026-03-06T08:53:58+07:00
bdd9a994-e8df-54b1-bcd3-2cbe196fc704,Indra Kusuma,081012307834,indra.kusuma.049@example.id,2,M,Bogor,MBR-81077,SILVER,2025-07-25,BR-05,ACTIVE,2025-07-06T19:45:46+07:00
b48021e8-578a-5a7d-b309-2ec3df164c54,Budi Wulandari,+62862 0773 7049,budi.wulandari050@mail.id,6,F,Kediri,MBR-25487,SILVER,2026-03-16,BR-04,INACTIVE,2025-08-07T14:31:54+07:00
daba81a0-9ba2-59b3-b592-a00c3dd6fc52,Dian Adinata,084540220449,dian.adinata.051@mail.id,8,U,Bekasi,MBR-87507,SILVER,2026-08-20,BR-14,ACTIVE,2025-12-07T05:50:51+07:00
73d16d29-eec6-5757-93f1-af62991a1bb7,Eka Santoso,+62872-0413-2713,eka.santoso.@customer.test,10,F,Kulon Progo,MBR-46572,GOLD,2026-06-03,BR-19,ACTIVE,2025-04-04T12:32:14+07:00
895640e9-225a-5a8c-aeaa-4a949f2fe69f,Raka Putra,0823 4872 5364,raka.putra@customer.test,6,M,Cirebon,MBR-71918,SILVER,2026-09-28,BR-14,INACTIVE,2026-01-24T20:16:49+07:00
045b721a-f512-58cf-8da1-a86135cd27f2,Indra Prasetyo,080783867590,indra.prasetyo.@inbox.id,1,F,Solo,MBR-20004,BRONZE,2025-11-13,BR-09,ACTIVE,2026-04-29T16:15:01+07:00
d07dd5a6-75ab-584c-8b03-aeb9216421f0,Tari Kusuma,,tari.kusuma055@inbox.id,11,F,Semarang,MBR-36813,BRONZE,2025-10-19,BR-07,ACTIVE,2025-11-27T22:04:49+07:00
338bbdbe-8093-5636-9c5a-942227435caa,Indra Permata,+6288944112505, indra.permata.@customer.test ,5,F,Magelang,MBR-19530,GOLD,2025-11-03,BR-15,ACTIVE,2026-08-11T01:43:43+07:00
48aa4d45-882f-5267-b1f9-5bfa395ad987,Intan Santoso,+6283513992708,intan.santoso.057@customer.test,7,M,Bekasi,,BRONZE,2025-12-13,BR-02,ACTIVE,2026-01-26T19:12:36+07:00
a8a9ee52-f745-59ef-af7b-0cc6be80aad6,Adi Wijaya,+6287702272242,adi.wijaya058@mail.id,9,U,Yogyakarta,,GOLD,2025-04-09,BR-15,ACTIVE,2026-08-30T05:39:43+07:00
dd5f848e-e97c-5378-9305-19da3e2ca379,Yuni Kusuma,083196979313, yuni.kusuma.059@customer.test ,2,F,Klaten,MBR-42804,GOLD,2025-08-06,BR-09,ACTIVE,2026-03-08T17:49:01+07:00
1e84124b-7809-5598-b633-2936034903c8,Raka Hidayat,082327309524,raka.hidayat060@inbox.id,11,M,Yogyakarta,MBR-71760,,2026-07-19,BR-13,ACTIVE,2025-08-06T00:02:31+07:00
d1ea4fd3-8297-50fb-82a0-6794f9484c57,Hana Wijaya,0840-6562-7046,hana.wijaya@example.id,5,F,Yogyakarta,,SILVER,2026-05-26,BR-15,CLOSED,2026-05-18T07:18:47+07:00
2d27dbc5-7da7-5a13-ac5a-7c5a6ee1b795,Yuni Hidayat,, yuni.hidayat@inbox.id ,10,M,Bekasi,,BRONZE,2026-01-28,BR-03,ACTIVE,2026-08-06T09:43:39+07:00
41b91368-2fea-500f-81ee-b50f69ddbcd9,Made Mahendra,087501414924,made.mahendra063@inbox.id,11,F,Semarang,MBR-90648,GOLD,2025-05-22,BR-07,ACTIVE,2025-08-19T01:48:23+07:00
90138fb5-eae3-5962-ade5-bd7d216de4ee,Yuni Setiawan,+6284354841893, yuni.setiawan.@inbox.id ,2,F,Sleman,MBR-95063,BRONZE,2026-09-09,BR-10,CLOSED,2026-08-23T07:30:41+07:00
3965b62d-44ba-5b3b-869c-28340b524d50,Dian Wijaya,+6284007940861, dian.wijaya.065@example.id ,2,F,Sleman,MBR-42408,PLATINUM,2025-12-09,BR-18,ACTIVE,2026-06-04T11:03:23+07:00
39fbfa4c-b862-5b81-8c21-a9375068dcc0,Made Kusuma,+6280478123601,made.kusuma.@inbox.id,5,U,Solo,,SILVER,2026-06-21,BR-08,ACTIVE,2025-05-07T08:39:21+07:00
6d58fb20-c83d-5dba-84ed-8b0ed1ee406b,Raka Putri,+6284859491277,,8,F,Bogor,MBR-77922,,2025-11-14,BR-11,ACTIVE,2025-04-17T20:41:38+07:00
265c42b0-872c-5502-9d28-aaeac5427e74,Adi Wulandari,+6285829957655, adi.wulandari.068@mail.id ,12,U,Gunungkidul,MBR-78175,PLATINUM,2026-07-28,BR-18,ACTIVE,2025-08-29T11:34:42+07:00
5429801a-1293-55b0-9cd2-9449cb2f93f4,Intan Wulandari,+6284322979170, intan.wulandari.069@customer.test ,2,U,Bogor,MBR-23976,BRONZE,2026-05-03,BR-01,ACTIVE,2025-12-27T13:35:29+07:00
ac595b16-c473-5751-a6be-2336e8b7db6f,Dian Utami,084965943048,dian.utami.@customer.test,5,F,Magelang,MBR-95748,SILVER,2026-05-28,BR-10,ACTIVE,2025-06-11T08:29:41+07:00
430a39ab-e8d8-5b61-a112-b860f10722fd,Nadia Putra,+62816 3114 2484,nadia.putra.071@inbox.id,8,F,Sleman,MBR-24906,GOLD,2025-11-21,BR-16,ACTIVE,2026-03-13T17:41:04+07:00
3cbf22ce-2c22-5942-b1fa-4b5236f7f66d,Tari Santoso,+62842 6004 3107,tari.santoso@example.id,12,U,Kediri,MBR-44822,SILVER,2026-01-10,BR-15,ACTIVE,2025-07-18T14:47:17+07:00
5a67e4d4-46dd-5863-b520-40d40d5e6ac9,Sari Kusuma,0857 9104 6245,sari.kusuma@inbox.id,1,U,Cirebon,MBR-73461,GOLD,2026-02-07,BR-13,INACTIVE,2026-01-30T17:25:42+07:00
d0406d9d-da32-5d7b-b9c9-cfdb329fae8a,Sari Darmawan,083894088959,sari.darmawan.@mail.id,1,F,Bandung,MBR-18812,SILVER,2025-12-21,BR-20,ACTIVE,2025-12-30T16:46:44+07:00
d867b99b-82fe-58dd-ae4f-fcb4522671ea,Agus Hidayat,+62878 0342 5013,agus.hidayat075@mail.id,7,F,Depok,MBR-11400,PLATINUM,2026-04-01,BR-03,ACTIVE,2025-10-11T19:07:15+07:00
8752930b-e69f-5092-b60d-6e65db3b9e75,Made Mahendra,+62807 9026 3233,made.mahendra.076@example.id,3,F,Semarang,MBR-24228,,2026-06-10,BR-16,ACTIVE,2025-11-23T09:12:19+07:00
f24a79ff-0c87-5637-93e2-c29b930fb5eb,Hana Wijaya,081847070886,hana.wijaya.@example.id,12,F,Bogor,MBR-16982,GOLD,2026-08-13,BR-06,ACTIVE,2026-03-13T10:17:29+07:00
2a248cb0-d3a7-585a-b2c5-9d69ed98ed6f,Agus Utami,+62870 7675 6241,,12,F,Kulon Progo,MBR-93673,GOLD,2025-06-28,BR-11,CLOSED,2025-10-17T10:13:25+07:00
fe3583e7-9580-5904-a2ac-d77baea53e07,Nadia Prasetyo,084027910512,nadia.prasetyo@mail.id,9,F,Jember,MBR-99748,BRONZE,2025-04-02,BR-17,ACTIVE,2025-06-25T15:34:39+07:00
57d2dd3e-8a5a-52f8-a895-7f4f0e3cfadd,Lina Permata,+6283413573304,lina.permata@inbox.id,10,U,Purworejo,MBR-66700,PLATINUM,2025-09-06,BR-06,ACTIVE,2026-02-02T18:13:32+07:00
ac295ead-1502-558b-aa29-f9fcca03b9a6,Intan Permata,089066922950,,4,U,Cirebon,MBR-33910,GOLD,2026-03-14,BR-20,ACTIVE,2026-08-24T11:42:20+07:00
a5fb0ea5-9ad8-57d1-bf41-c068c5c438c4,Nadia Utami,+6280130883390, nadia.utami@mail.id ,6,U,Klaten,MBR-65901,BRONZE,2026-02-06,BR-19,ACTIVE,2026-06-21T12:43:30+07:00
b108c503-ba24-5ad9-9c7c-e33b1e85963d,Wahyu Kusuma,0807 5775 4636,wahyu.kusuma083@example.id,7,M,Klaten,MBR-65922,SILVER,2025-09-07,BR-11,ACTIVE,2025-05-29T17:45:00+07:00
6b33423e-834a-5115-99fb-596e1ded1096,Wahyu Putra,0808 8608 0334,wahyu.putra.084@inbox.id,3,M,Bantul,MBR-40979,BRONZE,2025-04-18,BR-12,ACTIVE,2025-10-25T15:02:56+07:00
235e88ab-a3c4-5032-8142-471383a02d38,Intan Kusuma,0858 7977 6596,intan.kusuma@inbox.id,9,F,Jember,,GOLD,2025-12-12,BR-08,ACTIVE,2025-06-06T02:31:45+07:00
17a73e21-5c89-54b4-9c34-08f1b752e344,Wahyu Kusuma,+6288365542850, wahyu.kusuma086@inbox.id ,12,M,Kulon Progo,,BRONZE,2026-01-08,BR-08,ACTIVE,2025-06-14T20:36:57+07:00
0b3dbb21-e476-5262-ba9d-2c6c6ed35029,Ayu Wulandari,080689988156,ayu.wulandari.@inbox.id,3,M,Kediri,MBR-72562,SILVER,2025-06-10,BR-05,CLOSED,2026-09-21T08:57:07+07:00
1aae8d68-4768-526e-867c-45de02dbadd0,Lina Kusuma,+6281685470923,lina.kusuma.@mail.id,2,F,Depok,MBR-66748,SILVER,2026-02-28,BR-15,INACTIVE,2025-07-15T05:30:08+07:00
bdec9ce3-1b7e-521b-96a5-bbc97348c4b2,Indra Wulandari,085590628337,indra.wulandari089@mail.id,12,U,Madiun,MBR-38250,,2025-09-13,BR-09,ACTIVE,2026-05-23T10:09:01+07:00
547a7b9e-3fc3-5b54-aaf1-1f3857636d3c,Wahyu Anggraini,0822-2345-1199,wahyu.anggraini.@customer.test,6,U,Magelang,MBR-62549,BRONZE,2025-09-28,BR-18,INACTIVE,2026-03-31T03:23:28+07:00
e60b7e1d-9069-5540-a518-d27e04f80c26,Hana Adinata,+6283705671630,hana.adinata.@inbox.id,9,U,Kulon Progo,MBR-47172,,2025-11-27,BR-08,ACTIVE,2026-07-17T04:38:20+07:00
4c7c72c7-4863-5be1-8000-7b2c41957191,Adi Utami,+62846 5385 4799, adi.utami@mail.id ,4,U,Surabaya,MBR-30940,SILVER,2025-06-16,BR-16,ACTIVE,2025-06-30T02:39:18+07:00
7a48f2f6-8c2c-5165-9d68-8d644d99af61,Eka Wijaya,0862-7214-2259,eka.wijaya.@customer.test,8,F,Kediri,MBR-73819,BRONZE,2026-06-07,BR-17,ACTIVE,2025-10-10T21:33:41+07:00
78f51dc9-eca9-5e0d-a993-cd3c0d5d5ab6,Raka Wijaya,0856-9729-7515,,6,M,Solo,MBR-22070,GOLD,2025-05-02,BR-18,ACTIVE,2026-08-11T22:24:27+07:00
9109e120-e804-5026-9f32-16434592021e,Wahyu Putri,089539514268,wahyu.putri@inbox.id,12,F,Bekasi,,PLATINUM,2026-02-07,BR-06,ACTIVE,2025-08-17T05:49:32+07:00
05ca6a7c-c3c4-56e2-9a37-c6a090d75a8c,Dewi Anggraini,084894687167,dewi.anggraini.@inbox.id,7,M,Malang,MBR-12761,GOLD,2026-02-10,BR-09,ACTIVE,2025-12-21T12:42:25+07:00
361bb00b-32f2-5db7-985d-b5ac0e729500,Eka Wulandari,+62886-4767-6416,eka.wulandari097@customer.test,3,U,Madiun,MBR-10861,GOLD,2026-03-29,BR-03,ACTIVE,2026-02-24T20:46:35+07:00
d0dbbfbe-151e-5c42-9b68-d532a293bb8b,Adi Setiawan,+62820-7958-5204,adi.setiawan098@customer.test,10,U,Bandung,,,2025-06-03,BR-05,ACTIVE,2026-03-12T04:02:49+07:00
618becc5-a055-5303-8704-f22426781f78,Ayu Prasetyo,+6287731369549,ayu.prasetyo@inbox.id,10,M,Magelang,,GOLD,2025-08-02,BR-07,ACTIVE,2026-02-24T18:38:00+07:00
616701cc-fbe5-51d0-b113-b16ef8e84a0e,Lina Putra,089109849900, lina.putra.100@mail.id ,9,U,Malang,MBR-88591,,2026-08-13,BR-14,INACTIVE,2026-06-11T17:23:34+07:00
ebf9b3ef-2671-5004-9cae-7135d982b3c3,Ayu Hidayat,+6289109849900,ayu.hidayat101@example.id,6,M,Sleman,MBR-98320,BRONZE,2026-02-01,BR-05,ACTIVE,2026-03-01T11:37:29+07:00
46012afc-120e-5e49-8fe9-46192f141cfd,Tari Darmawan,+6287546789875,tari.darmawan.@mail.id,11,M,Purworejo,MBR-50010,,2025-10-05,BR-20,ACTIVE,2026-03-16T08:06:45+07:00
7dbc7c1b-a271-50c7-94e8-5e71f33aaaf8,Dewi Adinata,+6286582806413, dewi.adinata.103@example.id ,3,M,Yogyakarta,MBR-18553,PLATINUM,2025-10-02,BR-17,ACTIVE,2025-07-22T18:10:46+07:00
879048b7-191f-5eff-90d9-814dcdf1f6bd,Fitri Darmawan,088114534492,fitri.darmawan@inbox.id,6,M,Sleman,,GOLD,2025-05-31,BR-12,ACTIVE,2026-01-18T05:14:49+07:00
33100066-b54e-5440-b6d1-8fc1cdebdeac,Citra Santoso,+6287687030934,,1,F,Bandung,MBR-70329,BRONZE,2026-08-02,BR-17,ACTIVE,2026-03-02T20:45:00+07:00
af274ffc-067a-5e56-8815-28d0b5ded26e,Made Hidayat,+62815 0752 2497,made.hidayat@inbox.id,12,M,Bandung,MBR-41766,BRONZE,2025-07-08,BR-18,ACTIVE,2025-07-07T03:31:09+07:00
29dc2cd6-5c47-57ad-8650-f38ea21a3a6b,Indra Putra,081251004738, indra.putra@customer.test ,1,F,Purworejo,MBR-50083,SILVER,2026-03-02,BR-01,INACTIVE,2026-05-30T15:16:05+07:00
60705692-c40c-54fb-ba87-8edf83a69917,Nadia Kusuma,087702451529, nadia.kusuma.@mail.id ,6,F,Bekasi,MBR-88709,GOLD,2025-11-29,BR-15,ACTIVE,2026-02-02T17:10:56+07:00
a2e6ab68-79a5-55d9-ae26-7b0c2f842e1e,Dewi Wijaya,083775198544,dewi.wijaya.@customer.test,7,M,Kediri,,,2026-03-25,BR-04,INACTIVE,2025-05-04T11:43:45+07:00
170f9e83-4efb-5f9b-a630-1446c3090c82,Dewi Wijaya,084759230766,dewi.wijaya.@customer.test,10,M,Depok,MBR-60696,BRONZE,2025-10-18,BR-19,ACTIVE,2026-08-01T07:39:02+07:00
cfc3953a-7143-51c1-bf7a-791d8bdffea9,Eka Mahendra,089688411796,eka.mahendra.111@customer.test,11,U,Yogyakarta,MBR-19454,SILVER,2026-09-27,BR-02,ACTIVE,2025-04-16T00:35:41+07:00
0e19d7db-deed-5b12-a9c3-29014033a67e,Nadia Putri,+6282891409161,nadia.putri@example.id,11,U,Madiun,MBR-78703,BRONZE,2026-08-03,BR-18,INACTIVE,2026-02-12T21:02:13+07:00
b90f103c-6ac8-55d5-9826-0899014839f3,Agus Prasetyo,+62831-5656-1841,agus.prasetyo.@mail.id,11,U,Purworejo,MBR-15531,SILVER,2025-10-28,BR-11,ACTIVE,2026-06-01T18:23:21+07:00
d73f8413-477f-5974-9109-cd248c5cebb0,Hana Mahendra,+6287672475379,hana.mahendra@example.id,1,F,Kulon Progo,,GOLD,2026-02-04,BR-08,ACTIVE,2025-06-08T17:40:26+07:00
c6f95a50-1d89-5f3d-84a5-dcfece396242,Adi Kusuma,+6282869070820,adi.kusuma@mail.id,2,M,Yogyakarta,,GOLD,2025-06-07,BR-13,ACTIVE,2026-06-20T19:22:11+07:00
36e96040-082b-56a6-b62c-a7c25911300d,Sari Prasetyo,085104971029,sari.prasetyo.116@mail.id,4,U,Gunungkidul,,GOLD,2025-04-03,BR-03,INACTIVE,2026-04-18T05:33:29+07:00
63ffaf24-15b3-5aaf-8289-6f92e81ff369,Made Darmawan,+6284859513797, made.darmawan117@inbox.id ,5,F,Madiun,MBR-19890,BRONZE,2026-01-06,BR-02,ACTIVE,2025-11-06T19:08:18+07:00
56e7a9a1-a9c8-5b32-bf1b-4e0ac298c14e,Wahyu Santoso,+62814-5713-9927, wahyu.santoso.@example.id ,8,F,Semarang,MBR-83642,GOLD,2025-04-17,BR-16,INACTIVE,2026-02-16T07:04:50+07:00
9d0a0883-86b4-52eb-a681-4ba6f6b1c05c,Intan Hidayat,+62876 7679 1871,intan.hidayat@mail.id,11,M,Magelang,,PLATINUM,2026-05-04,BR-12,ACTIVE,2025-05-29T20:53:54+07:00
bc4391f0-8bea-5347-ae92-3e4b34632b28,Wahyu Putri,084424574870,wahyu.putri120@mail.id,4,F,Sleman,MBR-82245,BRONZE,2026-06-04,BR-04,ACTIVE,2026-02-09T12:39:20+07:00
61a81608-2e73-5fd6-9da8-4ffc0e4617cb,Intan Setiawan,089504308336,intan.setiawan.121@customer.test,7,M,Sleman,MBR-22338,PLATINUM,2026-03-11,BR-17,ACTIVE,2025-06-07T22:23:16+07:00
739f137a-8394-5d8d-8da1-f1b29c9bc513,Made Anggraini,0860-7804-3680,made.anggraini.@customer.test,1,F,Surabaya,,GOLD,2025-09-08,BR-08,ACTIVE,2025-12-05T14:10:20+07:00
8303818e-9b4b-53f9-9f87-4206b35d9e3b,Ayu Permata,+6289720897255, ayu.permata.@example.id ,11,M,Madiun,MBR-64500,,2025-06-22,BR-19,ACTIVE,2026-04-06T15:07:07+07:00
497b8b14-e71e-5ddf-a1ff-ea64f48bbdac,Hana Wijaya,+6289928485912,hana.wijaya.124@example.id,9,F,Malang,MBR-25473,GOLD,2026-07-24,BR-17,ACTIVE,2026-08-20T11:10:30+07:00
43954b68-d47f-5c15-83c6-b927a66ca880,Wahyu Wulandari,0893-2130-5706,wahyu.wulandari.@inbox.id,3,M,Bogor,MBR-90453,,2025-12-11,BR-02,ACTIVE,2025-11-01T02:22:37+07:00
b8838d1e-63e8-5a36-8d45-4a2427494b4d,Nadia Hidayat,+62825-2517-1779,nadia.hidayat@customer.test,4,M,Bekasi,MBR-84271,GOLD,2025-12-15,BR-11,ACTIVE,2026-08-13T16:58:06+07:00
3bfa267b-9b03-5254-ad93-42fd072abff2,Yuni Darmawan,+6287438110950,yuni.darmawan.@example.id,4,F,Bogor,MBR-66484,BRONZE,2025-09-18,BR-03,ACTIVE,2025-04-12T02:55:03+07:00
4f8f11b9-bcf0-50b3-a6f8-623adfc1470a,Agus Setiawan,084097776524,agus.setiawan@customer.test,3,U,Bantul,MBR-33512,PLATINUM,2025-09-30,BR-11,ACTIVE,2025-10-02T01:08:12+07:00
4b6287e9-4231-53a0-b19e-acd2de925a16,Citra Darmawan,0843-3800-1768,citra.darmawan.@customer.test,4,M,Jember,MBR-37732,GOLD,2025-06-14,BR-14,ACTIVE,2025-05-31T22:26:57+07:00
f6de02b0-edb7-5bf7-87e2-63c54567ebb6,Adi Wijaya,+62891-9432-4205,adi.wijaya.130@example.id,8,M,Solo,MBR-49127,PLATINUM,2026-06-21,BR-19,ACTIVE,2025-12-06T17:55:25+07:00
6298e348-534a-50d1-a3d3-f92653e9ad74,Dewi Wijaya,+6285477938394,dewi.wijaya@inbox.id,6,M,Surabaya,MBR-22442,,2025-08-21,BR-13,ACTIVE,2026-07-19T05:40:26+07:00
56eee81f-31cd-57bf-8453-9d1e1639e8c5,Yuni Setiawan,080737999455,yuni.setiawan.132@example.id,5,M,Gunungkidul,MBR-72396,SILVER,2026-01-02,BR-13,ACTIVE,2025-08-01T07:20:18+07:00
6d122e14-eb6e-5f9e-b850-79bdb84bdc7b,Hana Kusuma,+6286729019954,hana.kusuma133@customer.test,7,U,Magelang,MBR-10052,GOLD,2025-12-16,BR-01,ACTIVE,2025-05-09T03:46:23+07:00
2fe9fe13-228e-570b-b0ff-73e852df2ee0,Ayu Setiawan,+62839 0430 0404,ayu.setiawan.@mail.id,11,M,Purworejo,MBR-74082,SILVER,2025-12-09,BR-03,ACTIVE,2026-01-28T07:32:45+07:00
6bdbdaa0-5653-5867-bc6c-369e234a35de,Eka Wulandari,+6281422370358,,1,M,Bogor,MBR-89017,BRONZE,2025-10-06,BR-05,ACTIVE,2025-04-25T11:00:35+07:00
3a419b84-946e-5064-926d-6174678c1dd6,Sari Permata,+62837-5911-1045,,12,U,Yogyakarta,MBR-28321,PLATINUM,2026-08-16,BR-11,INACTIVE,2026-08-28T22:06:35+07:00
5c86f95e-e5bf-53de-94de-d0c2d4908204,Eka Putri,086280540513,eka.putri@example.id,6,F,Sleman,MBR-45462,BRONZE,2025-09-24,BR-16,ACTIVE,2026-08-26T15:35:25+07:00
656a3e4c-606c-5512-a703-c0ad44c87fac,Yuni Kusuma,+62839 2220 6360,yuni.kusuma138@customer.test,11,U,Madiun,MBR-52439,BRONZE,2025-05-30,BR-13,ACTIVE,2025-05-01T06:51:00+07:00
3878c4c4-9298-5c9d-b57c-d29e4ee08a92,Dian Adinata,+6284678639521,dian.adinata139@example.id,6,U,Yogyakarta,MBR-80460,GOLD,2025-05-07,BR-15,ACTIVE,2026-08-01T01:34:22+07:00
d9a23c3d-0579-56de-9beb-96358de418a7,Wahyu Mahendra,,,9,U,Depok,,,2026-06-21,BR-12,ACTIVE,2025-04-24T12:41:10+07:00
8c09f50d-ad0e-5936-98a8-aa6a10be6b62,Wahyu Setiawan,+62865 2564 4407, wahyu.setiawan.141@inbox.id ,7,U,Bandung,MBR-92937,SILVER,2026-03-03,BR-07,ACTIVE,2026-08-14T05:44:48+07:00
3a5c4dab-be5f-5f94-bbb8-1e376978e0ac,Tari Santoso,085703795667,tari.santoso@customer.test,1,F,Solo,MBR-64937,SILVER,2025-10-19,BR-14,ACTIVE,2026-09-16T15:26:22+07:00
639182e0-267e-5d48-ba81-efc9090383ed,Adi Putra,+62852-4633-1700,,2,U,Bandung,,BRONZE,2026-05-21,BR-18,ACTIVE,2026-06-29T08:21:46+07:00
d01d575f-30fe-534f-83eb-51de911fa95d,Dian Hidayat,+62807 9064 2483,dian.hidayat@customer.test,2,F,Jember,MBR-47845,BRONZE,2025-07-17,BR-03,ACTIVE,2026-09-06T20:23:02+07:00
d20ceb9f-671b-5662-84a9-885e10285c48,Sari Setiawan,+6284911413846,sari.setiawan.@inbox.id,7,M,Jember,MBR-50645,SILVER,2026-09-12,BR-05,ACTIVE,2025-09-20T21:23:20+07:00
9cb03730-16d6-5e9e-899f-122039176620,Agus Adinata,086182899011,agus.adinata146@mail.id,1,F,Depok,MBR-16643,BRONZE,2025-05-28,BR-09,ACTIVE,2025-08-13T11:52:35+07:00
60f737d1-4bf6-5b56-acd9-d7fc44538594,Eka Utami,+62894 2956 6340,eka.utami147@mail.id,3,M,Malang,MBR-75044,,2026-08-17,BR-18,ACTIVE,2026-08-18T16:20:55+07:00
37dc1070-b4bf-5d59-9d28-d4d36135fc1d,Indra Utami,+6289051252645,indra.utami.148@inbox.id,2,U,Malang,MBR-79777,,2026-07-02,BR-06,ACTIVE,2026-07-15T18:40:26+07:00
0ab2d9de-bc72-5073-8f55-b0bde3ec1092,Indra Putra,082374981774,indra.putra@example.id,12,U,Kulon Progo,MBR-72798,BRONZE,2026-04-06,BR-04,ACTIVE,2025-10-01T17:49:42+07:00
dda72993-7793-5eef-92e5-5decef65e568,Indra Hidayat,+62814 8008 2731,indra.hidayat150@example.id,6,F,Depok,,,2026-02-11,BR-02,ACTIVE,2026-03-04T22:06:15+07:00
f4fb1d11-6ad2-5612-93a5-4b77d31603af,Made Prasetyo,+62814 2823 2735,made.prasetyo.@inbox.id,4,U,Cirebon,MBR-78640,,2026-03-07,BR-20,ACTIVE,2025-10-03T04:04:28+07:00
b96eea20-345e-57c4-9aaf-fb68d291eb95,Lina Anggraini,+62861-2013-2370,lina.anggraini.@customer.test,6,M,Surabaya,MBR-82374,,2026-02-12,BR-20,ACTIVE,2025-04-02T11:41:38+07:00
8ec5767f-aa03-5ed0-b630-9d9dd7143208,Sari Setiawan,086826948180, sari.setiawan.@mail.id ,6,M,Klaten,MBR-51836,SILVER,2026-09-16,BR-09,ACTIVE,2025-12-12T16:40:28+07:00
d3e76d29-94be-59b2-9303-78d766e4ebcb,Intan Darmawan,+6280245264454,intan.darmawan154@inbox.id,7,U,Cirebon,MBR-47556,SILVER,2025-08-14,BR-18,CLOSED,2026-04-01T12:56:12+07:00
776c3429-3ad9-530a-afee-31462c19cf53,Sari Permata,0832-4860-0699,sari.permata.@example.id,1,F,Madiun,MBR-74801,SILVER,2025-06-14,BR-05,ACTIVE,2025-10-12T22:11:46+07:00
4b80bd86-63be-5034-abd1-565313e44e9a,Made Utami,+62884 6025 4526, made.utami156@customer.test ,12,M,Depok,MBR-61122,GOLD,2026-08-03,BR-01,CLOSED,2026-02-20T16:01:16+07:00
6bdb86f8-660a-5320-b8d3-5d170062696c,Intan Anggraini,+62818 1135 5767,,11,F,Kediri,,,2026-06-11,BR-04,CLOSED,2025-06-02T03:00:50+07:00
c6eb8b62-bbd0-50d8-8649-ff6975edb45d,Budi Anggraini,0894 1633 0938,budi.anggraini158@customer.test,7,M,Madiun,,PLATINUM,2025-05-29,BR-20,ACTIVE,2026-07-29T09:37:07+07:00
088e651b-7305-5b5c-8d0a-3da8f486d561,Nadia Utami,0828-0142-9923,nadia.utami.159@customer.test,3,F,Magelang,MBR-49969,GOLD,2025-05-13,BR-19,INACTIVE,2025-07-07T16:49:43+07:00
5b81435e-5a7c-5bcb-90a0-903a832e9410,Raka Anggraini,081063513625,raka.anggraini.@inbox.id,8,U,Malang,MBR-83624,BRONZE,2025-04-29,BR-18,ACTIVE,2025-11-02T08:58:30+07:00
478e2daf-ea56-5d28-a095-b505ba62beb3,Dewi Mahendra,+6284698915271, dewi.mahendra@mail.id ,12,F,Bekasi,MBR-84814,,2025-09-08,BR-05,ACTIVE,2025-08-19T01:28:50+07:00
835f7050-37b6-55a5-ae43-a19ba857c442,Raka Wijaya,0885-7146-4318,,3,U,Purworejo,MBR-54161,BRONZE,2025-05-26,BR-20,INACTIVE,2025-11-11T22:03:39+07:00
bd36f2e0-373d-5dcf-ba22-b53a75327d03,Made Santoso,081642224303,made.santoso.163@customer.test,9,U,Kediri,,BRONZE,2025-08-24,BR-16,ACTIVE,2026-08-15T08:55:16+07:00
95c2c5a6-79b6-5a3d-87a6-00b40b5bcafa,Raka Putra,0801 8422 0346,raka.putra164@mail.id,7,F,Surabaya,MBR-51415,,2025-08-04,BR-02,ACTIVE,2026-05-22T23:43:22+07:00
e41dc461-dc46-5282-9134-445e7513c435,Made Mahendra,088181363040,made.mahendra165@mail.id,1,U,Magelang,MBR-99351,,2026-04-10,BR-05,ACTIVE,2026-02-07T07:49:09+07:00
b8e6b511-202b-5ddc-902b-bdd42fa8b64f,Lina Kusuma,081965893323,lina.kusuma@example.id,2,F,Klaten,MBR-44811,,2025-08-18,BR-18,ACTIVE,2026-02-26T00:49:31+07:00
927fcf59-5a7b-5108-b882-3edcc729b514,Adi Putra,+62837-9550-6975,adi.putra@example.id,6,M,Madiun,MBR-72635,PLATINUM,2026-02-11,BR-01,ACTIVE,2025-04-28T18:03:42+07:00
ce738911-7638-5aba-8676-ccf03ddf9132,Lina Putri,+62849-3208-3942,lina.putri.@customer.test,9,F,Kediri,,SILVER,2025-08-18,BR-15,INACTIVE,2026-02-02T00:53:18+07:00
26620d7f-27c7-5678-8cde-0a619dc8b914,Intan Adinata,+6287384819455,intan.adinata169@inbox.id,3,F,Bandung,MBR-90103,PLATINUM,2026-09-09,BR-08,ACTIVE,2026-05-19T19:43:50+07:00
90d4bb78-dd0f-58fd-966c-514dd7c65b70,Intan Wulandari,083284891205,intan.wulandari.@mail.id,1,F,Purworejo,MBR-79103,,2026-01-13,BR-02,ACTIVE,2026-03-28T21:14:42+07:00
72769f68-3659-5bc2-84bd-d5d8f351c3f5,Fitri Anggraini,0807 2566 4897,fitri.anggraini.171@customer.test,3,U,Magelang,MBR-43969,,2025-09-29,BR-05,ACTIVE,2025-10-16T19:48:25+07:00
9e2e156f-b461-5dba-a379-078f30321af9,Agus Putri,089162184515,,11,U,Kediri,MBR-77497,BRONZE,2025-04-12,BR-09,ACTIVE,2025-08-16T11:34:26+07:00
372d41d4-91b8-5158-843c-1f287344d3e0,Lina Putri,+6285880389211,lina.putri173@customer.test,5,M,Bantul,MBR-54101,SILVER,2025-09-30,BR-05,INACTIVE,2025-06-20T17:44:24+07:00
4111bc6e-cad3-5173-b099-a245a7324585,Ayu Utami,087392934423,ayu.utami.@inbox.id,2,F,Jember,MBR-53882,BRONZE,2025-11-08,BR-11,INACTIVE,2025-06-22T10:13:12+07:00
de35e8b6-5043-5785-95d4-4e09355b1e74,Agus Wijaya,+62823-4191-3420, agus.wijaya.@example.id ,8,F,Solo,MBR-79509,GOLD,2025-10-28,BR-01,ACTIVE,2026-04-17T15:33:31+07:00
39b937df-7ff2-5ea6-a6dd-6c8a282e941a,Raka Utami,+62879-2305-0191, raka.utami.176@example.id ,2,U,Bantul,MBR-29084,,2025-05-02,BR-14,ACTIVE,2026-06-16T09:05:59+07:00
bb77b038-d5a0-59ad-b759-174d2eca149d,Tari Kusuma,0886-8616-8458,tari.kusuma.177@example.id,3,U,Purworejo,MBR-25822,GOLD,2025-12-12,BR-13,INACTIVE,2026-05-20T08:19:57+07:00
5180cb54-dbc5-5feb-a636-b9df82532fc0,Dewi Putra,0809 9620 7217,dewi.putra@customer.test,1,F,Bantul,MBR-20058,,2025-06-29,BR-07,ACTIVE,2026-01-25T16:16:01+07:00
261a0497-0bbc-5611-ac9a-24449c29bea8,Lina Utami,+62894-0110-8142,lina.utami@inbox.id,4,M,Jember,MBR-26328,,2025-08-05,BR-19,ACTIVE,2026-02-14T19:25:12+07:00
55ae0d41-b377-515d-833d-ee42eb10bafd,Intan Permata,085984114032,intan.permata@customer.test,2,M,Purworejo,MBR-69381,PLATINUM,2025-12-12,BR-08,ACTIVE,2025-07-07T14:25:41+07:00
cc85f20d-c052-5273-adc5-7fb7f4b321d3,Tari Hidayat,, tari.hidayat.181@inbox.id ,6,M,Klaten,,,2025-11-22,BR-04,ACTIVE,2025-04-24T22:14:46+07:00
1e755aba-586c-5f87-8316-595b76cefa11,Dian Hidayat,+6283305967906,dian.hidayat.182@mail.id,11,M,Bantul,MBR-82035,,2026-09-26,BR-08,CLOSED,2025-07-22T21:52:18+07:00
8cf228b4-a0e1-582b-b4d3-ad9e5faa08db,Hana Mahendra,0833 2935 5366,hana.mahendra183@customer.test,9,U,Gunungkidul,MBR-80959,PLATINUM,2025-12-28,BR-14,ACTIVE,2026-01-30T21:54:17+07:00
6111c80c-76f3-5f80-9d22-b46c45be5bab,Citra Anggraini,+62879 5079 8797, citra.anggraini@inbox.id ,2,M,Depok,,PLATINUM,2026-03-17,BR-14,ACTIVE,2026-02-04T17:51:09+07:00
a07cb45b-e710-58b5-8339-1525be0b7170,Ayu Prasetyo,084790287065,ayu.prasetyo.185@example.id,6,M,Madiun,MBR-10588,BRONZE,2025-06-08,BR-06,ACTIVE,2025-11-18T11:13:22+07:00
bca79dd6-646d-59b0-8402-415d89265629,Raka Utami,085306043649,,1,F,Cirebon,MBR-30966,BRONZE,2026-03-17,BR-18,ACTIVE,2025-11-30T13:10:05+07:00
e095d7b2-c2ee-5f88-b513-b1091dff4091,Indra Darmawan,,indra.darmawan.@customer.test,7,M,Magelang,MBR-55404,,2026-03-05,BR-10,ACTIVE,2025-04-23T12:07:50+07:00
a4ce7f0c-f1fc-5174-b3c9-bb5be37fa459,Raka Adinata,+6281986179738,raka.adinata188@customer.test,10,F,Bandung,MBR-55551,SILVER,2025-05-27,BR-05,ACTIVE,2025-11-07T21:21:24+07:00
02dc2fa3-a22c-5802-babc-200219aceeba,Budi Santoso,084936622123,budi.santoso189@inbox.id,3,F,Kediri,MBR-70058,BRONZE,2026-05-21,BR-08,ACTIVE,2026-07-03T14:32:10+07:00
858bd4a9-d0a0-5646-8d14-b7dc0f7e172d,Tari Prasetyo,+62881 4995 5549,tari.prasetyo.@customer.test,9,M,Purworejo,,PLATINUM,2026-08-10,BR-18,ACTIVE,2026-07-30T21:07:37+07:00
5113224b-337f-5d7c-881b-59497b812bed,Adi Santoso,+62814-0215-5356, adi.santoso191@mail.id ,5,U,Madiun,MBR-33613,SILVER,2026-05-05,BR-20,INACTIVE,2025-09-25T19:41:47+07:00
7805d0dd-f5c1-54a4-be1f-25e976a86f3b,Hana Putra,+6282664866840, hana.putra@mail.id ,5,F,Malang,,BRONZE,2026-05-24,BR-06,ACTIVE,2025-05-18T04:19:52+07:00
a4a7f595-2285-5547-ba21-2b3ca0fabe47,Lina Utami,+6289976427119,lina.utami@inbox.id,10,U,Magelang,MBR-63371,SILVER,2026-01-07,BR-16,ACTIVE,2026-06-23T15:21:05+07:00
5672ac86-0aa0-5a81-8249-c9f01ab58733,Hana Hidayat,087394460694,hana.hidayat@example.id,7,F,Cirebon,MBR-59163,SILVER,2026-08-17,BR-18,ACTIVE,2026-05-06T07:34:48+07:00
fc316c06-fc05-5343-a132-437d5211d019,Adi Permata,+6281005982553,adi.permata@mail.id,11,U,Malang,MBR-23417,,2026-06-19,BR-08,ACTIVE,2026-07-30T16:28:48+07:00
0db6d8a8-7250-5738-a244-7569c07bf70f,Intan Wulandari,080401894367,intan.wulandari196@mail.id,4,M,Semarang,MBR-50862,SILVER,2026-03-07,BR-20,ACTIVE,2025-07-30T20:05:12+07:00
a7dd592e-82cd-5412-9952-4f99eb614837,Eka Prasetyo,+62873 3834 8134,eka.prasetyo.@customer.test,9,M,Depok,MBR-40805,GOLD,2026-04-02,BR-06,INACTIVE,2025-09-24T08:24:15+07:00
bed3a204-5618-5b7f-9e34-aa2751195237,Sari Utami,080850057279,sari.utami.@example.id,9,F,Cirebon,MBR-99373,GOLD,2026-03-03,BR-10,ACTIVE,2026-06-21T21:56:04+07:00
2de3fdc6-c2ea-5097-8d49-ea2ac03190cf,Intan Setiawan,,intan.setiawan199@inbox.id,9,M,Depok,MBR-51280,GOLD,2025-12-23,BR-08,ACTIVE,2025-09-23T05:27:01+07:00
6b07fd3d-e839-5fc8-895a-d54613281634,Dewi Wulandari,084211033662, dewi.wulandari@mail.id ,3,U,Gunungkidul,MBR-67663,PLATINUM,2025-07-05,BR-05,ACTIVE,2025-10-13T18:36:34+07:00
ac2920ab-65d9-5cd5-b9c0-beef719e7391,Sari Wijaya,+62842-1103-3662,sari.wijaya.@mail.id,5,F,Sleman,MBR-61876,,2025-10-06,BR-03,ACTIVE,2025-05-09T11:15:47+07:00
00473e97-0866-5f9d-b9a9-d07a5535094d,Fitri Hidayat,+6281417096333,,6,F,Semarang,MBR-19924,PLATINUM,2026-08-02,BR-05,ACTIVE,2025-06-27T12:31:18+07:00
2bceceb6-5499-55de-b60b-f45072c87e0f,Nadia Santoso,086608707694,nadia.santoso203@customer.test,4,U,Magelang,MBR-76132,PLATINUM,2026-03-11,BR-10,CLOSED,2025-10-13T22:09:10+07:00
31568130-0e48-5404-a649-97025f13dfee,Intan Prasetyo,+62815 1070 0525,intan.prasetyo@mail.id,12,U,Madiun,MBR-83907,BRONZE,2026-01-03,BR-04,ACTIVE,2026-01-10T13:33:25+07:00
c18d9dfd-cbdc-54fe-8a48-fb5c4b363406,Hana Mahendra,0827 1125 2193, hana.mahendra205@inbox.id ,9,F,Klaten,MBR-49726,,2025-05-09,BR-16,ACTIVE,2025-12-13T02:14:30+07:00
c3167905-7bed-5e52-aa5c-a3406d4b768a,Citra Darmawan,+62849-3393-4470,citra.darmawan@inbox.id,12,M,Cirebon,MBR-96878,GOLD,2026-05-15,BR-07,ACTIVE,2025-10-30T21:38:53+07:00
3b23a782-1c80-5951-a0ee-fd2b318f4106,Adi Anggraini,088479431418,adi.anggraini207@customer.test,5,U,Solo,MBR-44174,BRONZE,2026-09-04,BR-14,ACTIVE,2026-07-25T08:14:24+07:00
78ada889-5dcc-51c5-8f66-9e9bf5f11ec5,Citra Putri,082957826898,,6,F,Sleman,MBR-78241,,2025-11-25,BR-05,ACTIVE,2026-08-16T21:40:07+07:00
4ed54c1c-de1b-5ab4-8eb9-3945e17a34b8,Made Hidayat,087121515614,made.hidayat@customer.test,9,U,Klaten,,PLATINUM,2026-01-18,BR-09,ACTIVE,2026-01-26T09:58:38+07:00
a753e1af-4e11-53a2-b229-af983223bed5,Ayu Prasetyo,+62820-2965-5669,ayu.prasetyo@example.id,6,M,Solo,MBR-54891,BRONZE,2026-01-21,BR-06,ACTIVE,2025-11-27T11:25:28+07:00
33026459-8346-52d0-a07b-d4bc889a986e,Lina Anggraini,+6281285004149,lina.anggraini@mail.id,6,U,Cirebon,MBR-23439,SILVER,2026-04-06,BR-13,ACTIVE,2025-06-30T00:58:18+07:00
1d295fd1-f7e5-53df-a728-d373f3a9b312,Citra Permata,+62854-6256-3164,citra.permata.212@example.id,9,U,Kulon Progo,,SILVER,2026-09-21,BR-05,ACTIVE,2026-02-24T22:51:25+07:00
88dc55e5-f35e-5276-882f-9b42f5188123,Intan Prasetyo,+6285410525308,intan.prasetyo@inbox.id,12,U,Kediri,MBR-63337,PLATINUM,2025-04-05,BR-05,ACTIVE,2025-09-28T05:09:13+07:00
d68593fc-17be-52e5-a1c3-8ed2c9edd97d,Raka Kusuma,+62832 9204 3559, raka.kusuma214@customer.test ,7,U,Purworejo,MBR-25457,SILVER,2026-02-17,BR-13,ACTIVE,2025-10-27T10:57:18+07:00
55334758-b948-5941-9aaf-fdfbe0c219b4,Lina Wijaya,0827-4661-0587,lina.wijaya@mail.id,6,F,Jember,MBR-58671,GOLD,2025-11-09,BR-16,ACTIVE,2025-11-14T13:45:06+07:00
783b9dd6-db94-5b0c-a2d3-454ad35bf6ed,Agus Hidayat,086462213879,agus.hidayat.216@example.id,12,M,Kulon Progo,MBR-83764,BRONZE,2025-06-15,BR-18,ACTIVE,2026-06-20T16:24:18+07:00
c90b01cc-faba-50dd-bfbd-7bf2b9a76a67,Lina Setiawan,+62841 2437 2035,lina.setiawan.217@customer.test,9,U,Yogyakarta,MBR-15916,,2026-07-06,BR-14,ACTIVE,2026-08-19T07:25:53+07:00
58f0a35f-2881-58bb-ad3f-bff27dcf9ab7,Intan Santoso,081962146889,intan.santoso.218@inbox.id,2,F,Madiun,,SILVER,2026-04-12,BR-11,ACTIVE,2025-10-09T13:23:58+07:00
04a6762c-b921-53f2-ac5d-f8937ed91939,Ayu Setiawan,+62866 3605 9674,ayu.setiawan.219@example.id,6,M,Solo,MBR-95527,PLATINUM,2026-02-18,BR-02,ACTIVE,2025-11-15T13:27:44+07:00
591a99e9-8f4c-5173-a1ee-85bf945bce57,Citra Anggraini,0860-6959-2036,citra.anggraini.@inbox.id,5,U,Kulon Progo,MBR-89603,BRONZE,2025-10-28,BR-14,ACTIVE,2026-07-18T01:54:08+07:00
7d637da7-0599-5a63-a8b7-dd663e4b735e,Sari Hidayat,+6282028424046,sari.hidayat221@example.id,2,M,Bantul,,GOLD,2025-09-18,BR-17,ACTIVE,2025-09-08T23:59:45+07:00
e8a7a71c-70b5-5ba4-83d0-463e33dd6cee,Intan Prasetyo,+6283096546192,intan.prasetyo.222@inbox.id,1,F,Kediri,MBR-81681,GOLD,2025-08-24,BR-10,ACTIVE,2025-06-22T02:36:58+07:00
d930a9ba-a031-58b7-9a46-820f3f17744a,Budi Wulandari,087825340680,budi.wulandari.@customer.test,8,F,Depok,,SILVER,2025-06-29,BR-03,ACTIVE,2025-07-31T20:44:58+07:00
5c83990a-64ac-54fa-b41d-d05f3fb44f38,Intan Darmawan,+6280224769608,,6,U,Malang,MBR-74729,,2026-09-11,BR-20,ACTIVE,2026-01-29T03:21:23+07:00
1ed2d7c0-dfbc-5cba-bb86-cf3bea8ccbed,Lina Santoso,083137487100,lina.santoso225@inbox.id,3,U,Depok,MBR-76425,BRONZE,2026-07-20,BR-03,ACTIVE,2025-05-03T12:48:23+07:00
9b135428-f8c8-59d4-876c-a5f412c189a6,Yuni Hidayat,0898-2891-3567,yuni.hidayat@example.id,11,U,Solo,MBR-68891,GOLD,2026-03-18,BR-11,ACTIVE,2026-06-25T05:49:01+07:00
71a32238-a504-5191-a63c-d48af50e6fb1,Hana Wulandari,+6283100224134,hana.wulandari@inbox.id,9,U,Magelang,,,2025-10-26,BR-10,ACTIVE,2025-10-24T16:35:42+07:00
9804206a-8325-5d24-89cc-0943bd0a13b8,Intan Setiawan,+62846-6319-2896,intan.setiawan.228@customer.test,4,M,Bekasi,,GOLD,2026-09-27,BR-16,ACTIVE,2025-08-15T23:39:31+07:00
fea69ce2-6ce3-5601-84bc-25929da316ed,Sari Adinata,+6281781167368,sari.adinata.229@mail.id,10,U,Sleman,,SILVER,2026-06-21,BR-19,ACTIVE,2025-04-24T17:37:29+07:00
23de8608-541b-55b3-b810-b5b484d9aefc,Agus Putra,0888 7725 9217, agus.putra230@inbox.id ,7,F,Solo,MBR-33525,GOLD,2026-05-11,BR-02,ACTIVE,2026-05-27T14:31:31+07:00
95d21826-864f-5004-aeb9-d489867837e6,Budi Utami,084325995858,,3,M,Yogyakarta,MBR-54084,PLATINUM,2025-08-09,BR-16,ACTIVE,2025-12-10T11:12:16+07:00
b97f0a82-a74e-52b9-81af-4ce1b3920d88,Nadia Putri,0836-5230-4407,nadia.putri@inbox.id,2,M,Yogyakarta,MBR-91563,BRONZE,2026-07-14,BR-17,ACTIVE,2025-11-23T11:07:00+07:00
f3ef6361-aec3-5e58-9c86-0b3bb48573e5,Nadia Anggraini,+62804-1405-3576,nadia.anggraini233@inbox.id,1,U,Jember,MBR-13008,GOLD,2026-08-06,BR-19,ACTIVE,2026-02-01T07:37:29+07:00
f085011b-eec0-5458-8989-2239544f23a9,Eka Wulandari,+62896-6215-9577,eka.wulandari.@inbox.id,11,U,Yogyakarta,MBR-89789,BRONZE,2025-08-16,BR-08,ACTIVE,2026-07-22T17:08:30+07:00
3d2416e3-26c1-5f4b-9764-1c3d581a2506,Ayu Wulandari,+6286179642244, ayu.wulandari.235@mail.id ,3,U,Madiun,MBR-49548,,2026-05-28,BR-19,ACTIVE,2026-02-08T23:28:46+07:00
2e6df0f8-acc7-5c20-a9a6-3098e17888cf,Dian Hidayat,+62879 3716 6341,dian.hidayat236@inbox.id,1,M,Jember,MBR-28557,BRONZE,2026-06-15,BR-17,ACTIVE,2026-03-05T02:45:23+07:00
f2a57479-8f57-52c0-b6af-7f90fd85bda2,Made Permata,0850 6784 4722,made.permata237@inbox.id,6,U,Bandung,MBR-92616,SILVER,2026-03-22,BR-05,ACTIVE,2026-09-05T07:01:35+07:00
bdde3ac6-54cd-527a-a5e6-970d48f44822,Wahyu Darmawan,+62827 5256 8357,wahyu.darmawan238@mail.id,10,F,Purworejo,,PLATINUM,2026-03-27,BR-06,ACTIVE,2026-07-06T17:54:04+07:00
ef940748-2f85-58c1-95c0-b9ec61764d40,Ayu Utami,+62846-9495-1307,ayu.utami239@customer.test,3,M,Jember,MBR-97268,,2025-06-08,BR-04,INACTIVE,2026-05-13T05:25:42+07:00
937a4204-4f41-5dbf-95fd-8f2311c00dd7,Dewi Permata,+6281266426336,,3,M,Madiun,,GOLD,2026-02-02,BR-10,ACTIVE,2025-06-20T04:23:37+07:00
f1c056d4-45d0-516d-8832-a723fd75caba,Fitri Wulandari,083495237618,fitri.wulandari@mail.id,2,M,Semarang,MBR-42754,SILVER,2025-11-16,BR-07,CLOSED,2026-07-20T03:01:38+07:00
0feff7ca-42dc-5264-b205-dd2167c1589f,Made Prasetyo,0890-1960-0866,made.prasetyo242@example.id,12,F,Cirebon,MBR-77977,BRONZE,2025-09-09,BR-19,INACTIVE,2026-03-20T05:48:29+07:00
f25450fd-0d3e-54e7-afbd-4a90b78708ec,Indra Putra,+62809-8519-4550, indra.putra.243@mail.id ,6,U,Semarang,MBR-68083,SILVER,2026-07-08,BR-04,ACTIVE,2025-07-25T03:00:03+07:00
17021e8d-0709-52b0-a9dd-e40581c24a39,Yuni Setiawan,083446591089,yuni.setiawan@mail.id,10,U,Kediri,MBR-21525,BRONZE,2026-09-20,BR-18,ACTIVE,2025-11-15T14:32:47+07:00
44394579-d5b4-59f2-ad05-65f3cdbaa8af,Budi Anggraini,0847 5200 9927,budi.anggraini.@customer.test,4,F,Solo,MBR-59458,,2026-06-29,BR-06,INACTIVE,2026-09-07T00:27:37+07:00
374d36be-b76b-56da-87d0-1ec8722be2d7,Yuni Santoso,+6286252258674,yuni.santoso@inbox.id,10,U,Magelang,MBR-59519,BRONZE,2026-02-20,BR-19,ACTIVE,2026-05-14T14:08:18+07:00
36667326-35de-5808-80ef-36da69472616,Citra Anggraini,+6289672222209,citra.anggraini247@mail.id,7,U,Yogyakarta,MBR-99485,,2026-01-05,BR-15,ACTIVE,2026-02-23T07:28:58+07:00
824fcae2-b354-5c97-8acc-f18040626135,Fitri Santoso,+62854-2083-2542, fitri.santoso.@inbox.id ,3,U,Kediri,,PLATINUM,2026-03-04,BR-08,ACTIVE,2026-05-12T17:39:37+07:00
583c3f80-e771-51af-92e9-8c10c5b44c76,Nadia Permata,0830 9617 8193,nadia.permata.249@inbox.id,5,M,Sleman,MBR-74329,SILVER,2025-05-11,BR-18,ACTIVE,2025-08-04T05:26:14+07:00
223b08fb-7f07-5f8d-a3b0-afffcb693284,Budi Santoso,,budi.santoso@inbox.id,2,F,Magelang,MBR-78273,,2026-01-07,BR-02,ACTIVE,2025-09-23T08:25:38+07:00
3155ff09-48d6-5c46-8db8-5df705496988,Citra Prasetyo,080954463398,citra.prasetyo251@customer.test,1,F,Bekasi,MBR-99393,,2025-04-11,BR-07,ACTIVE,2025-11-20T08:07:57+07:00
812f2cf4-1579-590d-98bf-6ba2fe2d2975,Wahyu Utami,0897 4637 1724, wahyu.utami.@customer.test ,8,M,Purworejo,MBR-41808,,2026-04-21,BR-12,ACTIVE,2025-10-28T15:09:57+07:00
ba51952c-2c32-52b1-8253-536f94d0a95e,Yuni Santoso,0800 3693 8167,,11,U,Bogor,MBR-97433,,2026-04-25,BR-13,ACTIVE,2025-08-20T11:44:37+07:00
2867985f-4737-5405-b19a-355a61476fa9,Tari Permata,089375504649,,7,F,Bogor,MBR-84460,PLATINUM,2025-10-12,BR-08,ACTIVE,2025-07-26T11:03:47+07:00
710027e0-3b6c-59c0-9d2f-c3e57658ec10,Budi Anggraini,+6286051653347,budi.anggraini.@customer.test,5,U,Yogyakarta,MBR-93162,,2026-03-02,BR-01,ACTIVE,2026-05-20T07:58:06+07:00
7cc0f8ed-7cc7-5d38-b113-70857739e328,Lina Putri,,,9,F,Yogyakarta,,,2026-04-30,BR-11,ACTIVE,2026-02-16T14:28:45+07:00
18465a59-9f58-532c-a032-0d9011759ff2,Citra Wulandari,+6280731155205,citra.wulandari.257@inbox.id,10,U,Malang,MBR-86734,GOLD,2026-06-02,BR-18,ACTIVE,2026-06-18T12:16:07+07:00
fff54677-cb11-51b1-875b-0a79f10941af,Dewi Adinata,085513478400, dewi.adinata.@inbox.id ,5,F,Cirebon,MBR-86949,BRONZE,2025-11-24,BR-04,ACTIVE,2026-03-12T21:22:25+07:00
36e519e3-4dfd-5795-8447-20c7b849c8b5,Sari Adinata,+6283394959317,sari.adinata.@mail.id,9,U,Kulon Progo,MBR-30202,SILVER,2026-09-24,BR-14,ACTIVE,2026-04-12T20:32:02+07:00
c3c96570-adc8-5d5b-b745-ed5a858cbba7,Tari Hidayat,,tari.hidayat260@customer.test,8,U,Solo,MBR-10041,GOLD,2026-09-17,BR-15,INACTIVE,2026-03-21T15:28:13+07:00
aa429171-df92-56d1-a873-dfa7ca814c9e,Dewi Darmawan,+62816 6619 5038,,12,M,Depok,MBR-29480,,2026-01-25,BR-09,ACTIVE,2026-02-13T11:32:18+07:00
2a9c8e55-cdf1-5922-b3c0-f3a00d681d22,Indra Permata,+62864 7298 3304,indra.permata.262@inbox.id,4,M,Jember,MBR-47586,BRONZE,2025-10-26,BR-19,ACTIVE,2026-06-20T17:12:59+07:00
94699ae7-2651-5cd9-a572-f73defe3e2bf,Raka Setiawan,084106132091,raka.setiawan.@example.id,7,F,Malang,MBR-68589,SILVER,2025-11-07,BR-14,ACTIVE,2025-05-12T17:39:51+07:00
3c9a1b23-e548-5097-bcd0-8b9da7f5bcd4,Wahyu Darmawan,0836 0511 4539, wahyu.darmawan.@inbox.id ,3,U,Purworejo,MBR-46818,BRONZE,2026-09-19,BR-20,ACTIVE,2025-08-26T02:19:54+07:00
07749edd-790b-5cc6-bb32-32cd97beac4a,Ayu Setiawan,+6284484222497,ayu.setiawan@mail.id,4,U,Yogyakarta,MBR-18459,PLATINUM,2025-04-19,BR-05,ACTIVE,2025-04-02T11:21:43+07:00
79c2430b-e5e8-5b11-be79-eceeb50ca27d,Citra Hidayat,0814-4393-7107, citra.hidayat266@inbox.id ,2,F,Bekasi,,BRONZE,2026-02-19,BR-03,ACTIVE,2025-10-23T22:44:51+07:00
c4c6b308-deca-5a94-8f0c-5a990ad124ea,Dian Wijaya,+62877-7695-8967,dian.wijaya@example.id,8,F,Surabaya,,,2025-08-08,BR-15,ACTIVE,2025-08-24T14:45:24+07:00
46e45668-8bc6-519f-ba75-9eed4b681d56,Lina Kusuma,088876262802, lina.kusuma@mail.id ,7,F,Yogyakarta,MBR-54076,BRONZE,2026-09-11,BR-19,ACTIVE,2026-04-27T17:24:52+07:00
893cbbd4-a193-5576-9a13-b51a0dcf0a8d,Budi Putri,084719980866,budi.putri.269@inbox.id,1,M,Kulon Progo,,PLATINUM,2026-03-11,BR-09,ACTIVE,2025-05-23T22:28:08+07:00
6f708cd3-c8a9-5cf2-88ef-c8993fb34f1a,Wahyu Anggraini,089478170240,wahyu.anggraini270@customer.test,9,U,Malang,MBR-58953,PLATINUM,2026-03-24,BR-12,CLOSED,2025-09-17T13:07:43+07:00
c4efb7a0-67ef-5013-b7dc-eac6e5044387,Budi Anggraini,+62884-2470-3132, budi.anggraini.271@mail.id ,4,U,Jember,MBR-22887,,2026-06-27,BR-19,INACTIVE,2025-06-10T18:48:57+07:00
8662a155-e275-5657-8928-5b7b37aef18e,Citra Adinata,+62806-6159-9328,citra.adinata@inbox.id,12,M,Sleman,MBR-56011,,2026-06-13,BR-11,ACTIVE,2026-05-07T01:43:34+07:00
b9d77204-3071-542a-9e4e-4fc1cbeef815,Dewi Hidayat,+62861-2290-5371,dewi.hidayat@mail.id,4,F,Klaten,MBR-87535,SILVER,2026-01-29,BR-11,ACTIVE,2025-08-27T08:25:42+07:00
c482af27-99df-5221-86ff-4dca696ddb76,Eka Santoso,081411602070,eka.santoso.@customer.test,8,M,Kediri,MBR-19646,PLATINUM,2025-05-12,BR-01,CLOSED,2025-12-01T20:52:36+07:00
aa19e3bf-08e7-5ec1-806d-1e518166cb98,Yuni Putri,0816 3288 5471, yuni.putri.@mail.id ,11,U,Cirebon,MBR-40079,SILVER,2025-04-21,BR-20,ACTIVE,2025-05-25T05:05:17+07:00
9183a4ff-7566-5999-a4b4-d48535ce73ad,Intan Anggraini,0871 4073 8487,intan.anggraini.276@inbox.id,2,M,Klaten,,PLATINUM,2025-07-31,BR-19,INACTIVE,2026-07-02T10:27:35+07:00
a8818de1-5cac-568c-a27f-514aba99e952,Yuni Putri,+6280880496404,yuni.putri.@inbox.id,2,F,Solo,MBR-75325,GOLD,2025-09-26,BR-13,ACTIVE,2025-12-15T04:03:51+07:00
7aa3c5fc-1b47-56d6-ab0a-604844f5fc34,Indra Putri,0826 5289 2410,indra.putri.@inbox.id,7,M,Bekasi,MBR-80065,BRONZE,2025-04-18,BR-05,ACTIVE,2026-01-23T01:46:29+07:00
062d6ffb-5c69-5bf4-a580-6777786161a9,Dian Anggraini,+6280831352465,dian.anggraini.@inbox.id,11,U,Sleman,MBR-10269,SILVER,2026-03-17,BR-01,ACTIVE,2025-04-05T04:48:59+07:00
2884542d-9a91-5c49-819c-520bddb26f3a,Yuni Hidayat,+6283583064843,yuni.hidayat@example.id,5,F,Purworejo,,PLATINUM,2026-05-18,BR-17,ACTIVE,2026-08-22T03:45:03+07:00
fd18e97c-e590-5479-be4c-eedaa1953726,Sari Kusuma,+62859-4578-2827,sari.kusuma.@mail.id,8,U,Yogyakarta,MBR-95848,GOLD,2025-07-12,BR-13,CLOSED,2026-09-05T15:34:19+07:00
28acd2bf-76b4-5331-a2d6-5095709203a8,Raka Wulandari,087159870385, raka.wulandari@mail.id ,2,F,Madiun,MBR-75487,,2025-12-05,BR-16,ACTIVE,2026-02-05T07:32:04+07:00
9fa0cfc8-740f-5337-95b3-5a33f089bd6e,Yuni Adinata,+6286340957877,yuni.adinata283@customer.test,1,M,Surabaya,MBR-81300,,2026-06-28,BR-03,ACTIVE,2026-01-04T02:27:25+07:00
678a2dd6-9924-59ae-ad03-8715291d1e66,Hana Hidayat,+62884-0697-9606,hana.hidayat.@example.id,11,M,Malang,MBR-44610,PLATINUM,2026-01-01,BR-17,ACTIVE,2025-09-12T09:53:02+07:00
2bef36f6-4a43-5eb3-a59f-03db901767d5,Hana Hidayat,087352690947,,4,F,Kulon Progo,MBR-77377,,2026-08-27,BR-20,ACTIVE,2026-02-11T00:55:30+07:00
25e52bf1-658b-5d16-88cb-8d2fd41dd71d,Citra Permata,+6280583311409,citra.permata286@mail.id,8,M,Solo,MBR-95622,PLATINUM,2026-01-22,BR-13,INACTIVE,2026-09-21T22:30:15+07:00
bd40f8e9-4fff-50a4-8e56-654638b6ecad,Hana Permata,+6285578979446,hana.permata287@mail.id,5,F,Madiun,MBR-88594,BRONZE,2025-07-08,BR-20,ACTIVE,2025-12-13T11:18:16+07:00
58c5e8e6-ed61-5aec-9272-0d5c645a0847,Intan Utami,081754129180,intan.utami@customer.test,4,F,Depok,MBR-28631,,2025-06-01,BR-16,ACTIVE,2026-08-18T19:42:32+07:00
bb6c4c8f-bc1c-58d1-b8f8-28c6597cb75c,Made Putri,+62830 0511 1159,made.putri@customer.test,1,M,Madiun,MBR-67315,GOLD,2025-09-19,BR-04,ACTIVE,2026-03-26T12:26:20+07:00
5a2b72d9-fc2a-5b24-9db9-ad2b7ae0e481,Adi Anggraini,+62860-0472-6799, adi.anggraini290@example.id ,2,U,Bandung,MBR-14285,GOLD,2026-09-07,BR-11,ACTIVE,2026-06-23T04:24:19+07:00
066f7bfa-12eb-5751-a9e6-656a7b83141e,Adi Utami,+62857-4819-3703,adi.utami.291@mail.id,6,F,Solo,,GOLD,2026-05-01,BR-09,ACTIVE,2025-09-14T09:29:56+07:00
177d0dec-f458-5816-88e5-81a4ab26ed7e,Fitri Setiawan,0883 9267 0949, fitri.setiawan.292@customer.test ,3,U,Bandung,,BRONZE,2026-06-27,BR-13,ACTIVE,2026-04-19T06:10:24+07:00
1dc4282b-d0d5-5598-a60a-e9ecb48febaf,Tari Santoso,0896 2760 9434, tari.santoso@mail.id ,11,F,Malang,MBR-75989,SILVER,2025-12-01,BR-05,INACTIVE,2025-06-08T00:26:13+07:00
bf8072bc-da34-59f5-b167-63e727475579,Dian Prasetyo,+6285342866293,dian.prasetyo.294@inbox.id,5,M,Surabaya,MBR-92122,BRONZE,2025-09-15,BR-07,ACTIVE,2026-05-14T02:30:07+07:00
5d73f09f-7701-5b04-a4b3-df7ce52525a1,Intan Anggraini,+62867 6684 4559,intan.anggraini@inbox.id,6,U,Kediri,MBR-11643,BRONZE,2026-07-22,BR-18,ACTIVE,2025-11-22T12:35:47+07:00
92d011ce-7be0-5f5d-8052-dccfb74c4984,Wahyu Adinata,080868330078, wahyu.adinata@mail.id ,9,U,Bekasi,MBR-69278,,2026-05-06,BR-01,INACTIVE,2026-07-18T02:47:35+07:00
a7fefcb9-09b9-506b-9fa3-dda3a573a2a9,Dian Anggraini,0883 9496 5338,dian.anggraini@example.id,9,U,Madiun,MBR-45870,SILVER,2026-08-17,BR-18,ACTIVE,2026-08-18T18:26:02+07:00
129ce75b-a418-51b4-9e7a-4137cc8b0917,Ayu Santoso,089790818248, ayu.santoso.298@mail.id ,5,U,Sleman,MBR-88383,SILVER,2026-05-11,BR-10,INACTIVE,2026-01-18T04:07:36+07:00
1d817aa7-c587-5e3f-8f3f-30143dbc70d8,Indra Utami,+6287121250622, indra.utami.299@inbox.id ,3,M,Madiun,MBR-71858,GOLD,2026-04-24,BR-06,INACTIVE,2025-12-12T20:20:22+07:00
cd956858-0cee-5f88-bf41-b8aff10c9939,Ayu Setiawan,0862-0804-9145,,9,U,Bantul,,SILVER,2026-04-17,BR-03,ACTIVE,2025-10-19T18:17:40+07:00
f4f506f2-50f2-5dd3-a0f1-14214894b3da,Agus Prasetyo,0805-3035-3371, agus.prasetyo.@customer.test ,3,M,Malang,MBR-81915,PLATINUM,2026-03-04,BR-06,ACTIVE,2026-06-08T18:24:30+07:00
dcddfbd7-5c1a-52b6-bf77-1c58acd42cfe,Indra Putri,088449571309,indra.putri.@example.id,6,F,Depok,MBR-32767,,2025-11-06,BR-15,INACTIVE,2025-05-02T22:03:43+07:00
e8334f77-aed1-539c-ac60-d1caa51906bb,Sari Permata,,sari.permata303@example.id,9,U,Bantul,MBR-81040,BRONZE,2025-08-26,BR-08,ACTIVE,2025-08-23T03:06:45+07:00
16775167-5957-5c77-bdce-28c3885e6cd1,Yuni Wijaya,+62897 7956 7902,yuni.wijaya.304@example.id,7,U,Bantul,,GOLD,2026-01-27,BR-14,ACTIVE,2026-05-20T09:35:30+07:00
738f013a-dad7-534f-8da0-a909933b8d2c,Dian Permata,+62815 7764 7626,dian.permata.305@mail.id,1,M,Bandung,MBR-74296,BRONZE,2025-05-11,BR-06,ACTIVE,2026-02-07T08:15:14+07:00
bf26568b-e911-5287-8753-e5f93a88c071,Tari Utami,+62870-3166-3484,tari.utami.306@customer.test,3,U,Jember,MBR-39602,GOLD,2025-04-20,BR-19,ACTIVE,2025-08-13T04:17:33+07:00
adee3d36-ce5a-58b3-873e-5d0c774f8eec,Ayu Prasetyo,087561358583,ayu.prasetyo307@inbox.id,3,F,Surabaya,MBR-86014,PLATINUM,2026-05-24,BR-17,ACTIVE,2025-04-24T14:17:45+07:00
9917ba3a-6fc1-5667-9871-60658e8262dc,Dian Wulandari,083786081582,dian.wulandari.@mail.id,4,F,Yogyakarta,,BRONZE,2026-09-25,BR-06,ACTIVE,2025-09-04T00:42:12+07:00
14f584b1-0a7a-52c9-b70d-2f71bbf34c8c,Yuni Putra,0860 0507 1321,yuni.putra309@mail.id,7,M,Solo,MBR-95405,SILVER,2026-04-27,BR-18,ACTIVE,2025-09-13T19:47:52+07:00
77e0582e-9bd7-5530-a58a-f9f2ac412351,Adi Permata,+62801 2061 8479, adi.permata.@inbox.id ,7,F,Bantul,,PLATINUM,2026-01-28,BR-17,ACTIVE,2026-07-03T07:30:23+07:00
7a563d99-ea8a-583d-a265-d1228e634154,Sari Darmawan,+62820 1390 5168, sari.darmawan.@example.id ,12,F,Yogyakarta,MBR-22137,,2025-08-25,BR-05,INACTIVE,2025-12-05T22:12:58+07:00
cfa05150-0161-5331-8a0b-c233a7f46972,Tari Darmawan,086886808536,,2,U,Yogyakarta,MBR-28156,BRONZE,2026-08-22,BR-01,ACTIVE,2026-05-01T15:11:46+07:00
4f2fdd16-f9b4-5d2e-b8fe-8c1e9397d161,Agus Setiawan,+62836 0423 5055,agus.setiawan313@example.id,5,M,Bandung,MBR-83399,PLATINUM,2026-03-14,BR-07,ACTIVE,2025-11-13T12:30:51+07:00
35c9aeb3-a854-5543-b00b-d2ad6285c321,Hana Wijaya,+6289581581534,hana.wijaya.@example.id,1,F,Cirebon,,BRONZE,2026-06-19,BR-07,ACTIVE,2025-10-02T06:19:18+07:00
207ad130-28fd-5b04-8c11-76cda04eb7cf,Tari Wulandari,+62868-4265-5631,tari.wulandari@example.id,12,F,Semarang,MBR-71297,,2025-07-22,BR-13,ACTIVE,2026-07-03T00:25:29+07:00
679fd8e3-a2a7-586a-b3b0-a8d0f44a151c,Tari Anggraini,084573017636, tari.anggraini@inbox.id ,9,M,Madiun,,BRONZE,2025-09-18,BR-18,ACTIVE,2026-02-22T20:12:31+07:00
b1f80e72-0190-5f6e-9b54-4d43988dfdbb,Lina Hidayat,+62860 3081 5263,lina.hidayat317@inbox.id,12,F,Bekasi,MBR-92362,PLATINUM,2026-07-27,BR-05,INACTIVE,2026-09-15T10:57:29+07:00
5d9da359-d5d0-5c0c-946a-262c975b0c86,Intan Kusuma,082467245061,intan.kusuma.@example.id,8,M,Malang,,BRONZE,2026-07-20,BR-17,ACTIVE,2025-09-24T23:42:03+07:00
d0eb14b2-df19-52af-bf7f-c811713fd5a7,Agus Prasetyo,+6287301397416, agus.prasetyo.@inbox.id ,1,U,Bekasi,MBR-17453,BRONZE,2026-02-23,BR-01,ACTIVE,2025-08-18T01:38:22+07:00
880c16b9-7c62-5ab5-af79-7e522755607a,Lina Permata,0857 4965 9422,lina.permata.320@example.id,1,F,Bogor,MBR-88875,SILVER,2026-01-04,BR-03,ACTIVE,2025-08-31T21:29:42+07:00
ea9635b6-8ddb-5b8c-9005-1a3e13d3ca34,Budi Putri,, budi.putri@mail.id ,9,M,Bekasi,MBR-67010,GOLD,2026-08-23,BR-07,ACTIVE,2026-07-07T21:04:38+07:00
470e09c9-5679-56e3-9404-6c8ba3daea74,Citra Kusuma,083068786772,citra.kusuma@mail.id,10,F,Sleman,MBR-68501,GOLD,2025-10-31,BR-12,ACTIVE,2025-12-12T02:19:03+07:00
61f0b98e-358c-5d2e-81cd-e3395d63309f,Wahyu Santoso,+6286100740563, wahyu.santoso@example.id ,7,M,Kediri,MBR-68447,SILVER,2025-06-23,BR-06,ACTIVE,2025-05-13T23:47:36+07:00
a1ac501e-80f9-5361-aaa4-9d2333355c36,Hana Adinata,+62833-6981-5227,hana.adinata324@mail.id,12,U,Malang,MBR-48947,BRONZE,2025-06-14,BR-15,ACTIVE,2026-03-19T17:55:23+07:00
c629321c-4383-5a1e-b04e-87efff30f166,Dian Putri,083953865099,dian.putri.@example.id,6,U,Semarang,MBR-12913,SILVER,2026-05-14,BR-04,ACTIVE,2026-01-30T08:53:57+07:00
c59d2da4-fbe1-568c-94a9-bb520798c172,Tari Darmawan,+6280407662792,tari.darmawan.@inbox.id,10,M,Depok,MBR-40852,GOLD,2026-03-10,BR-05,ACTIVE,2025-10-19T21:34:19+07:00
b29783e4-8408-5a26-90e0-600983ac64ee,Hana Utami,+62887-5711-9781,hana.utami327@example.id,1,U,Magelang,,BRONZE,2026-02-09,BR-11,ACTIVE,2025-04-22T03:18:54+07:00
c9f873a1-15c4-59d7-b8fb-0c63d17bcaff,Dian Adinata,+6287610511958,dian.adinata@mail.id,4,U,Madiun,MBR-28313,,2025-08-10,BR-20,ACTIVE,2025-04-07T02:55:57+07:00
8aee36a5-8fae-5ea9-9825-6c4f6e54aea9,Indra Prasetyo,0832 2484 0538,indra.prasetyo.329@mail.id,3,M,Depok,MBR-41829,GOLD,2026-04-10,BR-02,INACTIVE,2026-09-14T17:12:11+07:00
54cf4d83-224e-5b54-b294-b45468f17324,Wahyu Santoso,+62839 8850 0975,wahyu.santoso330@inbox.id,8,U,Magelang,MBR-37738,,2026-07-08,BR-11,ACTIVE,2026-05-31T08:54:05+07:00
a5ee261b-584a-5bc0-9881-e880c62734f0,Tari Permata,082173107056,tari.permata.331@inbox.id,9,F,Surabaya,MBR-29288,GOLD,2025-09-04,BR-05,ACTIVE,2026-09-23T16:51:07+07:00
7a51ba3c-10c0-5657-ba64-57b1e0cb788b,Fitri Mahendra,+62844-9314-1252,fitri.mahendra.@customer.test,10,M,Magelang,MBR-94476,GOLD,2025-08-15,BR-14,ACTIVE,2025-04-07T05:35:13+07:00
5ff7f113-2120-51f8-b24b-aed7ce1d3a6a,Hana Putra,+62839 7148 0953,hana.putra.@inbox.id,7,M,Bandung,MBR-49459,GOLD,2026-08-16,BR-03,CLOSED,2026-08-09T13:35:33+07:00
0c471bd8-2cc1-5888-a934-6c6aca01d8ad,Adi Wijaya,+6285276795781,adi.wijaya334@mail.id,6,F,Malang,MBR-10297,GOLD,2025-06-14,BR-14,INACTIVE,2026-04-22T22:55:12+07:00
e5eebc0e-f5f0-52fd-97e4-6db9add11da5,Lina Hidayat,+6286517069186,,1,M,Kulon Progo,MBR-64874,GOLD,2025-04-29,BR-17,ACTIVE,2026-07-15T17:21:58+07:00
0b1c1a88-b8d3-5efc-983b-ffd6aedce8e7,Ayu Darmawan,0858-4962-1609,ayu.darmawan.336@example.id,4,M,Gunungkidul,MBR-76465,BRONZE,2026-06-23,BR-05,ACTIVE,2026-01-29T18:23:36+07:00
e4d1db54-8bf1-50bd-b7e3-964d5ac5d5b4,Ayu Hidayat,+6286018721653, ayu.hidayat.337@mail.id ,11,M,Yogyakarta,MBR-16327,BRONZE,2025-05-15,BR-04,ACTIVE,2025-11-29T02:14:49+07:00
1cd672f0-54de-5879-b10c-ffd7450814c9,Eka Mahendra,0899-9234-5150,eka.mahendra.@inbox.id,11,U,Semarang,MBR-75807,GOLD,2025-06-21,BR-02,ACTIVE,2025-05-20T23:11:44+07:00
a684b129-64dc-5a84-b906-42cf5c0887c5,Dewi Hidayat,,dewi.hidayat.@inbox.id,8,M,Kediri,MBR-42255,,2026-07-10,BR-12,ACTIVE,2025-04-02T07:36:50+07:00
8101c5ca-0a61-52a1-aeac-416fbe7e4e93,Lina Mahendra,+6284493409614,lina.mahendra@inbox.id,3,F,Malang,MBR-87024,BRONZE,2026-04-23,BR-04,ACTIVE,2026-01-30T03:39:59+07:00
0d0c02fc-d782-54f2-9014-3598db5fcdad,Yuni Wulandari,+6284238953870,yuni.wulandari.@example.id,1,F,Kulon Progo,MBR-15467,,2026-06-08,BR-16,ACTIVE,2025-08-11T12:18:57+07:00
e1a51fce-7bd4-5b9a-8e5c-e36359da78b9,Agus Prasetyo,+6280045821024,agus.prasetyo@example.id,8,F,Bekasi,MBR-18122,PLATINUM,2026-08-12,BR-10,ACTIVE,2025-10-21T20:36:08+07:00
45c2d231-0c92-5ab9-acea-cc456af44c96,Agus Adinata,0881 0174 1057,agus.adinata@inbox.id,1,M,Klaten,MBR-64931,SILVER,2025-11-17,BR-04,ACTIVE,2025-11-09T09:28:32+07:00
5089e8ff-b6f7-5cbd-918d-fd4dfa726b51,Ayu Wijaya,+6285590207740,ayu.wijaya.344@example.id,6,U,Bandung,MBR-56021,PLATINUM,2025-11-02,BR-10,ACTIVE,2026-07-18T02:27:16+07:00
f08e0bd6-0aaf-5595-a2e5-b2c6473c2f67,Ayu Mahendra,,ayu.mahendra345@example.id,9,M,Kediri,MBR-12862,BRONZE,2025-04-11,BR-09,ACTIVE,2026-09-19T15:52:41+07:00
04588889-a1db-5dfc-8a6b-cbd511ba326a,Lina Putra,,lina.putra@inbox.id,3,F,Cirebon,,SILVER,2025-06-17,BR-06,ACTIVE,2025-09-09T15:53:49+07:00
22789b45-a3dd-5a42-9100-83c9e92921a2,Dewi Darmawan,085596570199,dewi.darmawan347@customer.test,11,F,Kulon Progo,MBR-98500,BRONZE,2025-06-21,BR-05,ACTIVE,2026-07-11T09:22:00+07:00
707df2ca-ca0d-5950-a624-e6417eb6f91b,Sari Prasetyo,+62814 7614 9994,sari.prasetyo348@mail.id,12,M,Gunungkidul,MBR-90979,PLATINUM,2026-04-11,BR-14,ACTIVE,2026-09-26T00:52:07+07:00
45d35c0b-118a-51fa-a01e-6e039b2aba99,Hana Wulandari,0826-8674-7690,hana.wulandari.@example.id,11,F,Bantul,,GOLD,2026-08-24,BR-11,ACTIVE,2026-02-25T05:02:50+07:00
adcb0d41-ad32-5b79-8660-dc21878b0e1a,Citra Setiawan,+62841 3400 9367,citra.setiawan.@mail.id,4,M,Malang,MBR-26211,,2026-02-14,BR-10,INACTIVE,2026-09-14T21:23:16+07:00
799d1caf-bab9-5547-984d-d185906d3335,Citra Putri,0839-3296-6200,citra.putri.@mail.id,2,U,Cirebon,MBR-34996,BRONZE,2025-09-03,BR-16,ACTIVE,2025-12-11T07:22:41+07:00
5a0abaff-fe79-59fb-b1c9-8fd8e2f972e4,Dian Prasetyo,087218470970,dian.prasetyo@inbox.id,5,U,Semarang,,BRONZE,2025-12-15,BR-02,ACTIVE,2025-08-24T17:43:16+07:00
1c880c27-62cb-5a5f-a719-d9ca5d0e054c,Eka Hidayat,087243280963,eka.hidayat.@customer.test,12,F,Gunungkidul,MBR-82993,BRONZE,2026-02-10,BR-11,ACTIVE,2025-09-16T11:33:09+07:00
6644be81-a691-5c96-bc2c-cf781bc74b90,Citra Utami,0852-8387-6574,citra.utami354@mail.id,6,U,Yogyakarta,,,2025-05-08,BR-12,ACTIVE,2025-08-10T08:37:25+07:00
cddaea6f-84e5-570b-8393-95fdb39f943d,Yuni Mahendra,+62855 2638 5053,yuni.mahendra355@customer.test,2,U,Bandung,MBR-21119,,2025-07-23,BR-08,ACTIVE,2026-05-31T06:17:25+07:00
6b0c3777-8b92-5978-943b-e3371cbf5685,Indra Darmawan,+62828 6779 8766, indra.darmawan356@example.id ,4,F,Cirebon,MBR-97066,PLATINUM,2025-06-22,BR-11,ACTIVE,2026-08-20T00:11:59+07:00
8e06241e-99a1-5ce6-9023-764fc8052dda,Budi Utami,0802-7086-1994,budi.utami.@example.id,11,U,Malang,MBR-26044,PLATINUM,2026-07-15,BR-10,ACTIVE,2025-06-28T06:49:08+07:00
32a1c335-002f-5b02-b834-b8b1294c8aa5,Agus Utami,+62817 7591 9537,agus.utami@customer.test,11,U,Yogyakarta,MBR-18410,GOLD,2025-05-06,BR-11,ACTIVE,2026-08-10T19:28:04+07:00
3da02e98-67bd-504b-a752-140a10080bae,Ayu Putri,0839 6099 0917,ayu.putri359@customer.test,1,M,Madiun,MBR-60238,SILVER,2026-01-28,BR-14,INACTIVE,2026-08-31T16:32:34+07:00
28ffa3ee-aade-514e-a552-880298ffbca3,Nadia Hidayat,+62838 1327 2216,,11,U,Kediri,MBR-90276,SILVER,2025-12-15,BR-15,ACTIVE,2025-07-21T06:17:15+07:00
0d0fff3a-9a3d-572f-95e9-bcf1e152475d,Indra Setiawan,+62842-7784-7625,,8,F,Purworejo,MBR-68649,BRONZE,2026-04-05,BR-04,ACTIVE,2025-05-27T05:32:47+07:00
fa028c04-8790-54b6-9c48-567cb5586134,Made Utami,+62845-4757-3561,made.utami.362@inbox.id,1,F,Yogyakarta,MBR-19106,GOLD,2025-10-08,BR-05,ACTIVE,2025-06-09T12:56:09+07:00
b7c1db71-8bae-54e8-88a6-1ac75b6c60f1,Intan Darmawan,082869960701,intan.darmawan@mail.id,4,M,Kediri,,SILVER,2026-03-10,BR-01,ACTIVE,2025-10-05T10:25:04+07:00
31081f10-f916-5ab9-ae7c-3620d3de6bf5,Tari Kusuma,+62820 6264 9536,tari.kusuma364@customer.test,6,U,Jember,MBR-38952,GOLD,2026-06-28,BR-01,ACTIVE,2026-07-26T12:21:18+07:00
1664cc47-6d02-5beb-a6f6-0e6cb578993b,Dian Mahendra,,dian.mahendra.365@inbox.id,4,M,Malang,,PLATINUM,2025-06-22,BR-20,ACTIVE,2026-03-15T09:37:38+07:00
85805488-642c-5490-a094-2f7777592b76,Agus Setiawan,+6286525128052,,9,F,Bandung,MBR-21248,,2025-04-22,BR-13,ACTIVE,2025-05-02T17:51:56+07:00
379c5d5b-0ee5-5c44-80c1-30ad272ec410,Ayu Kusuma,+62874-6924-1261,ayu.kusuma.367@mail.id,3,M,Kediri,MBR-21047,PLATINUM,2026-09-18,BR-10,ACTIVE,2026-07-10T09:43:12+07:00
d822791f-e881-5379-9ded-81a6b3035e12,Raka Wijaya,+6281437851201, raka.wijaya.@example.id ,7,F,Depok,,GOLD,2026-06-10,BR-12,ACTIVE,2026-03-22T02:02:48+07:00
67eda45f-7cfc-5b03-a359-1d59d0474636,Lina Adinata,0815-8037-3504,lina.adinata.@customer.test,12,F,Sleman,MBR-32633,GOLD,2026-01-07,BR-19,ACTIVE,2025-11-30T14:40:27+07:00
6c676ad2-c37d-5588-ada6-be54054bffc4,Fitri Permata,082966398708,fitri.permata370@inbox.id,11,M,Bandung,MBR-73691,SILVER,2025-05-14,BR-07,INACTIVE,2026-03-04T06:28:21+07:00
efb40292-23c7-5c36-bc56-899375ff8e0b,Agus Darmawan,+62835 5554 9193,agus.darmawan.371@example.id,10,F,Klaten,MBR-74377,SILVER,2026-03-20,BR-04,ACTIVE,2025-09-29T07:01:13+07:00
95fc3a30-6ce2-5483-9a44-2d7584ffcecc,Nadia Anggraini,+6288629891431,nadia.anggraini.372@customer.test,6,U,Bogor,MBR-38477,BRONZE,2026-09-20,BR-03,ACTIVE,2025-12-14T23:24:35+07:00
e4d50b9d-c795-5865-9485-6f20117b687c,Yuni Wijaya,+6283993248225,yuni.wijaya373@customer.test,12,F,Gunungkidul,MBR-56222,GOLD,2025-06-16,BR-01,ACTIVE,2025-06-01T03:10:36+07:00
70486ce0-4200-5922-82c9-e4235be7efc3,Lina Putri,+62841 8525 3973,lina.putri@inbox.id,12,U,Depok,MBR-62339,GOLD,2026-02-08,BR-16,ACTIVE,2026-06-27T17:24:10+07:00
de5a19f6-3486-52ea-9d52-b1ddb4af1b7a,Ayu Putra,084140160967,ayu.putra.375@example.id,9,U,Madiun,MBR-61802,,2026-07-27,BR-10,ACTIVE,2025-10-08T03:45:24+07:00
6adeb0e8-ff0e-5391-8987-86aa541c78f3,Lina Anggraini,,lina.anggraini376@example.id,6,F,Bantul,,SILVER,2026-06-08,BR-11,ACTIVE,2026-01-14T00:45:55+07:00
4483442e-c5d0-5d9a-a5dd-e7271c8cdc08,Fitri Hidayat,+6287069903507, fitri.hidayat@inbox.id ,4,M,Kulon Progo,MBR-68222,GOLD,2025-09-11,BR-10,ACTIVE,2026-05-13T07:01:29+07:00
fbaeff4d-0949-5716-85b1-67f7ee7c65f5,Yuni Darmawan,+62836-7620-1166,yuni.darmawan@customer.test,1,F,Yogyakarta,MBR-10675,,2026-09-08,BR-02,ACTIVE,2025-10-06T12:23:05+07:00
ab47ca38-ec28-5259-9fc9-0478a5fb5a8a,Dewi Putra,0828 1944 5127,dewi.putra.@mail.id,8,M,Bogor,,PLATINUM,2025-04-15,BR-13,ACTIVE,2026-01-11T06:09:19+07:00
73e2974a-3bbc-5963-9c11-a523a774a1c0,Yuni Kusuma,081487847912, yuni.kusuma.380@mail.id ,9,M,Bogor,MBR-59920,SILVER,2025-10-02,BR-13,ACTIVE,2025-12-27T05:35:06+07:00
870bd341-1b6e-56d1-8ec7-706db46986c5,Ayu Mahendra,,ayu.mahendra.@example.id,7,U,Gunungkidul,MBR-25517,SILVER,2025-11-08,BR-04,CLOSED,2025-09-03T04:58:27+07:00
9e3e3048-642c-5bd0-aeb4-a598cf3674c2,Hana Santoso,+6288323859760,hana.santoso.@customer.test,3,F,Bantul,MBR-87943,GOLD,2025-11-06,BR-16,ACTIVE,2026-02-21T18:10:17+07:00
0586883a-7810-5d40-91ae-609e419882c6,Dian Utami,+62844 9643 1584,dian.utami.383@example.id,4,U,Bekasi,MBR-43194,BRONZE,2026-04-30,BR-03,ACTIVE,2026-03-04T12:39:31+07:00
50b3ee35-f677-528b-afdd-16ae2405dd54,Made Darmawan,0858 3405 1560,,6,F,Klaten,MBR-90158,BRONZE,2026-03-16,BR-10,ACTIVE,2026-05-19T23:20:51+07:00
bf8d514f-dee4-514f-9ce2-6c237c1f7dcb,Dewi Putri,+6281754731949,,3,F,Solo,MBR-67209,GOLD,2025-10-15,BR-15,ACTIVE,2026-06-07T01:40:28+07:00
8c2997b6-f2ad-5246-b2f9-23b5d3391919,Intan Prasetyo,+6280196929750,intan.prasetyo@example.id,5,F,Jember,MBR-71314,GOLD,2026-02-01,BR-20,ACTIVE,2025-05-04T13:46:22+07:00
95eef32f-2af2-59f7-b9db-2bae739e7d91,Agus Anggraini,+6284977482735,,6,M,Bandung,MBR-96171,GOLD,2026-08-27,BR-14,ACTIVE,2026-05-22T04:54:51+07:00
b80ff1a8-f504-58f5-b377-4bfec48ffdf8,Citra Prasetyo,0805 4676 7610,citra.prasetyo.388@example.id,11,U,Bekasi,MBR-60332,SILVER,2026-04-19,BR-06,INACTIVE,2025-12-26T17:34:20+07:00
d127cb2b-223f-57ee-a79b-6b967779e833,Dian Hidayat,0807 7497 6843,dian.hidayat389@inbox.id,1,M,Madiun,,SILVER,2026-01-08,BR-01,ACTIVE,2026-06-21T00:09:25+07:00
7bb717dd-5439-50ba-9c1b-c9fbcc30fdfe,Nadia Permata,0841-7171-5152,,9,F,Cirebon,MBR-86523,BRONZE,2026-05-02,BR-09,INACTIVE,2026-04-21T09:11:20+07:00
8dbabd3e-4a2d-505f-9abf-2001e2546905,Intan Putra,088071559622,,2,M,Bandung,,SILVER,2026-02-15,BR-02,ACTIVE,2026-04-14T22:29:04+07:00
ccbf845e-8fba-5e78-94ee-78d52e8cc276,Hana Kusuma,+62831-1131-5301,hana.kusuma.392@mail.id,11,M,Yogyakarta,MBR-45365,GOLD,2026-01-14,BR-05,ACTIVE,2025-04-16T14:03:58+07:00
f70029b7-0c59-5cdc-8b04-8df867c08e52,Hana Kusuma,086957769493,hana.kusuma.393@customer.test,6,F,Magelang,,PLATINUM,2026-01-05,BR-04,CLOSED,2025-04-25T00:22:45+07:00
7bfa3957-30ec-57cc-ae07-bb371d3695a2,Adi Prasetyo,0814-3647-4192,,10,M,Yogyakarta,MBR-35736,BRONZE,2025-08-20,BR-06,ACTIVE,2026-04-06T16:22:23+07:00
e4399130-a676-5211-abac-e0970b16d19e,Fitri Wijaya,,fitri.wijaya.395@example.id,11,U,Klaten,,BRONZE,2026-03-05,BR-18,ACTIVE,2026-04-14T01:21:59+07:00
590fc6cd-896c-5b8b-9073-5e3b48783b6e,Intan Adinata,0802-1905-0086,,1,F,Jember,MBR-55225,GOLD,2026-09-14,BR-19,ACTIVE,2025-11-01T23:12:44+07:00
a0f312a7-d168-5135-93b9-27026fe0e9ae,Budi Darmawan,0863 4671 5621,budi.darmawan@inbox.id,12,F,Purworejo,MBR-10295,PLATINUM,2025-08-28,BR-13,ACTIVE,2025-06-14T11:01:01+07:00
925c70a2-51cd-5674-a6ee-751e5a677e84,Fitri Putri,0855-3055-0297, fitri.putri.398@inbox.id ,11,F,Bandung,,BRONZE,2025-08-13,BR-03,ACTIVE,2025-11-28T21:38:59+07:00
3bb570e7-3ac1-5b01-80a0-4b261d05e06b,Citra Anggraini,0871-9908-6110,,3,F,Purworejo,MBR-69507,PLATINUM,2025-08-29,BR-14,ACTIVE,2026-04-27T07:23:09+07:00
3c930d1d-a8b3-5cb4-9303-7ee3e4496acf,Indra Putri,+62899 2968 6172,indra.putri@example.id,8,M,Depok,MBR-47834,SILVER,2026-03-04,BR-12,ACTIVE,2025-06-13T00:28:48+07:00
553d39ba-1921-582f-a066-64a7e41d0f34,Intan Setiawan,085570138790,intan.setiawan@inbox.id,6,F,Malang,MBR-31039,PLATINUM,2026-07-03,BR-01,ACTIVE,2026-08-09T19:25:05+07:00
08a91470-97f8-55fa-8ebf-059528348cf7,Agus Putri,,agus.putri.402@customer.test,5,M,Semarang,MBR-41558,GOLD,2025-08-09,BR-07,ACTIVE,2025-06-25T09:11:10+07:00
4b675cb0-8685-53c5-8a30-8b70e9f551d9,Indra Wulandari,080959605283,indra.wulandari@inbox.id,4,F,Semarang,MBR-58629,,2026-04-30,BR-19,ACTIVE,2026-02-04T18:54:57+07:00
e59b5e00-3f25-5015-99e8-68d260d3f43c,Indra Darmawan,+62813 1455 6992,indra.darmawan@mail.id,2,M,Kulon Progo,MBR-46834,BRONZE,2026-04-17,BR-12,INACTIVE,2026-02-18T17:52:21+07:00
3b21f4c7-3980-5040-9001-d9daaf490722,Tari Adinata,+62820 7587 3177,tari.adinata.405@inbox.id,7,M,Klaten,MBR-70770,BRONZE,2026-05-08,BR-10,ACTIVE,2026-04-28T04:37:59+07:00
59d6a7d2-b963-5075-9d7a-6ee9d520c440,Raka Utami,+62827-8189-0180,,8,F,Sleman,MBR-62457,PLATINUM,2025-07-18,BR-02,ACTIVE,2026-06-24T13:01:14+07:00
536a2feb-7856-50ff-b925-dfe79cf2607e,Citra Putri,+62891-8763-4296,,8,U,Depok,MBR-76544,,2025-04-06,BR-13,ACTIVE,2025-05-31T06:27:24+07:00
02036beb-0132-5f7f-8867-269bb31d4ae2,Indra Hidayat,+6281674540309, indra.hidayat.@example.id ,10,U,Malang,MBR-35758,GOLD,2025-04-10,BR-20,INACTIVE,2026-07-03T20:10:50+07:00
96144f5c-919c-5b29-a5a1-d6e60ec44bfe,Intan Setiawan,086179017826,intan.setiawan409@example.id,9,M,Bekasi,MBR-27022,GOLD,2025-05-25,BR-09,ACTIVE,2025-11-06T02:29:46+07:00
d28e4169-318d-5863-a1a9-0e15b684f966,Wahyu Anggraini,083122496007, wahyu.anggraini@example.id ,7,F,Bandung,MBR-20224,PLATINUM,2026-02-25,BR-17,ACTIVE,2025-12-10T21:09:31+07:00
4aa41a35-c7f1-56fe-9e6a-16822e769a0e,Lina Setiawan,084180574280,lina.setiawan411@inbox.id,7,M,Bekasi,,GOLD,2025-08-08,BR-17,ACTIVE,2026-04-23T15:25:28+07:00
972b185d-837b-5acf-a193-4cc49490e623,Agus Santoso,0884 4236 9406,agus.santoso.@mail.id,8,U,Magelang,MBR-82955,SILVER,2026-03-24,BR-01,ACTIVE,2026-07-14T02:44:49+07:00
e5586292-ba7d-598c-8dca-5f80e6666965,Sari Hidayat,+6283139885436,sari.hidayat.@mail.id,5,U,Jember,MBR-27433,,2026-08-23,BR-02,ACTIVE,2026-07-12T08:43:11+07:00
e5f70548-9920-54a0-9fbe-529464f2a487,Dewi Putra,+6282310445868,dewi.putra.414@inbox.id,2,M,Bantul,MBR-86799,SILVER,2025-06-21,BR-14,CLOSED,2026-03-15T20:19:05+07:00
0d83403f-3fd5-596b-aef9-ea318bd8f711,Made Setiawan,0887 9202 2679,made.setiawan415@mail.id,6,M,Purworejo,MBR-72621,PLATINUM,2026-09-28,BR-07,ACTIVE,2026-08-19T04:29:04+07:00
ada8cf05-045c-5c0a-9080-c9ff972d324b,Yuni Utami,084111919472,yuni.utami416@inbox.id,12,M,Kediri,MBR-64228,SILVER,2025-04-17,BR-05,ACTIVE,2025-11-18T16:04:17+07:00
8fe6fddb-a592-5279-b5d0-c63bef4cd541,Tari Putra,+6288383545085,tari.putra@customer.test,10,U,Sleman,MBR-91242,GOLD,2025-07-01,BR-13,ACTIVE,2025-12-11T21:27:16+07:00
62d15bd4-42d2-50d9-92b8-3d62df3a9dce,Wahyu Adinata,+62857 8394 2350,wahyu.adinata.418@customer.test,11,F,Kulon Progo,MBR-71124,BRONZE,2026-07-26,BR-18,ACTIVE,2025-04-30T17:09:58+07:00
4131d489-621c-5cd2-a178-27a0243076ad,Sari Mahendra,080129380338,sari.mahendra419@example.id,10,U,Semarang,MBR-53950,BRONZE,2025-06-04,BR-01,ACTIVE,2026-05-15T11:48:36+07:00
9fdf18ba-b105-51ba-a791-9bbf757b1796,Adi Santoso,0873 2700 5287,adi.santoso@example.id,2,F,Purworejo,MBR-68730,BRONZE,2026-09-05,BR-03,INACTIVE,2025-10-01T11:02:23+07:00
2f4474f6-a1da-5805-8204-6431cd26c8b6,Sari Wijaya,+6286417791533,sari.wijaya.421@mail.id,6,U,Kulon Progo,MBR-41662,,2026-07-25,BR-16,ACTIVE,2025-09-08T14:53:19+07:00
8ca95839-356d-5316-a342-2ba9472d3d57,Indra Wulandari,+6286065464415,indra.wulandari.422@example.id,12,U,Malang,MBR-68745,BRONZE,2025-10-06,BR-03,INACTIVE,2025-06-29T16:38:21+07:00
afc7858f-bc01-59ae-ae42-548356770899,Indra Mahendra,0876-6573-4169,indra.mahendra@example.id,8,F,Kediri,MBR-38222,SILVER,2025-07-07,BR-07,ACTIVE,2026-02-05T03:04:57+07:00
2fe2c661-748d-5d39-8b09-98df0b35f86c,Raka Setiawan,087355717450,raka.setiawan.424@customer.test,8,U,Purworejo,MBR-96757,GOLD,2026-07-25,BR-12,ACTIVE,2025-09-06T19:16:19+07:00
092a9fc5-6221-5d60-ac69-70637ebdbb59,Dewi Wulandari,0898-4411-8853,dewi.wulandari.@customer.test,11,F,Bekasi,,PLATINUM,2026-06-30,BR-17,ACTIVE,2025-07-26T01:51:34+07:00
4dbfea69-c80b-5727-80d8-9c8cad76006c,Dewi Kusuma,,dewi.kusuma@example.id,7,M,Magelang,MBR-62858,PLATINUM,2025-12-23,BR-15,INACTIVE,2025-11-24T14:53:05+07:00
2de732b1-fabc-5136-a611-2cd87638afdf,Sari Kusuma,085698048431,sari.kusuma.@inbox.id,12,U,Sleman,MBR-24482,PLATINUM,2026-05-12,BR-16,ACTIVE,2025-12-06T23:28:01+07:00
1f77e8e5-90a0-5aae-a895-fb47f8ec6707,Dewi Prasetyo,,dewi.prasetyo.@example.id,5,M,Malang,,BRONZE,2025-08-17,BR-17,ACTIVE,2025-11-26T05:22:50+07:00
509bdfbd-7aa1-5480-af98-884f95455628,Indra Putri,+6282535011154,indra.putri.@inbox.id,10,F,Cirebon,,GOLD,2026-08-23,BR-20,ACTIVE,2026-06-27T17:47:46+07:00
3bd7a1ab-6ad6-51ad-9210-cb5bcd28b9b6,Sari Mahendra,+6284605833971,sari.mahendra.430@example.id,4,U,Magelang,MBR-51543,PLATINUM,2025-08-17,BR-03,ACTIVE,2025-05-16T09:35:36+07:00
2b6c815a-dc2d-5a8b-8836-92ef89d36001,Dewi Wijaya,+6288495426930,dewi.wijaya@example.id,7,U,Gunungkidul,MBR-23919,GOLD,2025-07-20,BR-16,INACTIVE,2026-03-15T18:51:32+07:00
f900ae4a-3292-5d34-a887-12f93ee58085,Budi Prasetyo,+62804-2895-7686,budi.prasetyo.@example.id,8,M,Magelang,MBR-88803,PLATINUM,2026-04-15,BR-12,ACTIVE,2026-02-19T12:55:36+07:00
c9bea426-867c-5ac8-8957-9317774283c2,Sari Kusuma,+6285631515749,sari.kusuma@customer.test,11,U,Bogor,MBR-22430,,2026-06-08,BR-06,ACTIVE,2026-07-30T01:30:08+07:00
25f3f2e5-7c54-5784-85aa-22c906933586,Dewi Santoso,+62819 7779 7270,dewi.santoso.@customer.test,9,M,Gunungkidul,MBR-95573,PLATINUM,2026-04-25,BR-12,ACTIVE,2026-09-18T01:34:28+07:00
7c0647a1-4350-576a-9764-b17316262b2c,Made Darmawan,080343670408,made.darmawan.435@inbox.id,4,U,Bantul,MBR-66647,PLATINUM,2025-07-11,BR-10,ACTIVE,2026-03-09T20:05:28+07:00
910eaf69-3d82-502b-9da0-10a36b863702,Indra Wijaya,086353059910, indra.wijaya.@example.id ,4,U,Solo,MBR-27596,BRONZE,2025-07-04,BR-07,ACTIVE,2026-04-24T06:32:13+07:00
ec04cfc3-1e34-569c-9854-574a4bb00499,Dewi Setiawan,+62875 3774 7734,dewi.setiawan@example.id,10,U,Semarang,MBR-23477,BRONZE,2026-02-18,BR-02,ACTIVE,2026-01-13T20:19:31+07:00
383fc024-5ea0-5bcd-9a02-a66a15e7bab9,Intan Putra,084499116528,intan.putra438@mail.id,7,M,Gunungkidul,MBR-74812,BRONZE,2026-05-09,BR-14,ACTIVE,2026-02-25T17:21:34+07:00
3e142432-1540-52df-9789-f7c5adf9023b,Made Wijaya,085238729951,made.wijaya439@example.id,7,F,Yogyakarta,MBR-11856,PLATINUM,2025-07-04,BR-03,ACTIVE,2025-10-20T16:22:43+07:00
8e99da60-56de-51cf-8bda-da95db775ae8,Fitri Mahendra,+62837-7271-8542,fitri.mahendra@mail.id,1,M,Kulon Progo,MBR-86379,GOLD,2025-10-02,BR-07,ACTIVE,2026-05-22T23:10:29+07:00
659664ac-96df-56f8-81e3-00355b66f816,Budi Adinata,0855-8436-1651,budi.adinata.@mail.id,8,F,Gunungkidul,,GOLD,2025-10-14,BR-04,ACTIVE,2025-08-24T01:50:24+07:00
9b38b88d-0325-5d59-92bd-dac6b941b808,Eka Santoso,+62854 1019 4258,eka.santoso.442@inbox.id,7,U,Cirebon,MBR-26995,,2026-02-28,BR-20,ACTIVE,2026-02-17T23:14:04+07:00
61ca0fc1-8843-5003-aab7-5ac0942dd70b,Dian Prasetyo,+62861 7896 7808, dian.prasetyo@example.id ,3,F,Bandung,MBR-95194,GOLD,2026-01-11,BR-09,ACTIVE,2026-04-29T06:46:53+07:00
1ce2e68a-ff3f-5f5b-bf35-4b9eda7f13dd,Wahyu Utami,+6283870008878, wahyu.utami444@example.id ,9,F,Klaten,MBR-16590,,2026-01-26,BR-18,ACTIVE,2026-05-27T02:38:43+07:00
ffdf43a0-a6ab-5d84-9132-5fff4f1ac2fa,Indra Wijaya,+6287783520962,indra.wijaya445@example.id,2,F,Bantul,,PLATINUM,2026-03-14,BR-03,ACTIVE,2025-07-05T10:35:03+07:00
4f212eb7-33a2-56e3-8ffc-6a72f1500abe,Dian Darmawan,+62844-6413-2375,dian.darmawan.@customer.test,11,F,Madiun,,SILVER,2025-08-24,BR-10,ACTIVE,2026-02-19T13:11:22+07:00
3aa020e5-c6ec-5f87-93d3-5dc9cf59a31a,Yuni Anggraini,087198791823,yuni.anggraini@mail.id,11,M,Sleman,MBR-62134,GOLD,2026-03-17,BR-01,ACTIVE,2025-11-10T05:04:15+07:00
67885a6b-67a7-5a74-b604-132a91c4c45e,Wahyu Adinata,0877-6751-6221,wahyu.adinata448@example.id,2,U,Solo,,GOLD,2026-07-20,BR-19,ACTIVE,2025-04-30T12:54:24+07:00
47296f2f-6854-5b5f-b8c8-868185c203d5,Nadia Putri,+6287632472621, nadia.putri@inbox.id ,11,U,Purworejo,MBR-24394,GOLD,2026-06-22,BR-20,ACTIVE,2025-08-02T21:55:15+07:00
97fce6ae-4925-580a-982d-73f86642e795,Lina Setiawan,080519025554,,7,M,Jember,,BRONZE,2026-08-03,BR-13,ACTIVE,2025-05-25T12:19:53+07:00
8aef35e5-de3b-50f4-8a6f-2f6939ef8d4e,Made Setiawan,+6284213148854,made.setiawan@customer.test,10,M,Bogor,MBR-17781,,2025-08-07,BR-08,ACTIVE,2026-08-12T23:14:34+07:00
9623ef26-9705-565d-b389-631b75bb1713,Budi Wulandari,087616369380,budi.wulandari452@inbox.id,5,M,Purworejo,MBR-41890,SILVER,2025-10-11,BR-15,ACTIVE,2026-03-12T15:54:58+07:00
166fbb29-4e27-593c-98e4-8eb1afbadcca,Eka Mahendra,0878-0918-4526,eka.mahendra.@customer.test,12,U,Solo,MBR-73692,,2026-04-20,BR-15,ACTIVE,2025-07-14T16:05:34+07:00
6f51e196-9f9d-5364-8cf0-165f7872c3f0,Eka Prasetyo,+6285355338090,eka.prasetyo@mail.id,9,M,Bantul,MBR-86690,,2025-06-12,BR-04,CLOSED,2026-04-16T07:35:24+07:00
557c682e-c806-5dc3-bc70-870fa98c28c3,Sari Darmawan,0893 1243 6879,,4,F,Yogyakarta,MBR-63613,PLATINUM,2026-03-29,BR-19,ACTIVE,2026-05-04T14:03:47+07:00
63f19d9f-c5eb-538c-83b9-eb0cf7f9745c,Dewi Setiawan,+62887 3118 1128,dewi.setiawan.456@mail.id,12,U,Madiun,MBR-16968,BRONZE,2026-01-05,BR-08,ACTIVE,2025-12-16T05:27:20+07:00
7b6cc2f0-c468-5f05-8467-b8c2f408e492,Citra Prasetyo,0874-2001-4388,citra.prasetyo.457@inbox.id,8,U,Bekasi,MBR-55179,SILVER,2025-08-05,BR-13,CLOSED,2025-09-07T11:23:26+07:00
545522b3-90da-5de0-877c-5b8487fa82e8,Dewi Mahendra,082834550921,dewi.mahendra.@example.id,4,M,Bekasi,MBR-68597,PLATINUM,2026-07-29,BR-08,ACTIVE,2025-11-03T09:15:12+07:00
b6dcf8fd-f324-5579-9a24-d1ce79e852d1,Made Darmawan,+6280808315130,made.darmawan.@customer.test,3,U,Semarang,MBR-13383,SILVER,2025-09-05,BR-14,ACTIVE,2025-06-14T21:29:12+07:00
c6ca1af0-e48c-573c-bf9d-b9b61c5b1fff,Adi Mahendra,086440861514,,2,U,Solo,MBR-77098,BRONZE,2026-02-28,BR-14,ACTIVE,2025-07-12T07:53:13+07:00
ae393438-faef-5874-b4ea-9eb626366a62,Fitri Permata,+6282764971959, fitri.permata.@customer.test ,5,U,Sleman,,,2025-08-28,BR-05,ACTIVE,2026-01-18T12:39:09+07:00
aef36d8e-7f4e-5a6d-a155-d9d7005a0490,Raka Kusuma,082337071356,raka.kusuma.462@mail.id,2,M,Solo,MBR-45043,,2026-01-30,BR-18,ACTIVE,2025-07-02T20:10:41+07:00
345a4dd7-053c-518b-a3bf-e031486231be,Tari Prasetyo,+6288518632547,tari.prasetyo.463@inbox.id,12,M,Depok,MBR-77623,PLATINUM,2026-04-09,BR-04,ACTIVE,2026-01-12T14:35:50+07:00
9dd6ca24-beab-591b-a102-84f6b4fb3f9b,Budi Putri,082517331667,budi.putri.@example.id,12,U,Sleman,MBR-32900,BRONZE,2026-06-02,BR-17,CLOSED,2025-10-15T15:01:13+07:00
a0638665-6918-5799-8891-87f2e5ffc06c,Wahyu Mahendra,+6280146340944,wahyu.mahendra.@inbox.id,5,U,Madiun,,SILVER,2025-12-05,BR-10,ACTIVE,2026-02-22T01:53:43+07:00
8089f25b-c14a-5a19-8901-74ff5fd5d813,Dian Darmawan,+62888 5303 3595,dian.darmawan.@inbox.id,7,F,Bantul,MBR-53025,SILVER,2026-03-08,BR-01,CLOSED,2026-08-12T07:45:09+07:00
a801191d-2fbf-575b-8ec3-f8bd5bf36a59,Adi Adinata,085499399557,adi.adinata467@example.id,4,M,Kediri,,SILVER,2025-08-26,BR-14,ACTIVE,2026-09-27T11:22:40+07:00
c591e04b-551e-532b-8df3-fbd34ce9cde2,Raka Permata,+62860-0970-0372,raka.permata@inbox.id,4,M,Magelang,MBR-42910,BRONZE,2025-11-17,BR-06,INACTIVE,2025-04-19T22:59:14+07:00
592eb580-3398-5747-bd75-a4af7e14e9c7,Dewi Permata,0826-5069-3388,dewi.permata469@inbox.id,9,F,Klaten,MBR-75397,,2025-11-08,BR-04,CLOSED,2025-07-19T09:18:49+07:00
24504ef6-991c-58b5-aca6-ffef54717dda,Raka Mahendra,+6286688207396,raka.mahendra.470@customer.test,8,F,Bekasi,,SILVER,2025-10-25,BR-16,ACTIVE,2025-07-25T18:55:17+07:00
edb49b2b-b8a6-5bab-b6ee-90edcafe9572,Made Adinata,+6281090472474,made.adinata.471@example.id,1,F,Kulon Progo,MBR-55908,PLATINUM,2025-06-16,BR-05,INACTIVE,2025-06-08T21:02:36+07:00
975cbf68-a3fa-5f6f-926e-35d6d6934b59,Adi Anggraini,0899 5286 1672,adi.anggraini.@example.id,2,M,Magelang,MBR-61807,SILVER,2025-11-12,BR-07,ACTIVE,2026-03-31T14:36:01+07:00
cfed2378-719c-544d-b34f-bd66a355e512,Fitri Adinata,082349088414,fitri.adinata@inbox.id,10,F,Gunungkidul,MBR-78541,GOLD,2026-03-09,BR-07,ACTIVE,2026-04-19T22:46:40+07:00
6f57af12-8035-56d7-9f1f-bcab27a67afc,Yuni Prasetyo,+6281979684718, yuni.prasetyo.474@example.id ,1,F,Surabaya,MBR-84594,BRONZE,2025-11-22,BR-15,ACTIVE,2026-05-30T10:41:25+07:00
e4448261-f327-5447-9f9d-be9ea4d16c18,Intan Santoso,083555696091,intan.santoso475@example.id,10,F,Purworejo,MBR-91520,,2025-08-25,BR-07,ACTIVE,2025-10-24T20:11:53+07:00
56fc928a-abff-5665-858b-896cf72dc198,Budi Setiawan,087858636457, budi.setiawan.476@customer.test ,11,U,Cirebon,MBR-16234,BRONZE,2025-07-23,BR-16,ACTIVE,2026-07-12T04:54:24+07:00
a356a717-2c59-523c-b3cd-f12279bce246,Fitri Utami,+6288890971855,fitri.utami477@mail.id,3,F,Bogor,MBR-69381,GOLD,2025-05-25,BR-16,ACTIVE,2026-01-12T17:38:11+07:00
4f3a61d0-468c-512d-b7a0-40715ee739a0,Dewi Hidayat,0826 8430 1858,dewi.hidayat.@customer.test,6,M,Bandung,,PLATINUM,2026-07-29,BR-17,INACTIVE,2025-10-11T22:10:07+07:00
ad163850-bc82-5592-a4dc-6c6b916b00e3,Yuni Santoso,0857-0710-1906,yuni.santoso@inbox.id,5,F,Bogor,MBR-47150,,2025-10-31,BR-16,ACTIVE,2026-06-17T22:47:44+07:00
b53922ff-66f0-5cc0-a7ac-a93ff74bbc99,Lina Utami,+6289288367853,lina.utami.@customer.test,11,U,Cirebon,MBR-58911,,2025-05-28,BR-18,ACTIVE,2025-12-17T03:19:16+07:00
d4e7a2d2-53bb-5240-bc09-a35c89999f87,Agus Setiawan,086933015281,agus.setiawan@inbox.id,9,F,Malang,MBR-36789,PLATINUM,2025-08-09,BR-19,ACTIVE,2026-05-12T19:21:54+07:00
1cadab3c-ebf1-5708-9f74-936d779eb18c,Adi Kusuma,+62874 6800 7706,adi.kusuma.@mail.id,11,F,Bogor,MBR-39839,BRONZE,2026-03-27,BR-09,INACTIVE,2026-05-28T20:48:21+07:00
753af839-12dd-58ab-a948-022311b48017,Sari Putri,, sari.putri483@mail.id ,2,U,Purworejo,MBR-60029,BRONZE,2026-07-16,BR-15,ACTIVE,2025-05-02T02:12:25+07:00
aff0b39e-1ad7-53d6-9c68-2c9820a6e1d2,Ayu Setiawan,086123486312,ayu.setiawan.@inbox.id,4,F,Bekasi,MBR-20063,,2025-08-01,BR-16,ACTIVE,2025-12-12T04:05:06+07:00
3b066e1c-deac-52e8-b276-69de019025f7,Lina Prasetyo,+62888 8503 7970,lina.prasetyo485@inbox.id,1,M,Bantul,,GOLD,2026-07-16,BR-13,INACTIVE,2025-09-14T18:59:08+07:00
53282f11-67b2-5fa5-a261-16536ea048c4,Adi Mahendra,+62898 9604 1261,adi.mahendra486@customer.test,8,M,Bogor,MBR-48336,PLATINUM,2026-07-18,BR-05,ACTIVE,2025-07-08T13:51:07+07:00
987b6fb6-7e35-538e-9660-b8bfb7138b97,Dian Anggraini,+6286977024016,dian.anggraini487@inbox.id,5,M,Depok,MBR-74918,GOLD,2026-02-26,BR-15,ACTIVE,2025-05-02T07:56:09+07:00
f5ab4ac8-d128-517f-8644-5d6886a69dbc,Adi Setiawan,085750605582,,3,M,Kulon Progo,MBR-88296,GOLD,2025-09-29,BR-08,ACTIVE,2026-04-01T16:16:55+07:00
8c697ee4-3a5d-5ec8-a13e-31683f9ce15b,Dewi Anggraini,+62813 4158 8317,dewi.anggraini@example.id,9,U,Bantul,,SILVER,2025-11-28,BR-01,ACTIVE,2025-05-28T07:51:29+07:00
61363cb1-92eb-5f5a-a15c-721953f0a19e,Raka Wijaya,+62809 5401 8859, raka.wijaya.@example.id ,6,U,Yogyakarta,MBR-36441,,2025-07-30,BR-11,ACTIVE,2025-04-25T18:26:47+07:00
042c2827-3440-5097-88c0-4752330e0c92,Wahyu Permata,+6287121957465,wahyu.permata.@inbox.id,5,M,Madiun,MBR-10022,SILVER,2025-08-07,BR-09,ACTIVE,2025-10-18T05:43:50+07:00
b2782f19-93da-5e82-ade4-90eac5ec4c33,Dewi Mahendra,081290623328,dewi.mahendra.492@customer.test,10,F,Yogyakarta,,SILVER,2026-03-22,BR-05,ACTIVE,2025-12-24T00:18:58+07:00
77c95627-014b-5840-a0d2-1bafac46be64,Ayu Kusuma,+6288683190246,ayu.kusuma.@mail.id,5,M,Jember,MBR-56841,,2026-01-04,BR-20,ACTIVE,2026-01-01T12:40:27+07:00
0952d705-7445-5626-b45d-63b01592ccc5,Budi Kusuma,081243453852,budi.kusuma.494@mail.id,12,M,Bogor,MBR-17865,SILVER,2026-06-15,BR-17,ACTIVE,2025-08-10T18:31:05+07:00
67c3c169-12a3-584b-8b60-50a1f3e1df01,Lina Wulandari,0889 0783 6689, lina.wulandari@customer.test ,1,U,Bekasi,MBR-17475,,2026-06-04,BR-04,ACTIVE,2025-11-29T10:04:21+07:00
9a5f2d2e-eef0-5af0-91ae-45764a7092f8,Budi Prasetyo,0841 6289 9571,budi.prasetyo.496@customer.test,10,M,Kulon Progo,,PLATINUM,2026-02-05,BR-18,ACTIVE,2026-04-02T15:12:52+07:00
c4bb830b-18ba-582e-afb8-8f1118e53671,Yuni Mahendra,0891-9729-1122,yuni.mahendra.@mail.id,10,M,Solo,MBR-58464,SILVER,2026-06-18,BR-03,INACTIVE,2026-02-05T23:48:46+07:00
5d3cfe57-fa71-528d-9315-2727e335758b,Budi Adinata,0881 0555 1685,budi.adinata.@mail.id,1,F,Klaten,MBR-80466,,2025-11-06,BR-07,CLOSED,2025-04-04T05:48:15+07:00
e10ce483-ad1f-5f04-850d-c7e2b52422da,Adi Mahendra,081455896268,adi.mahendra499@customer.test,8,F,Solo,MBR-39197,PLATINUM,2026-05-20,BR-10,ACTIVE,2025-04-07T01:40:42+07:00
a5772c6e-8402-58a4-af3f-8fa69acbc9d5,Adi Hidayat,+62800 5095 4292,adi.hidayat@inbox.id,10,M,Jember,MBR-98171,PLATINUM,2026-06-14,BR-19,ACTIVE,2026-01-01T05:27:38+07:00
a99b5b4f-7c48-584b-9354-28e0556650f6,Dian Santoso,,dian.santoso@inbox.id,12,U,Bekasi,MBR-44680,BRONZE,2026-07-19,BR-13,INACTIVE,2025-06-28T08:35:49+07:00
d358303e-7c55-570c-a1f2-848c70bffe7e,Budi Setiawan,,budi.setiawan.502@example.id,1,F,Bandung,MBR-79161,,2026-06-13,BR-07,ACTIVE,2026-09-19T04:07:38+07:00
e8313796-a670-5bf9-8252-2ec49ada98c9,Tari Putri,,tari.putri@customer.test,12,M,Madiun,,BRONZE,2025-08-17,BR-09,ACTIVE,2026-04-17T01:07:04+07:00
67343272-8ce4-5848-828f-89700391f43d,Dian Permata,+62844-7513-0569,dian.permata@inbox.id,5,M,Bantul,MBR-27263,PLATINUM,2026-06-08,BR-14,ACTIVE,2025-12-25T10:09:34+07:00
7b8fa10e-c410-54b3-ac77-f9761d2c9b17,Budi Anggraini,083352189480, budi.anggraini505@inbox.id ,2,U,Purworejo,MBR-92215,GOLD,2025-07-13,BR-18,ACTIVE,2026-02-09T16:26:53+07:00
5f606b39-cdce-5e91-bb3c-e6cc68df4b1f,Intan Darmawan,087148347077,intan.darmawan506@customer.test,5,U,Jember,MBR-51181,GOLD,2025-04-13,BR-07,ACTIVE,2026-01-31T13:08:40+07:00
9294bdb8-b1cb-54d8-8043-84bd80d495e2,Lina Utami,+62830-5588-1917,lina.utami507@inbox.id,2,F,Bekasi,MBR-65520,BRONZE,2026-03-30,BR-05,ACTIVE,2026-08-19T13:08:27+07:00
ae1fdb43-eb12-564e-886e-a19eece877c8,Sari Mahendra,+62821 9885 5034,sari.mahendra.@inbox.id,5,M,Cirebon,MBR-28945,BRONZE,2026-02-21,BR-11,ACTIVE,2026-02-28T13:11:42+07:00
4e167332-7477-5eae-b911-0c713af68813,Citra Wijaya,,citra.wijaya.509@example.id,12,M,Depok,MBR-89334,SILVER,2026-08-20,BR-15,ACTIVE,2026-09-10T14:29:00+07:00
2c76535a-a6b3-5d86-9ffe-0479a14a5807,Nadia Hidayat,0855-5464-0816, nadia.hidayat.@customer.test ,6,U,Surabaya,MBR-77568,PLATINUM,2026-03-22,BR-05,CLOSED,2025-11-17T02:59:10+07:00
01912f0e-bd4e-57af-adca-735d5d79abb8,Ayu Santoso,+62870 5760 8195,ayu.santoso.@inbox.id,4,F,Jember,,BRONZE,2026-09-28,BR-19,ACTIVE,2026-08-11T06:46:40+07:00
a68d14f9-c90c-5e8f-be47-198e41f3231b,Tari Utami,+62883-3904-0587,tari.utami.@customer.test,2,U,Malang,MBR-85359,,2025-06-18,BR-09,ACTIVE,2025-08-28T05:38:58+07:00
2014b949-bbb5-5c51-ac93-9c265e75fbb3,Indra Setiawan,0875 4141 9413,indra.setiawan513@mail.id,9,M,Surabaya,MBR-99502,,2025-06-09,BR-17,ACTIVE,2026-08-27T23:49:48+07:00
2215a1f0-e7de-535f-ada0-fe9fe350bb0f,Budi Darmawan,087557976984,budi.darmawan.@inbox.id,12,M,Gunungkidul,MBR-27966,GOLD,2026-08-14,BR-11,ACTIVE,2025-11-10T17:11:10+07:00
2cb48266-c0dc-5209-8326-aa6ce807c0de,Wahyu Wijaya,085434271363,wahyu.wijaya.@mail.id,10,M,Jember,MBR-55531,BRONZE,2025-10-23,BR-19,ACTIVE,2026-05-17T06:55:09+07:00
ec25c379-81e2-5e5a-9404-c4acd407ea04,Yuni Hidayat,+6281003935739,yuni.hidayat.516@mail.id,6,U,Yogyakarta,MBR-34701,SILVER,2026-01-26,BR-01,ACTIVE,2026-01-29T01:41:03+07:00
7f4c020d-d64d-56bb-a7c2-701dc541c96f,Citra Wulandari,0862-2260-5212,citra.wulandari517@customer.test,12,M,Gunungkidul,MBR-59813,,2026-08-08,BR-07,ACTIVE,2026-04-01T01:04:29+07:00
dd302ba1-78ee-5a96-b039-6b19313bb10d,Agus Putri,+62888-6943-0976,agus.putri@mail.id,5,M,Jember,,SILVER,2025-04-19,BR-18,ACTIVE,2025-07-26T19:42:12+07:00
1bbf5c2a-585b-555a-9781-47d4f94d7fe1,Ayu Kusuma,0855-6427-4359, ayu.kusuma519@customer.test ,5,U,Kulon Progo,MBR-38062,GOLD,2026-01-04,BR-12,ACTIVE,2026-08-22T04:41:47+07:00
a3939113-eb27-5bfd-a0d7-dc16919f2f59,Nadia Wijaya,0839-3189-6234, nadia.wijaya.@customer.test ,10,U,Gunungkidul,MBR-88028,SILVER,2026-04-21,BR-04,ACTIVE,2025-11-03T11:56:05+07:00
31eb3303-17e6-5fbd-9014-8125b01ca769,Adi Setiawan,0820 0855 5537,,11,F,Yogyakarta,MBR-84358,SILVER,2025-10-11,BR-12,ACTIVE,2026-08-25T18:33:10+07:00
1c127239-0e85-5f9e-937b-7859dfbf946f,Dewi Wijaya,0824-7937-2361,dewi.wijaya.522@mail.id,12,U,Magelang,MBR-24557,SILVER,2026-02-27,BR-01,ACTIVE,2026-06-09T05:25:45+07:00
5ca3febf-4804-51af-9c40-29e39442ea74,Lina Putri,0885 7846 5885,lina.putri.@customer.test,6,F,Cirebon,MBR-86666,GOLD,2025-07-06,BR-14,ACTIVE,2025-09-26T17:10:06+07:00
c45a7674-3296-5c85-9fad-fa902d471bef,Agus Wijaya,+6289743530984,agus.wijaya524@customer.test,8,U,Magelang,MBR-46905,,2025-07-29,BR-20,ACTIVE,2026-02-24T00:17:31+07:00
69d23bfd-86b2-5e60-ab07-be065502867d,Citra Darmawan,+62842-8796-8723,citra.darmawan.@customer.test,4,F,Bekasi,MBR-52128,,2025-08-26,BR-01,ACTIVE,2026-02-07T15:30:02+07:00
5a2e4fc8-f6ec-512b-90a5-b211f79ee4b1,Sari Prasetyo,089952284598,,7,U,Solo,MBR-86148,PLATINUM,2025-06-06,BR-10,INACTIVE,2026-02-22T23:23:32+07:00
05eb72df-0bba-5db2-b95f-500192dff065,Indra Hidayat,0869-6833-8586,indra.hidayat@inbox.id,9,F,Sleman,,,2025-08-05,BR-04,INACTIVE,2026-04-13T11:36:04+07:00
a085ea91-b11d-5706-9956-8bce12026c98,Sari Wulandari,084313103945,sari.wulandari@customer.test,8,F,Bandung,MBR-94999,,2026-05-02,BR-05,INACTIVE,2026-07-30T09:14:48+07:00
420dd08a-dea4-54a2-a5db-3f40b9aeaa05,Fitri Hidayat,+6285910299312,fitri.hidayat.@mail.id,12,U,Gunungkidul,MBR-59576,,2025-11-08,BR-03,ACTIVE,2026-04-28T07:34:13+07:00
c4a7ea2d-0817-5c1f-be35-8cab34d3bfa0,Tari Anggraini,+6289800015691,,1,F,Semarang,MBR-46417,SILVER,2026-05-31,BR-17,ACTIVE,2025-05-26T11:15:26+07:00
318d39ec-faa2-5f3a-9f26-c901b6d22717,Nadia Mahendra,087626683280,nadia.mahendra.531@example.id,10,F,Bandung,MBR-93807,,2025-10-17,BR-12,ACTIVE,2025-08-20T16:28:20+07:00
c4791628-c99c-5d20-83ad-1d7befb087a3,Wahyu Mahendra,0812-3436-3107, wahyu.mahendra.532@example.id ,4,U,Madiun,,,2025-12-28,BR-14,ACTIVE,2025-08-30T12:18:32+07:00
f2a766ea-4dd8-57e5-a49c-ff6ee34139a8,Eka Prasetyo,0813 1024 2509,eka.prasetyo@mail.id,3,U,Madiun,MBR-28584,BRONZE,2026-08-01,BR-16,ACTIVE,2025-07-25T10:13:01+07:00
3d183e17-7b5b-5344-a31e-1a09c224412b,Eka Putra,+62852-8196-2561,eka.putra534@mail.id,6,U,Yogyakarta,MBR-86860,GOLD,2026-09-15,BR-01,ACTIVE,2025-07-19T00:56:08+07:00
770727e5-c38b-5a93-b239-9961b3c50ba6,Adi Kusuma,0805 7143 2923,adi.kusuma@mail.id,2,F,Bantul,MBR-72216,BRONZE,2026-09-27,BR-17,ACTIVE,2026-01-18T23:04:52+07:00
b656e654-d301-56f0-a373-4cdec22bdb39,Nadia Wulandari,0892 0361 2523,nadia.wulandari.@inbox.id,6,U,Jember,MBR-63997,GOLD,2025-08-24,BR-16,ACTIVE,2025-08-16T09:49:30+07:00
f5485b87-02f1-57d9-8a8f-3a0fa754bf27,Wahyu Wijaya,086309726410,wahyu.wijaya.@mail.id,7,F,Kulon Progo,MBR-23855,SILVER,2025-11-20,BR-12,ACTIVE,2026-02-17T14:49:42+07:00
16adae2e-42ce-5f4b-87d5-8c7a0d5840d0,Ayu Kusuma,+62828 4987 3498,ayu.kusuma.538@example.id,12,M,Magelang,MBR-52279,,2026-04-07,BR-03,ACTIVE,2025-09-02T02:32:28+07:00
9a72ae73-bbb2-5f6f-8423-729ad928ccc2,Sari Mahendra,085800250068,sari.mahendra539@example.id,1,M,Cirebon,MBR-72454,SILVER,2025-05-04,BR-19,ACTIVE,2025-04-10T19:00:42+07:00
bc95f588-5dc2-579f-a13c-eaed76bb22e2,Citra Utami,087521915152,citra.utami.540@customer.test,1,U,Bekasi,MBR-19693,,2025-09-24,BR-14,ACTIVE,2025-12-29T03:05:05+07:00
6458bb33-d7eb-5b8b-99a7-132401070cc4,Yuni Utami,088776441535,yuni.utami@example.id,7,M,Depok,MBR-92985,,2026-03-19,BR-01,ACTIVE,2026-03-12T10:54:11+07:00
feaa7c9f-b909-52a1-8b43-df5748e8f341,Indra Darmawan,+62831 8217 0405,indra.darmawan.@customer.test,4,U,Jember,,,2025-11-26,BR-18,INACTIVE,2026-09-25T13:23:18+07:00
9945972b-b104-5bf6-811d-e98841edc0bc,Adi Putra,0824-0392-8696,adi.putra@example.id,6,M,Surabaya,MBR-84479,,2025-10-23,BR-02,ACTIVE,2026-03-08T21:19:24+07:00
ba45c462-73bb-5221-a6d0-f871865895dc,Fitri Wulandari,+6285693258729,fitri.wulandari@customer.test,2,U,Bantul,MBR-90369,,2025-12-24,BR-05,ACTIVE,2026-07-21T02:29:01+07:00
b98a8af6-d624-54eb-a5b7-4714566b2ff4,Dewi Adinata,0848 4995 6006,dewi.adinata@inbox.id,4,U,Depok,MBR-50534,SILVER,2025-08-31,BR-19,ACTIVE,2026-05-07T02:11:40+07:00
e0b170c1-4571-5543-a9ab-e373fbffa16c,Agus Putri,0894 0367 3995, agus.putri546@example.id ,9,F,Yogyakarta,MBR-36268,GOLD,2025-11-30,BR-20,INACTIVE,2026-04-18T07:23:04+07:00
6c074f0f-1efc-58a0-9cd9-8d5d9713d258,Sari Mahendra,+62811-1434-0166,sari.mahendra547@example.id,7,M,Solo,MBR-86725,GOLD,2026-04-27,BR-08,ACTIVE,2026-05-19T13:15:48+07:00
89ed4261-49a9-51ab-8121-32096e5ed4a3,Made Setiawan,+6282308352418,made.setiawan.@example.id,9,M,Bandung,MBR-67036,,2025-12-24,BR-08,ACTIVE,2026-06-03T01:08:46+07:00
944ad19e-60c1-58c4-9ff4-e665fda67437,Yuni Hidayat,+62862-0119-3146,yuni.hidayat.@inbox.id,1,M,Kulon Progo,MBR-43101,PLATINUM,2026-05-31,BR-02,ACTIVE,2026-03-04T09:19:34+07:00
69d1ab9f-ef72-5e37-b5c0-567a5b5e452d,Hana Permata,+6284380754978,hana.permata.550@inbox.id,10,U,Sleman,MBR-52704,,2026-04-14,BR-05,ACTIVE,2026-03-20T21:50:57+07:00
e8202219-69c2-554a-8107-efe068c311dd,Nadia Wijaya,0811-6381-1018,nadia.wijaya.551@customer.test,2,U,Gunungkidul,MBR-16105,PLATINUM,2025-08-01,BR-11,ACTIVE,2026-03-30T18:40:23+07:00
4d4ed657-eafa-5873-aac2-741c880a0ec6,Intan Hidayat,085772175324,intan.hidayat.@example.id,12,M,Kediri,,SILVER,2026-05-31,BR-17,ACTIVE,2026-01-12T10:11:01+07:00
74cff629-15fd-5620-958d-e31065c677c8,Made Putra,080140253416,made.putra.@customer.test,5,F,Gunungkidul,MBR-44317,PLATINUM,2025-03-31,BR-13,ACTIVE,2025-08-23T15:58:21+07:00
a3f0ae79-147f-595f-aadd-dd65c23eb71e,Yuni Putri,0838 9287 0506, yuni.putri@customer.test ,2,M,Madiun,MBR-60705,BRONZE,2026-04-08,BR-06,ACTIVE,2025-06-08T08:29:15+07:00
5be8ceb6-aaae-569e-b4be-90c381a5076f,Budi Mahendra,+6286866302762,budi.mahendra555@customer.test,7,M,Magelang,,PLATINUM,2026-02-22,BR-05,INACTIVE,2025-09-18T02:10:58+07:00
2d8145f0-fb87-577a-a6f1-266c47b66f91,Lina Adinata,0816-0573-1541,,8,M,Purworejo,MBR-60330,BRONZE,2025-09-30,BR-17,ACTIVE,2025-05-14T03:31:05+07:00
5f179ba3-3173-5f22-b06c-3621c982ff88,Dian Setiawan,082833429546,dian.setiawan.@example.id,8,M,Semarang,MBR-92874,GOLD,2025-08-05,BR-14,ACTIVE,2026-08-12T05:57:25+07:00
1a86f89e-4ed8-5b02-9631-32f565d733a5,Ayu Hidayat,0808-9187-5472,ayu.hidayat.558@example.id,1,F,Bantul,,,2026-05-03,BR-04,ACTIVE,2025-09-28T14:06:50+07:00
6176b3b3-d0c0-5659-83bf-5867ba3a596e,Dian Putra,0852 9101 5323,dian.putra559@example.id,8,F,Magelang,MBR-29139,GOLD,2025-12-05,BR-09,ACTIVE,2026-01-23T06:20:25+07:00
e1cf1d1d-2269-52f5-8d8a-7d803e1e6c6b,Hana Wijaya,+62810-5028-9912,hana.wijaya560@inbox.id,3,M,Purworejo,MBR-44377,PLATINUM,2025-05-21,BR-06,INACTIVE,2025-04-08T11:50:55+07:00
cca4025e-0808-544f-984b-d8f315093134,Adi Kusuma,0866 5861 9045,,10,M,Depok,MBR-53444,PLATINUM,2026-08-03,BR-06,ACTIVE,2026-02-27T17:05:44+07:00
778a7cc8-8f85-5197-801b-6181c9de802a,Made Anggraini,+62886-5319-5661,made.anggraini562@customer.test,3,U,Malang,MBR-66205,BRONZE,2026-03-25,BR-12,ACTIVE,2026-09-05T12:53:56+07:00
e46b6829-fb6c-5f7a-af1d-a7b2ef669a53,Citra Adinata,+62824-8224-7308, citra.adinata.563@inbox.id ,2,U,Cirebon,MBR-32690,,2025-11-21,BR-14,INACTIVE,2025-04-14T06:36:55+07:00
1f29b847-0562-5ea5-8792-6970b8964161,Tari Wijaya,0832-0158-5093,tari.wijaya.@customer.test,4,M,Kulon Progo,MBR-85858,SILVER,2026-07-03,BR-16,ACTIVE,2026-04-20T05:54:06+07:00
6816a04f-0ec8-508e-88b9-83233cf6fb37,Wahyu Setiawan,085711119960, wahyu.setiawan.@example.id ,5,F,Purworejo,,GOLD,2026-04-19,BR-09,ACTIVE,2025-09-02T00:26:16+07:00
b2bdbefa-01e9-5c7f-9a9e-e44aab4bb844,Dian Permata,+6286901965540,dian.permata.@example.id,6,U,Bogor,,BRONZE,2026-04-19,BR-09,INACTIVE,2025-12-10T13:36:41+07:00
42b7c866-c4d8-5bd1-9939-6d1b7fc74d8f,Lina Santoso,0898-3128-4654,lina.santoso@mail.id,6,U,Kulon Progo,MBR-36222,GOLD,2026-09-21,BR-08,ACTIVE,2026-08-24T02:02:39+07:00
0d195d36-9c80-576c-a4d8-d7a3c02792eb,Ayu Utami,089336382769,ayu.utami.@mail.id,12,F,Jember,MBR-88279,BRONZE,2026-05-27,BR-19,ACTIVE,2026-01-08T03:10:10+07:00
49217d2e-e5a0-55b6-9005-22519fb7d56b,Ayu Utami,088782445152,ayu.utami569@example.id,3,F,Bantul,MBR-17243,GOLD,2026-05-02,BR-03,ACTIVE,2025-08-27T02:42:14+07:00
3d8f3ee8-bf77-5ca2-8ae4-2d203cc76274,Budi Santoso,+6289837371910,budi.santoso.@mail.id,6,M,Purworejo,MBR-43212,PLATINUM,2026-05-29,BR-14,ACTIVE,2025-11-03T23:47:00+07:00
b6b6a989-339c-541f-a286-c76146bcc076,Sari Hidayat,+62894 7578 9823, sari.hidayat@mail.id ,12,F,Yogyakarta,MBR-12154,,2026-02-12,BR-05,ACTIVE,2025-10-03T23:24:32+07:00
7601b547-ff11-5f1e-be6a-9a4728ff5bf8,Citra Anggraini,086055443798,citra.anggraini@mail.id,12,U,Jember,MBR-10467,SILVER,2025-03-31,BR-16,ACTIVE,2025-09-11T08:48:00+07:00
d1262333-904d-5d24-b8c9-559066d4e00d,Agus Wijaya,0829-9915-9915, agus.wijaya@example.id ,3,U,Gunungkidul,,,2026-02-17,BR-17,ACTIVE,2025-12-24T17:56:20+07:00
53c5a640-0dcb-5a97-bdd3-4b041d051a98,Eka Utami,0842-7630-6345,eka.utami.@example.id,9,F,Depok,MBR-26100,SILVER,2026-08-16,BR-12,CLOSED,2026-02-26T01:54:23+07:00
ac7630c9-a58d-52b3-bc60-7b2110de19aa,Raka Mahendra,083941311094, raka.mahendra.575@customer.test ,7,F,Kulon Progo,,SILVER,2026-06-01,BR-11,ACTIVE,2025-10-04T22:46:17+07:00
53a9bcda-dd0d-5ba3-b0a1-ded3b1369e7f,Yuni Mahendra,+6287143407607,yuni.mahendra.@example.id,8,U,Sleman,,PLATINUM,2025-07-20,BR-12,ACTIVE,2026-06-30T08:13:13+07:00
3441f9f7-ec48-5c85-a3ad-14fa736e3a0b,Sari Santoso,+6287095057368,sari.santoso@inbox.id,10,M,Bekasi,MBR-56415,GOLD,2025-08-23,BR-02,ACTIVE,2025-05-17T10:15:56+07:00
c9c13099-9269-541a-a195-d678af8bb645,Budi Utami,+62841 8973 2523,budi.utami.@mail.id,7,F,Surabaya,MBR-26754,BRONZE,2025-08-01,BR-15,ACTIVE,2025-06-25T11:30:19+07:00
03f05c3a-7865-5c50-a584-62d87d31de4c,Indra Utami,0825-5905-1144,indra.utami579@inbox.id,2,U,Semarang,,PLATINUM,2025-09-23,BR-17,ACTIVE,2026-01-18T21:45:18+07:00
85589e8a-a61a-51c3-bb91-b13932fed65d,Citra Mahendra,0868 6340 6039,,9,M,Solo,MBR-10440,SILVER,2025-11-03,BR-20,ACTIVE,2026-01-20T17:08:26+07:00
ffcf42ca-b5d1-5706-ac85-fef4415982ac,Tari Putri,0876 3556 8234, tari.putri581@mail.id ,7,M,Jember,MBR-99971,SILVER,2025-12-17,BR-08,ACTIVE,2026-08-01T01:27:43+07:00
d2e2cdb1-62c7-56eb-a704-3ce6983086db,Made Setiawan,+62888-9360-2169,,12,U,Yogyakarta,,GOLD,2025-10-25,BR-09,ACTIVE,2025-09-18T21:42:54+07:00
8c9fe42f-ac9b-5ac8-8c49-3eba0487ce84,Intan Kusuma,089657152424,,12,M,Magelang,MBR-39707,,2025-10-08,BR-02,ACTIVE,2026-05-27T02:27:49+07:00
a158f167-455f-53aa-982f-bd2cd44badba,Lina Hidayat,,lina.hidayat@mail.id,1,F,Bantul,MBR-87823,GOLD,2026-09-19,BR-16,ACTIVE,2026-03-03T17:05:12+07:00
d38d2812-86fb-5666-8438-1366aa51b9e0,Nadia Santoso,0816-3241-3610,nadia.santoso585@customer.test,3,F,Solo,,GOLD,2025-07-20,BR-06,ACTIVE,2026-03-01T06:02:09+07:00
5373ba93-46c1-511a-91e2-091fdabdbd70,Dian Putra,+6287530156953,dian.putra.@customer.test,3,U,Bantul,MBR-25452,,2025-06-05,BR-05,ACTIVE,2025-06-13T17:46:03+07:00
9549e471-9d53-5883-bf70-6d105c5f4e7c,Agus Wulandari,+62885-2144-5913,agus.wulandari587@customer.test,3,U,Bogor,,,2025-08-25,BR-11,INACTIVE,2026-09-23T06:48:20+07:00
ae37cd92-b3d7-5622-ac87-e0c32f59c3bf,Fitri Kusuma,+62894 5890 4018,fitri.kusuma.588@inbox.id,8,M,Kediri,MBR-25727,PLATINUM,2025-08-04,BR-07,ACTIVE,2026-01-25T18:30:56+07:00
6c7bc1af-ff17-588e-802c-3112713be05a,Dewi Kusuma,+6287015101869,dewi.kusuma.589@customer.test,8,M,Magelang,MBR-27910,GOLD,2026-03-18,BR-13,ACTIVE,2026-09-27T04:48:58+07:00
410d62a4-3e4b-58e1-b909-104a47637519,Yuni Wijaya,+62857 2897 9558, yuni.wijaya590@mail.id ,3,F,Depok,,,2025-05-15,BR-09,ACTIVE,2026-03-18T13:50:17+07:00
ac113d21-a080-5ad5-a06d-9a7b692a01d4,Citra Putri,0842-1735-0406, citra.putri@inbox.id ,3,U,Magelang,MBR-68699,SILVER,2026-05-04,BR-18,ACTIVE,2025-05-20T21:05:31+07:00
0c8eb120-e6f3-5449-81a5-affed92c97b3,Raka Mahendra,+62836 7394 6430,raka.mahendra@inbox.id,5,M,Kulon Progo,,PLATINUM,2025-08-20,BR-13,ACTIVE,2025-06-01T00:24:14+07:00
431a64fe-6518-5819-975a-6277888555bd,Yuni Utami,089101958205,yuni.utami.593@customer.test,5,U,Semarang,,GOLD,2025-06-20,BR-18,ACTIVE,2026-08-08T20:23:44+07:00
03cf2e27-1a6e-58e6-bd35-2f2ecf43331b,Hana Putri,+6283284694477,hana.putri.@mail.id,2,U,Magelang,,GOLD,2026-03-12,BR-08,ACTIVE,2026-01-25T05:27:05+07:00
8068e38b-853f-51d8-ba56-b3a368ff917c,Raka Utami,0846-6671-3808, raka.utami595@example.id ,1,M,Kulon Progo,MBR-89689,PLATINUM,2026-01-04,BR-10,ACTIVE,2025-11-22T02:46:44+07:00
5d5ec58a-f93a-58de-a4ca-38dd0dc88e1a,Eka Kusuma,087057595664,eka.kusuma@example.id,11,U,Yogyakarta,,BRONZE,2025-08-22,BR-03,ACTIVE,2026-03-30T01:19:33+07:00
aaaaaa88-492b-5cd3-a83d-c34ad3db60fb,Sari Anggraini,088299149452,sari.anggraini.@inbox.id,5,M,Purworejo,MBR-94524,SILVER,2025-12-04,BR-07,ACTIVE,2025-09-26T02:10:17+07:00
55d3c133-c48a-5ed5-b71f-25f9a850381c,Adi Mahendra,+62879-9323-4192,adi.mahendra.598@customer.test,12,M,Madiun,,PLATINUM,2026-01-20,BR-16,ACTIVE,2025-07-18T21:21:35+07:00
2daefa95-487e-515d-993f-283448dddd9a,Budi Permata,087730671171,budi.permata.@mail.id,6,F,Bekasi,MBR-45395,BRONZE,2025-11-13,BR-19,ACTIVE,2026-01-03T06:41:12+07:00
e8301523-a19d-5a0c-9ffb-7fd1e66d1e3b,Adi Setiawan,081719550219,adi.setiawan.@customer.test,9,F,Bogor,MBR-89857,BRONZE,2025-06-15,BR-10,ACTIVE,2026-08-18T21:48:45+07:00
6be79eb5-8090-5492-8149-3cd9f6dbfd3b,Budi Adinata,0834-2706-4124,budi.adinata601@example.id,2,M,Jember,MBR-70258,,2026-05-24,BR-06,ACTIVE,2026-05-20T18:31:07+07:00
038408ac-bdf8-5084-adfb-629c67c059b6,Agus Santoso,+6289988182250,agus.santoso@example.id,11,F,Magelang,MBR-32940,SILVER,2025-12-07,BR-12,ACTIVE,2026-06-02T21:38:45+07:00
baefb64c-41e4-566f-b2d9-250769cb9f33,Eka Anggraini,+62882-2659-1672,eka.anggraini.@mail.id,11,M,Gunungkidul,MBR-95812,SILVER,2025-10-08,BR-05,ACTIVE,2025-10-07T10:09:09+07:00
090f716d-f734-513b-b363-6bf19a5e73ac,Citra Putra,+6285634418237, citra.putra@inbox.id ,12,U,Madiun,MBR-73926,BRONZE,2026-03-07,BR-15,ACTIVE,2026-07-22T15:23:53+07:00
44b70b3b-8adb-57e3-b5a2-8cdbc755de10,Eka Utami,+62843 4465 7843,eka.utami@mail.id,2,U,Kulon Progo,MBR-10571,BRONZE,2025-09-03,BR-17,ACTIVE,2026-08-18T07:52:09+07:00
ac44835f-0aaf-514c-8ae6-fafb086592c4,Citra Santoso,+6288608423628,citra.santoso.@example.id,12,U,Jember,MBR-75771,PLATINUM,2025-08-10,BR-15,ACTIVE,2025-09-06T05:14:03+07:00
d1bd2155-260d-5f83-9b4b-93061862957a,Fitri Utami,088803762714,fitri.utami.@customer.test,6,U,Cirebon,MBR-66375,GOLD,2025-10-28,BR-05,ACTIVE,2026-06-07T05:12:56+07:00
2519c7c2-61fd-5648-ad17-3da9e75ba003,Sari Permata,+6283241908782,sari.permata.608@customer.test,6,U,Depok,MBR-50075,PLATINUM,2025-03-30,BR-13,ACTIVE,2025-07-11T12:55:12+07:00
cf61daab-08b0-5965-a1bc-f311a5b922e0,Raka Prasetyo,0885 8441 9277,raka.prasetyo609@customer.test,4,F,Solo,MBR-50126,SILVER,2026-06-05,BR-11,ACTIVE,2025-12-25T20:23:17+07:00
994ccad9-a402-518d-acc9-cebf9b85b976,Dian Putri,0867-5234-4966,dian.putri.610@inbox.id,9,M,Bekasi,MBR-47268,BRONZE,2025-09-04,BR-03,ACTIVE,2025-09-29T16:45:19+07:00
99596c84-498b-5b3b-a657-c8cdf2c2b057,Yuni Adinata,+6282082078798,yuni.adinata@mail.id,5,F,Gunungkidul,MBR-55495,,2026-09-29,BR-07,ACTIVE,2025-07-03T01:29:18+07:00
f9232ae4-f7ae-5c57-93c8-5ec80010af97,Sari Mahendra,083459836836, sari.mahendra.612@customer.test ,9,M,Klaten,MBR-36681,SILVER,2026-02-03,BR-20,ACTIVE,2026-05-22T22:38:41+07:00
ef99d09b-32a7-5d2c-a6b5-1da8003bd369,Ayu Adinata,+6286585564807,ayu.adinata.@inbox.id,11,F,Solo,MBR-13336,BRONZE,2025-09-25,BR-19,INACTIVE,2025-10-07T13:43:46+07:00
19882ea0-1276-5c31-88c5-1c521056e413,Citra Utami,085867756182,,4,F,Semarang,,,2025-04-15,BR-01,INACTIVE,2026-01-27T12:08:47+07:00
68aa1b7c-7372-5818-b1a3-78f100a02ae5,Hana Permata,+62895-6957-3608, hana.permata615@example.id ,2,M,Malang,MBR-92856,SILVER,2025-05-01,BR-15,ACTIVE,2025-07-02T18:14:21+07:00
7cfc5a36-fae1-5f2f-96c1-1acdbad1811a,Indra Hidayat,0876-1000-2173,indra.hidayat@mail.id,2,M,Gunungkidul,MBR-75645,GOLD,2025-04-01,BR-20,ACTIVE,2025-09-17T19:57:26+07:00
9fb2a9a7-7dff-5d1f-a823-62a13c95798c,Yuni Kusuma,0819 5833 2235,yuni.kusuma.617@mail.id,11,M,Madiun,MBR-13906,BRONZE,2025-09-29,BR-05,ACTIVE,2025-10-09T14:50:12+07:00
67800ee6-ae47-53c5-9819-22f96374a6d1,Agus Utami,,agus.utami618@example.id,8,U,Yogyakarta,MBR-23949,BRONZE,2025-11-26,BR-02,ACTIVE,2025-09-25T03:15:07+07:00
bdf744e6-7753-5e33-b70f-fbb072079362,Adi Wulandari,+62852 2435 4445,adi.wulandari.@example.id,5,U,Purworejo,,PLATINUM,2026-03-03,BR-02,ACTIVE,2026-04-23T03:19:37+07:00
eec793df-636e-584d-9a39-307df62cfe3b,Yuni Wulandari,+6283221484755,yuni.wulandari@customer.test,12,F,Purworejo,MBR-49794,SILVER,2025-08-19,BR-10,ACTIVE,2026-08-28T15:29:17+07:00
3240f845-28eb-5efb-a670-9f93077dd536,Ayu Darmawan,0814 9195 0355,ayu.darmawan.621@mail.id,4,M,Bekasi,MBR-33955,SILVER,2026-09-07,BR-05,ACTIVE,2026-05-08T19:29:58+07:00
b64d78fe-0832-5221-8245-08edd84200f9,Sari Putri,084646113906, sari.putri@mail.id ,12,F,Bogor,MBR-74961,PLATINUM,2026-01-06,BR-18,INACTIVE,2025-10-18T18:27:19+07:00
150a15e4-6a99-5d93-a5d2-aad42cba82bd,Tari Darmawan,+6287683945930,tari.darmawan.@customer.test,2,M,Solo,MBR-32712,,2026-03-25,BR-14,ACTIVE,2025-04-01T19:05:00+07:00
a1726a9b-f821-53a2-8d3a-07a459d7c7d3,Eka Anggraini,+6281596344490, eka.anggraini.624@mail.id ,6,M,Bantul,MBR-56587,,2026-06-05,BR-06,ACTIVE,2025-04-08T08:12:47+07:00
2a31c6d7-3c89-5e85-bcd0-c7b4af0fc690,Nadia Putra,+6285893886515,nadia.putra.625@inbox.id,6,M,Gunungkidul,,PLATINUM,2026-02-23,BR-03,ACTIVE,2025-11-15T20:18:10+07:00
557521d4-a922-581f-b5a5-d2c19f1d9096,Intan Wulandari,088733967733,intan.wulandari.@example.id,1,U,Bandung,MBR-93933,BRONZE,2025-04-17,BR-18,INACTIVE,2025-06-01T22:08:58+07:00
b9467303-84e2-5954-b10d-77e6a91ad314,Eka Adinata,+62873-4725-7023,eka.adinata.@mail.id,1,M,Magelang,MBR-98676,BRONZE,2026-04-25,BR-05,CLOSED,2025-12-31T09:39:54+07:00
b77c2bd4-f2db-5f06-a89b-daf300c6fd00,Lina Putra,+62894 9261 2801,lina.putra.@mail.id,1,M,Magelang,MBR-67594,BRONZE,2025-11-14,BR-06,ACTIVE,2026-04-06T06:47:25+07:00
71c42a70-287f-5265-ade0-8ac9eaf29985,Wahyu Utami,+62825 6203 2983,wahyu.utami629@customer.test,4,F,Bandung,,BRONZE,2026-01-25,BR-10,ACTIVE,2025-08-09T20:09:04+07:00
59c8c221-acb6-5f46-97b1-f53588fac222,Nadia Anggraini,0821 0679 6654,nadia.anggraini.@example.id,7,F,Bekasi,MBR-67870,PLATINUM,2025-04-12,BR-04,INACTIVE,2026-05-07T07:49:22+07:00
72c16769-ba5a-58e8-82ea-ed7fa104f8eb,Adi Mahendra,+62863-2947-6276,,8,M,Malang,MBR-86381,GOLD,2025-11-13,BR-09,ACTIVE,2025-09-15T18:16:03+07:00
346b0e7c-996d-52f0-9aeb-db2f8c1f962f,Citra Putra,088117820654,citra.putra.632@example.id,4,M,Depok,MBR-84021,SILVER,2026-08-16,BR-12,ACTIVE,2025-06-03T00:17:28+07:00
60a35ea5-0609-5054-a5d8-2c9209fa3e4b,Sari Putri,086371820418, sari.putri633@example.id ,3,M,Depok,MBR-56996,PLATINUM,2026-09-07,BR-10,ACTIVE,2025-08-25T13:22:43+07:00
117c50f1-8495-5aad-97f3-703507ac1861,Eka Setiawan,+6286964592090,eka.setiawan@customer.test,11,U,Semarang,,,2026-04-03,BR-10,ACTIVE,2026-07-14T08:42:19+07:00
5c350883-eb55-5561-9038-ec1c8602de6c,Raka Adinata,0854 6475 3922,raka.adinata635@mail.id,11,F,Depok,MBR-14325,BRONZE,2026-02-23,BR-18,ACTIVE,2026-01-21T11:42:54+07:00
ca81d152-f2fb-58c2-887f-b52290994376,Eka Setiawan,+6285648168523,eka.setiawan.636@customer.test,12,F,Depok,MBR-74929,PLATINUM,2025-05-15,BR-17,ACTIVE,2026-09-20T15:52:46+07:00
42deb96e-3a12-561a-b223-c5411d331b24,Dian Utami,,dian.utami637@mail.id,5,M,Solo,MBR-13084,PLATINUM,2025-12-22,BR-20,CLOSED,2026-07-24T08:40:57+07:00
f8f76a97-8cae-5262-9b69-bb0f7a10fb87,Made Adinata,081756334783,made.adinata@inbox.id,11,M,Bekasi,,,2025-07-19,BR-12,ACTIVE,2026-09-22T01:20:07+07:00
7c7a1932-2dcf-5742-8305-f97abf125c96,Budi Permata,0823 3781 0877,budi.permata.@customer.test,11,M,Klaten,MBR-88952,PLATINUM,2026-02-02,BR-11,ACTIVE,2025-05-14T22:26:50+07:00
154c6f0a-78e6-527b-b651-a97223199d6c,Hana Wulandari,0800 9234 0622,,10,U,Surabaya,MBR-62554,GOLD,2026-09-29,BR-11,ACTIVE,2026-02-23T20:09:47+07:00
a347017c-098a-5650-836d-614d62c88be0,Raka Wulandari,0875 5689 6725, raka.wulandari@inbox.id ,3,F,Bantul,MBR-66302,GOLD,2025-05-11,BR-03,ACTIVE,2026-05-24T07:34:30+07:00
5a836648-b73e-5868-b858-efeef2af3c1f,Dian Anggraini,+62836-9289-5740,dian.anggraini642@example.id,3,M,Kulon Progo,MBR-34642,BRONZE,2025-06-11,BR-07,ACTIVE,2026-08-10T21:15:17+07:00
d55bad1e-2ff9-54bf-874d-0e68d2ff40df,Citra Anggraini,+62807 1061 3968,citra.anggraini643@example.id,7,M,Malang,,,2025-05-27,BR-06,ACTIVE,2026-02-02T06:16:09+07:00
7399ada5-1c9c-578c-a99a-3bc2defc4572,Intan Prasetyo,+62815 3481 2629,,4,F,Jember,MBR-27294,SILVER,2025-12-31,BR-14,ACTIVE,2026-08-16T00:40:35+07:00
d83f8ad4-f826-54be-b835-48bb0b74a5fc,Tari Permata,085678084244,tari.permata.645@mail.id,8,U,Malang,MBR-84498,,2026-01-29,BR-09,INACTIVE,2026-05-21T23:13:44+07:00
041eb049-259c-58ae-8600-4e63eecda47a,Dian Darmawan,+62884 1070 8963, dian.darmawan646@mail.id ,4,U,Kulon Progo,,GOLD,2026-03-14,BR-13,ACTIVE,2025-07-25T10:22:29+07:00
f6e1b2ff-d181-535a-8bfe-e99b9484e5fa,Agus Kusuma,+62822 6963 9879,agus.kusuma.647@mail.id,10,M,Semarang,MBR-47443,PLATINUM,2026-05-16,BR-13,ACTIVE,2025-06-06T22:46:06+07:00
140030a4-d580-53f1-8cf4-5020a39b32ef,Fitri Utami,084281127215,fitri.utami.@inbox.id,5,F,Malang,MBR-69236,SILVER,2025-10-19,BR-13,ACTIVE,2025-05-24T15:09:13+07:00
cfb041f8-bea3-5b6b-9845-6da8f36a8ce7,Dewi Santoso,+62868 0427 3276,,6,F,Jember,MBR-27935,BRONZE,2025-08-05,BR-06,INACTIVE,2026-03-30T20:54:31+07:00
b13ab579-8458-52ca-894c-95287ee7b4a3,Indra Hidayat,,indra.hidayat@inbox.id,6,M,Bantul,MBR-21732,,2026-04-22,BR-17,ACTIVE,2026-05-29T04:12:27+07:00
0e218a33-9e84-550c-8201-277a83f0d3ff,Nadia Kusuma,0866 8986 7238,nadia.kusuma.@inbox.id,1,F,Kediri,MBR-26951,GOLD,2026-09-27,BR-20,INACTIVE,2026-06-29T20:14:26+07:00
89d36475-4567-5a04-bbd3-845ae4391179,Dewi Putri,086451125009,dewi.putri652@example.id,12,U,Bandung,,BRONZE,2025-12-23,BR-06,ACTIVE,2026-03-03T03:01:14+07:00
2bbdc754-14be-5621-9175-ee0d981f97e5,Adi Santoso,+62854-0966-6142,adi.santoso.653@example.id,6,U,Bekasi,,PLATINUM,2025-04-12,BR-18,ACTIVE,2026-09-05T01:57:26+07:00
946cea82-3493-5c52-a33a-d7354036a51a,Adi Santoso,+62846-4510-8124, adi.santoso654@example.id ,9,U,Purworejo,,,2026-02-10,BR-05,ACTIVE,2025-12-07T09:49:36+07:00
0c8ecad2-e372-5e9f-a817-8eb460fb4732,Yuni Hidayat,+62821 6699 6880,yuni.hidayat.655@example.id,1,U,Depok,MBR-22723,PLATINUM,2026-04-12,BR-03,INACTIVE,2025-12-08T11:07:07+07:00
d243838a-c43b-5805-91c0-5588ccfa8f92,Wahyu Setiawan,+6286565472467,wahyu.setiawan656@mail.id,11,U,Bandung,,GOLD,2025-03-31,BR-14,INACTIVE,2026-02-02T16:36:27+07:00
f1a65c62-135f-5f66-a8a6-13ed219f0194,Lina Adinata,085153064050,lina.adinata.657@mail.id,10,F,Bantul,,BRONZE,2025-11-07,BR-18,ACTIVE,2026-02-15T02:04:40+07:00
798eae17-0cdb-56cb-9d35-2fa12006c33d,Ayu Adinata,+62877 0201 2965,ayu.adinata.@example.id,2,U,Semarang,MBR-59574,GOLD,2025-08-10,BR-17,ACTIVE,2026-08-09T00:07:16+07:00
3b1c30d3-4e87-5462-a494-5cdd4613c06b,Dian Mahendra,0869 0933 8336,dian.mahendra@customer.test,9,M,Kediri,MBR-71862,GOLD,2025-07-05,BR-17,ACTIVE,2025-08-23T02:58:54+07:00
0e133ce7-9144-50b7-921a-279d70a0a319,Hana Wulandari,0855 4984 7021,hana.wulandari.660@inbox.id,12,M,Bekasi,MBR-58430,PLATINUM,2025-05-25,BR-11,ACTIVE,2025-12-06T03:29:14+07:00
f44909e5-0f14-55ff-b9af-2e1b8ab6a243,Lina Setiawan,085434226772, lina.setiawan@customer.test ,10,U,Gunungkidul,MBR-80609,PLATINUM,2025-12-15,BR-09,ACTIVE,2026-03-10T21:06:53+07:00
2db3850e-c190-5aea-acd3-e6427acdb5a0,Nadia Permata,0896 1108 2212,nadia.permata662@example.id,3,U,Solo,MBR-29962,,2025-11-23,BR-04,ACTIVE,2026-08-11T23:13:29+07:00
4414e173-bfb8-5213-8e42-f7eb6172be43,Dewi Setiawan,+62866 2752 7155,dewi.setiawan.@example.id,1,F,Bogor,MBR-67207,SILVER,2026-01-03,BR-04,ACTIVE,2025-08-10T22:33:56+07:00
39bdb496-920b-5b8c-8918-33875f1986d8,Lina Permata,+6282627879437,lina.permata@customer.test,5,M,Semarang,MBR-67603,SILVER,2026-01-07,BR-03,ACTIVE,2025-06-21T03:31:46+07:00
9cd171b5-4d33-5eb0-b2f2-815746339a5a,Nadia Darmawan,+6289581956773,nadia.darmawan@mail.id,6,M,Malang,MBR-88592,SILVER,2025-06-22,BR-16,ACTIVE,2025-06-24T04:30:44+07:00
35761b81-0725-579f-aeb0-162addcbb301,Made Setiawan,089571930745,made.setiawan.@inbox.id,8,M,Bekasi,MBR-83052,SILVER,2025-05-14,BR-01,INACTIVE,2026-06-27T22:20:03+07:00
7761b192-02df-53dd-9b93-3019751d328a,Intan Darmawan,+62819-3878-6995,intan.darmawan.@example.id,6,F,Semarang,MBR-71015,SILVER,2025-10-12,BR-14,ACTIVE,2026-08-27T18:19:54+07:00
a72ecf92-3bbd-5373-a99f-76552961e6ca,Lina Mahendra,+62821 5502 7542, lina.mahendra.@mail.id ,7,F,Surabaya,MBR-28311,,2025-12-15,BR-05,ACTIVE,2025-04-21T13:47:21+07:00
ceec0da7-2c1f-51d8-a114-0f15d7886abf,Indra Putri,0824 0199 7210, indra.putri669@inbox.id ,5,F,Kulon Progo,MBR-74013,,2025-05-03,BR-13,INACTIVE,2026-09-20T04:15:50+07:00
cd5190df-17a5-5a36-9d2a-25d1f6996c0e,Budi Permata,+6285746956034,budi.permata670@customer.test,3,F,Magelang,,,2025-08-17,BR-12,ACTIVE,2026-04-10T12:30:59+07:00
c7988920-220b-5bae-b6c6-b88f7c00be90,Tari Kusuma,0890 1271 3572, tari.kusuma671@inbox.id ,6,M,Bogor,MBR-89311,BRONZE,2026-02-20,BR-11,ACTIVE,2025-06-28T22:43:58+07:00
bf9c5cfe-52bb-50e9-90f8-65401286e779,Lina Darmawan,0873-9505-0128,lina.darmawan672@mail.id,11,M,Bantul,MBR-52467,SILVER,2026-03-09,BR-07,ACTIVE,2025-12-12T23:38:16+07:00
93a0eef6-936c-51a0-b53b-64454c97de13,Dian Hidayat,+62885-6866-0456,dian.hidayat673@mail.id,4,F,Cirebon,MBR-96051,BRONZE,2026-02-19,BR-17,ACTIVE,2026-06-15T18:56:42+07:00
67211e47-8d0f-5f7c-96f2-a200b3266ea4,Sari Putri,+6289583819982,sari.putri.674@mail.id,5,U,Gunungkidul,MBR-30327,PLATINUM,2026-04-17,BR-05,ACTIVE,2026-05-22T07:07:05+07:00
bf87d382-7ad3-5c1c-bf37-def9d73ccdb4,Hana Setiawan,+6281611475806,hana.setiawan@inbox.id,12,U,Semarang,MBR-19125,PLATINUM,2026-04-08,BR-02,ACTIVE,2026-09-28T18:24:53+07:00
92146d9f-45c7-5f59-a463-afd79c28283a,Citra Putri,+6281703166750,citra.putri.@customer.test,6,F,Klaten,MBR-54975,GOLD,2025-09-26,BR-20,ACTIVE,2026-02-27T03:04:29+07:00
ce6e0548-b1b9-54a8-82c2-75b6510d7cec,Hana Permata,+62876-3291-0464,hana.permata.677@customer.test,2,M,Semarang,,GOLD,2025-10-16,BR-08,ACTIVE,2025-11-05T00:39:36+07:00
20021afc-f4d7-583e-8d0a-0b7430a3bdbf,Intan Santoso,085198311510,intan.santoso.@example.id,9,U,Purworejo,MBR-50456,,2026-08-13,BR-13,CLOSED,2026-01-12T22:07:23+07:00
f939e0ca-6888-5185-a4f1-0aa3aabb1e42,Hana Wijaya,083946481562,hana.wijaya@inbox.id,2,M,Klaten,MBR-11561,BRONZE,2026-06-21,BR-19,ACTIVE,2025-07-15T17:54:11+07:00
b78205dc-db35-5efa-8419-09f046e7f05f,Hana Putra,0868-1386-7560,hana.putra680@example.id,8,M,Solo,MBR-89099,SILVER,2026-07-20,BR-16,INACTIVE,2026-07-01T07:44:26+07:00
066aad08-21d4-59fe-9ba5-4dc48d5e09df,Ayu Wulandari,+6284101752889,ayu.wulandari@example.id,9,M,Surabaya,MBR-80079,BRONZE,2025-06-02,BR-16,ACTIVE,2025-06-17T15:29:11+07:00
4b43c36d-7939-5e35-aeea-02f00265f71c,Yuni Santoso,081454465314,yuni.santoso.682@inbox.id,2,F,Semarang,MBR-23014,GOLD,2026-08-04,BR-09,ACTIVE,2025-07-18T05:12:03+07:00
f1af066b-6167-5463-aad9-aec4a365475e,Nadia Utami,+62816 6343 1575, nadia.utami@customer.test ,4,M,Yogyakarta,MBR-63410,BRONZE,2025-04-21,BR-15,INACTIVE,2026-08-01T11:23:50+07:00
b1767e2a-3649-52fa-ac0e-7d952a48af5e,Eka Putra,080791392956,eka.putra@example.id,5,F,Malang,MBR-38153,BRONZE,2025-03-31,BR-02,ACTIVE,2025-11-20T19:54:18+07:00
24ebc88b-4307-5f93-9934-82598c869214,Sari Putri,+6283093866446,sari.putri685@example.id,10,U,Magelang,,GOLD,2025-06-21,BR-14,ACTIVE,2025-11-02T04:55:06+07:00
527c2b2e-4a99-5f86-a23d-372b075fab44,Tari Adinata,+62807-8625-1690,tari.adinata.686@example.id,3,M,Gunungkidul,MBR-67200,BRONZE,2026-09-23,BR-12,ACTIVE,2026-03-22T13:16:04+07:00
c0c88aef-06fb-59be-8543-5eadfe4d7fa3,Dewi Anggraini,088002489964,dewi.anggraini.687@customer.test,7,U,Bantul,,,2025-04-03,BR-09,ACTIVE,2025-12-15T09:56:22+07:00
fb85d0b6-c378-5ca1-bd35-30305ed5f6ad,Intan Kusuma,+62876-9404-8937,intan.kusuma.@example.id,12,U,Bekasi,MBR-46852,PLATINUM,2026-02-27,BR-12,ACTIVE,2026-02-22T06:32:34+07:00
c8d87ab6-9566-507b-970f-0eb66f44d131,Yuni Setiawan,085807814676,,7,M,Bekasi,MBR-11250,PLATINUM,2025-09-17,BR-05,ACTIVE,2025-05-17T10:21:23+07:00
7fbb3d92-228c-5f58-8561-c3d12fa62dd5,Agus Putri,+6287215642916, agus.putri@customer.test ,8,U,Kulon Progo,MBR-11593,GOLD,2026-04-04,BR-02,ACTIVE,2026-06-11T22:49:55+07:00
fbdaf910-1a23-5889-bf33-6ec561ecdcdb,Made Adinata,0878 5590 7591,made.adinata.@example.id,7,M,Jember,MBR-18533,PLATINUM,2026-09-09,BR-07,ACTIVE,2026-07-08T10:19:47+07:00
23c8b54f-a87a-5321-9786-e2209c242611,Indra Wulandari,+6285058020862, indra.wulandari692@example.id ,3,U,Malang,MBR-80141,BRONZE,2026-05-04,BR-17,ACTIVE,2025-08-28T02:17:59+07:00
474ad90e-881d-5394-b17d-10a2e406fdc2,Yuni Anggraini,+62803-6969-1666,yuni.anggraini693@customer.test,3,U,Klaten,MBR-27824,,2026-05-07,BR-20,ACTIVE,2025-11-13T07:48:10+07:00
795c2e65-b491-5ce1-9860-85d50942cee3,Agus Darmawan,081144179566, agus.darmawan.@mail.id ,6,F,Cirebon,MBR-21054,SILVER,2025-05-20,BR-15,ACTIVE,2026-08-11T22:17:23+07:00
65550176-4a3c-57fc-889b-3d2d7cbc2159,Dian Adinata,084345126894,,2,F,Semarang,MBR-20335,SILVER,2026-03-17,BR-11,ACTIVE,2026-01-07T01:20:07+07:00
fc6ba405-3c9e-55e9-9f41-1d1719aafba0,Yuni Utami,088322364037,yuni.utami.@example.id,2,U,Purworejo,MBR-74361,BRONZE,2026-06-21,BR-04,ACTIVE,2026-03-17T06:03:14+07:00
fd460129-1476-5fc5-82b1-ce7a47ba76e7,Ayu Putra,+6289500306963, ayu.putra@mail.id ,11,F,Depok,MBR-82498,BRONZE,2026-07-05,BR-04,ACTIVE,2026-03-18T19:13:56+07:00
9e01708b-c05f-548f-af41-c2fdefbf3526,Lina Prasetyo,086910286378,lina.prasetyo@inbox.id,6,F,Kulon Progo,MBR-33735,PLATINUM,2025-12-20,BR-16,ACTIVE,2026-06-18T17:46:25+07:00
94619d1f-0ef4-55b4-950b-14f624bbd8d2,Ayu Santoso,+6286530112656,ayu.santoso699@example.id,4,U,Madiun,MBR-48362,BRONZE,2026-08-27,BR-07,ACTIVE,2026-07-01T14:08:22+07:00
2bca47fe-5116-5f9f-bdd6-f78429345ebb,Sari Hidayat,0810 7598 8830,sari.hidayat.700@customer.test,8,U,Bandung,MBR-73629,GOLD,2026-09-18,BR-20,ACTIVE,2025-11-21T14:08:03+07:00
e06d4c2d-9902-5662-9869-f9f5319914eb,Raka Mahendra,+6282726156669,raka.mahendra701@inbox.id,10,F,Magelang,MBR-54187,BRONZE,2026-05-19,BR-19,INACTIVE,2025-08-24T01:55:08+07:00
a1c694ec-de58-5cb6-8c92-10712d32a9b1,Yuni Mahendra,080792786956,yuni.mahendra.702@mail.id,6,F,Jember,,SILVER,2025-08-18,BR-09,ACTIVE,2026-07-11T19:45:09+07:00
5a1ea0fa-0ac5-5fc9-b8e2-52dadf1f9339,Fitri Adinata,0899 9200 1483,fitri.adinata703@customer.test,7,F,Depok,MBR-11653,BRONZE,2025-07-24,BR-17,ACTIVE,2026-01-13T11:53:03+07:00
edd22bca-571f-503c-9764-2cc81d5ad4fb,Fitri Utami,0875-2752-9762,fitri.utami@customer.test,7,F,Depok,MBR-49551,SILVER,2026-07-09,BR-20,ACTIVE,2026-05-01T03:23:16+07:00
4488e346-44c3-5f25-99f8-83da25beaa50,Nadia Adinata,0815-4258-6004,nadia.adinata705@customer.test,12,U,Magelang,MBR-46713,PLATINUM,2025-06-17,BR-19,ACTIVE,2026-07-13T04:39:34+07:00
97081f2d-227d-5c13-876f-d0c99955505e,Made Mahendra,+6288630576238, made.mahendra@example.id ,5,F,Purworejo,,,2025-10-23,BR-17,ACTIVE,2025-08-21T05:59:12+07:00
978f2479-93f8-5e35-920f-03e67112f870,Adi Hidayat,0804-4477-8277,adi.hidayat.@customer.test,1,F,Kulon Progo,MBR-56493,,2025-06-25,BR-01,ACTIVE,2026-03-25T07:19:51+07:00
ab8a8e83-c881-5f09-a00a-3c125d2bfe75,Dian Santoso,084843917686, dian.santoso708@example.id ,10,F,Bogor,MBR-98645,GOLD,2025-10-12,BR-17,ACTIVE,2025-11-12T22:40:50+07:00
67342009-0392-5626-99d1-7e0e30ef73ff,Made Hidayat,+62807-8916-0741,made.hidayat.709@customer.test,6,F,Cirebon,MBR-45658,GOLD,2026-01-14,BR-15,ACTIVE,2025-12-17T22:39:46+07:00
b3a080be-d4f6-5a33-860e-9c984b1533e2,Adi Santoso,+6282534392453, adi.santoso@mail.id ,5,F,Klaten,MBR-61142,GOLD,2026-02-20,BR-02,ACTIVE,2025-04-22T05:53:55+07:00
7a31a7a9-502b-5d77-8e60-221774ac9f46,Raka Putra,080178097672,raka.putra.@mail.id,12,F,Malang,MBR-29921,,2025-07-02,BR-11,ACTIVE,2025-04-02T14:02:58+07:00
57eab091-c398-5d28-b552-4e90be9bfb87,Eka Setiawan,+6281925002722, eka.setiawan@mail.id ,1,F,Kediri,MBR-39660,BRONZE,2026-09-07,BR-18,ACTIVE,2025-11-20T19:20:34+07:00
4191f5b7-7952-59f5-8c7a-72ac7f053122,Made Darmawan,+6282100868710,made.darmawan.713@example.id,1,F,Magelang,MBR-25616,GOLD,2025-05-23,BR-15,ACTIVE,2026-08-15T16:27:00+07:00
92d609d4-8f2a-576e-bffa-5095ac2ef601,Citra Mahendra,+62899 8466 4966,citra.mahendra.714@example.id,10,U,Depok,MBR-94199,BRONZE,2026-06-22,BR-11,ACTIVE,2025-07-02T21:31:58+07:00
abe8a9f0-c215-544a-aeb0-bfbd7de77974,Lina Hidayat,0896-9154-1787,lina.hidayat.@customer.test,4,F,Cirebon,,GOLD,2025-06-13,BR-08,INACTIVE,2025-03-30T19:27:17+07:00
69a2265f-651d-56b9-b40e-3ad9f9e0541d,Indra Kusuma,085974272864,indra.kusuma@example.id,11,U,Depok,MBR-86527,,2026-05-26,BR-08,ACTIVE,2026-04-19T06:39:59+07:00
3afbaaca-58f3-5e9b-83e9-2087e9010ee9,Adi Permata,+6281739741387,adi.permata.717@customer.test,8,M,Sleman,MBR-32437,SILVER,2025-05-01,BR-05,ACTIVE,2026-01-02T07:35:27+07:00
db46bf56-a378-59d5-a728-c8a8a2519a98,Intan Adinata,+6285907104639,intan.adinata@inbox.id,7,U,Depok,MBR-87943,,2025-04-04,BR-05,ACTIVE,2026-07-20T13:03:31+07:00
b64d154d-a444-5e12-a0d0-d05607144fc7,Hana Darmawan,087692425080,hana.darmawan719@inbox.id,6,F,Cirebon,MBR-13633,BRONZE,2025-04-20,BR-14,ACTIVE,2026-08-01T01:17:51+07:00
65a74c38-4772-5b46-aaf2-893289bb6bb9,Wahyu Kusuma,088467684929, wahyu.kusuma.720@example.id ,6,F,Magelang,MBR-59386,PLATINUM,2025-05-21,BR-17,ACTIVE,2026-04-23T13:03:17+07:00
bdb5dc5b-f775-5792-b815-63938d776366,Fitri Prasetyo,+6281777919326,fitri.prasetyo.@mail.id,3,U,Bandung,MBR-51880,PLATINUM,2026-01-23,BR-08,INACTIVE,2025-10-29T18:34:25+07:00
f504a941-42d2-5689-b1a4-ea59ff47afb1,Raka Anggraini,+62850-6079-5933,raka.anggraini.722@customer.test,7,M,Kediri,MBR-91107,,2025-04-24,BR-19,ACTIVE,2025-10-19T23:49:21+07:00
5afbb011-ba79-5570-809b-29060fd658cf,Agus Utami,089335024220, agus.utami723@example.id ,8,U,Surabaya,MBR-38446,,2026-03-11,BR-18,ACTIVE,2026-07-15T10:13:05+07:00
40a4772a-8a88-5d9e-b9a1-b4aa15d09f96,Indra Mahendra,0823-8739-4232,indra.mahendra@mail.id,7,F,Gunungkidul,MBR-52239,PLATINUM,2025-10-29,BR-01,ACTIVE,2026-07-17T23:05:30+07:00
cce4717d-0ac6-5285-bd2f-5e0488e0d016,Raka Mahendra,086967759193,raka.mahendra725@example.id,11,U,Malang,MBR-38491,BRONZE,2025-12-31,BR-11,ACTIVE,2026-08-29T14:37:27+07:00
9352b06f-cd35-57de-9a4a-d4b168d2e690,Raka Prasetyo,0822 6379 7997,raka.prasetyo726@customer.test,4,U,Depok,MBR-63387,PLATINUM,2026-04-19,BR-13,ACTIVE,2025-05-29T12:00:10+07:00
08d0fb29-067e-576e-abf5-cafd2888431d,Made Setiawan,+6288871625603,made.setiawan727@example.id,11,M,Bekasi,MBR-15456,PLATINUM,2025-11-05,BR-05,ACTIVE,2025-07-08T07:26:17+07:00
ad4e120d-d0c3-5ccd-8320-394ff1dc3ca5,Eka Kusuma,085150246774,eka.kusuma728@example.id,3,F,Gunungkidul,MBR-95350,PLATINUM,2026-07-20,BR-03,ACTIVE,2025-06-21T11:35:10+07:00
d0d7e7dc-acda-5145-8d73-21ddc049fb2f,Ayu Putri,+6286723873044,,12,F,Madiun,MBR-55652,SILVER,2025-10-15,BR-20,ACTIVE,2025-07-23T07:56:30+07:00
a02b19bc-9e1c-5a8a-b050-b9d541d5881f,Adi Permata,+6288507125147, adi.permata730@inbox.id ,1,U,Bantul,MBR-58946,,2025-06-13,BR-15,ACTIVE,2025-12-20T16:11:15+07:00
c35ae1a1-cda7-514e-8aa0-6ae901b33cbb,Hana Putra,+6284981229278, hana.putra@customer.test ,1,F,Bantul,MBR-99327,SILVER,2025-06-17,BR-12,ACTIVE,2025-07-18T03:46:44+07:00
fa2fc052-46db-52b9-b9b7-af056632f119,Wahyu Darmawan,085697968844, wahyu.darmawan732@example.id ,12,M,Kediri,,SILVER,2026-08-27,BR-18,ACTIVE,2026-08-21T02:22:07+07:00
00e4d6b7-79e4-5537-9863-e76dbb7ca4af,Lina Prasetyo,+6286155820934,lina.prasetyo.733@inbox.id,5,M,Kediri,MBR-86883,SILVER,2025-06-17,BR-07,ACTIVE,2025-05-20T23:45:43+07:00
f64a9e0c-fcbc-50d6-a17c-94da16acc9c5,Sari Anggraini,+6282300106397,sari.anggraini@customer.test,12,U,Jember,MBR-88683,SILVER,2025-11-01,BR-04,ACTIVE,2025-12-18T15:05:58+07:00
4119c4c2-d896-5133-bc2a-afaa8890bca0,Made Kusuma,,made.kusuma.@mail.id,11,U,Madiun,,,2025-06-26,BR-11,ACTIVE,2026-04-24T06:29:35+07:00
2f294cb3-b7ee-5073-a255-dba3c86ed26f,Made Putra,0806 2873 7726,made.putra736@customer.test,10,U,Bantul,MBR-34318,,2025-08-19,BR-06,ACTIVE,2026-09-09T11:22:42+07:00
ce020257-49ee-511d-a754-7f248eab3edb,Budi Anggraini,+62823 3651 4082, budi.anggraini.737@example.id ,7,F,Bandung,MBR-14931,SILVER,2025-05-10,BR-07,ACTIVE,2026-09-26T05:36:39+07:00
b2903f98-d257-5f42-b70b-0a37294ea691,Lina Setiawan,0826-1760-6400,lina.setiawan.738@mail.id,2,F,Surabaya,MBR-27760,SILVER,2026-04-11,BR-20,INACTIVE,2026-07-12T18:59:54+07:00
ca97f69a-8fcb-5867-96a4-cfc6948f6de2,Citra Darmawan,089366828595,citra.darmawan.739@customer.test,4,U,Bekasi,,,2025-04-02,BR-06,ACTIVE,2025-08-08T15:33:48+07:00
f38b4f32-5a93-5c59-a0e3-eb2450c31f51,Budi Putri,088626550813,budi.putri@example.id,9,M,Surabaya,MBR-10607,PLATINUM,2026-05-03,BR-12,ACTIVE,2026-02-06T14:53:07+07:00
443b2136-04cc-52b9-8b5c-83247951c90c,Sari Mahendra,0876-3228-5910,sari.mahendra741@mail.id,2,M,Malang,MBR-96527,SILVER,2026-04-01,BR-13,INACTIVE,2025-08-17T20:51:09+07:00
17a43159-3038-500c-a487-5f39ebf49e84,Dian Prasetyo,+62850 5810 3364,dian.prasetyo@mail.id,6,F,Kediri,MBR-54069,BRONZE,2025-12-24,BR-07,ACTIVE,2026-07-25T16:38:09+07:00
2df7850a-8c33-5f60-9651-65e63d9c7186,Citra Mahendra,0812-9797-8220,citra.mahendra743@example.id,9,M,Gunungkidul,MBR-38194,BRONZE,2026-05-24,BR-18,INACTIVE,2025-10-03T03:12:34+07:00
87fdc4ce-2068-58bc-88cd-5e18e47f7825,Nadia Putra,+6289238335043,,9,F,Purworejo,MBR-55745,SILVER,2025-11-04,BR-14,ACTIVE,2025-08-25T12:20:03+07:00
cb4b0ee7-c3d8-5956-a154-f813860639c4,Hana Anggraini,+62837 9511 4790,hana.anggraini@example.id,3,M,Madiun,MBR-16298,BRONZE,2025-09-30,BR-10,INACTIVE,2026-03-29T21:07:59+07:00
88c180db-71bb-54dd-aa19-66fb088501dc,Wahyu Setiawan,0861 7798 8277,wahyu.setiawan.746@customer.test,2,M,Gunungkidul,MBR-16451,PLATINUM,2026-02-12,BR-05,ACTIVE,2025-09-09T14:49:07+07:00
bffa0b43-31d4-5819-90f2-87ca56599238,Wahyu Wulandari,089483560917,wahyu.wulandari.@example.id,1,M,Gunungkidul,MBR-43645,PLATINUM,2026-08-04,BR-07,ACTIVE,2025-10-01T18:47:10+07:00
3bc2f7a8-e07a-54e8-9e17-a7826da2965b,Dewi Prasetyo,081211598918,,6,M,Klaten,,PLATINUM,2026-07-23,BR-12,INACTIVE,2025-08-09T22:33:10+07:00
876868e5-bb42-53ee-b0f7-86585f4bbfa6,Agus Kusuma,0819-6626-0940, agus.kusuma@customer.test ,11,U,Kulon Progo,MBR-93270,,2025-12-19,BR-12,ACTIVE,2025-12-21T17:10:23+07:00
68862f7e-5d0b-513a-bd57-878164b4470f,Dewi Wulandari,080240213997,dewi.wulandari@example.id,7,M,Sleman,,SILVER,2025-12-29,BR-04,CLOSED,2026-01-15T00:41:30+07:00
578468df-5dcb-5424-a9a6-f76ba703d5e7,Fitri Prasetyo,+62835-7942-8397,fitri.prasetyo751@customer.test,5,U,Magelang,,BRONZE,2025-12-19,BR-15,ACTIVE,2025-08-20T08:15:54+07:00
c29d29b8-774e-53be-8a39-70c3507f59a6,Lina Adinata,084793137619,,1,U,Semarang,MBR-62351,GOLD,2025-09-28,BR-17,ACTIVE,2026-01-15T23:43:43+07:00
faed581c-c103-5549-b304-55dea630edfb,Wahyu Wulandari,,wahyu.wulandari@customer.test,10,M,Yogyakarta,MBR-83605,PLATINUM,2025-04-09,BR-12,ACTIVE,2025-04-08T22:23:55+07:00
2e6c9eb1-4c19-53b0-9f4b-79b35fa3bdcb,Hana Prasetyo,088597382050,hana.prasetyo.754@mail.id,12,U,Kediri,,GOLD,2026-08-17,BR-06,ACTIVE,2026-06-30T14:16:01+07:00
87e482ec-698b-5f99-bdfa-7c604aee1cde,Ayu Adinata,+62826-2235-1519, ayu.adinata.755@customer.test ,9,F,Bandung,MBR-35098,,2025-12-15,BR-14,ACTIVE,2026-06-21T16:28:55+07:00
405efd21-a07b-540b-be91-eb39a0d88482,Dewi Mahendra,+6285280922667,dewi.mahendra.@customer.test,6,F,Magelang,MBR-45283,,2026-05-26,BR-18,ACTIVE,2025-12-22T15:19:36+07:00
adc00163-c67e-55b7-a03d-94f1579e8049,Made Darmawan,084621214540, made.darmawan.757@example.id ,11,F,Kulon Progo,MBR-90722,PLATINUM,2025-05-23,BR-03,ACTIVE,2026-03-27T17:40:43+07:00
5f02c523-ff05-5ebf-aa91-fde7e367a5c5,Hana Permata,0863-9680-5749,hana.permata.758@customer.test,11,U,Magelang,MBR-71407,,2026-06-29,BR-17,ACTIVE,2026-08-03T08:37:51+07:00
787abb4b-e9cd-5f25-a6e4-7f8a1fb0d0a7,Dewi Wijaya,+6286238828030, dewi.wijaya.759@example.id ,5,F,Bantul,MBR-39928,PLATINUM,2026-06-04,BR-13,ACTIVE,2025-09-05T13:19:31+07:00
3f064f1f-ac40-5543-a79c-9729fde8f36f,Dewi Kusuma,+6280078203068,dewi.kusuma760@mail.id,7,U,Yogyakarta,MBR-69410,PLATINUM,2026-09-09,BR-01,ACTIVE,2025-08-25T01:17:28+07:00
d308898b-eba9-5596-979f-b413dc0eac80,Citra Utami,0818 3498 3511, citra.utami@customer.test ,5,F,Klaten,MBR-83375,PLATINUM,2026-08-09,BR-04,ACTIVE,2025-06-22T11:28:00+07:00
308d29c0-06de-5fb8-8b07-f018cf5edf0c,Fitri Darmawan,083478987061,fitri.darmawan.@inbox.id,8,F,Jember,MBR-65776,BRONZE,2025-05-21,BR-16,ACTIVE,2026-05-12T05:13:21+07:00
8540eb45-9190-548c-8343-da7838248b1f,Raka Prasetyo,0889 0961 4417,raka.prasetyo.763@customer.test,6,F,Gunungkidul,,SILVER,2025-04-15,BR-09,ACTIVE,2026-02-13T19:48:24+07:00
3aedf74d-c181-54b9-98be-376f7e31ea22,Nadia Adinata,089859019200,nadia.adinata.764@customer.test,6,M,Bandung,MBR-22182,BRONZE,2026-03-07,BR-09,ACTIVE,2026-06-03T19:35:07+07:00
08f1e46b-fbb0-5d8f-a4a1-f7cfc5b3dd50,Tari Putra,+6288261329228,,11,M,Malang,MBR-93258,GOLD,2025-04-28,BR-15,ACTIVE,2026-03-15T21:47:52+07:00
ee0a27e2-ee77-5f08-83bd-7f93c8770bbc,Dian Setiawan,+62830-3404-6480,dian.setiawan766@example.id,9,U,Depok,MBR-23801,SILVER,2026-02-19,BR-14,ACTIVE,2025-12-04T14:58:30+07:00
d0c3379e-233b-5e9a-9758-c5920efdfad0,Nadia Mahendra,,nadia.mahendra.@example.id,10,M,Bandung,MBR-56648,PLATINUM,2026-09-01,BR-17,ACTIVE,2026-03-26T00:21:13+07:00
7872c932-5c3a-5aad-9783-5e54dad3b28c,Adi Prasetyo,+6284524404018,adi.prasetyo.@inbox.id,11,U,Bekasi,MBR-82422,PLATINUM,2025-12-19,BR-05,INACTIVE,2025-10-27T00:39:32+07:00
3b145525-c09d-57e0-8d86-e12186c32dd3,Indra Wijaya,088653587206,indra.wijaya.@mail.id,11,F,Magelang,MBR-30663,SILVER,2025-11-17,BR-06,ACTIVE,2026-02-18T23:54:29+07:00
8148c4d6-8e33-50c8-8c6c-7218b9e1719a,Raka Setiawan,082528937327,raka.setiawan.@inbox.id,3,M,Bantul,MBR-19547,GOLD,2025-10-23,BR-10,ACTIVE,2026-01-01T08:35:37+07:00
884bc635-329d-5391-8b8b-d9d3c3ed4cbd,Hana Setiawan,+6283793714029,hana.setiawan771@customer.test,8,F,Bandung,MBR-88994,GOLD,2025-05-11,BR-02,CLOSED,2025-05-26T15:54:17+07:00
6b747f03-f4a4-51d9-b79b-7adacdea1421,Raka Anggraini,085537098256,raka.anggraini.772@example.id,1,M,Surabaya,MBR-67636,GOLD,2026-06-08,BR-11,ACTIVE,2025-08-13T14:52:53+07:00
2d05e371-cd34-57ed-8235-41b9eacace25,Dian Anggraini,0863-4281-1320,,6,M,Gunungkidul,MBR-43592,PLATINUM,2026-03-24,BR-12,ACTIVE,2025-07-26T21:49:49+07:00
862fc38a-6acf-5efb-86e2-e53b94f6b331,Hana Santoso,+6284916529406, hana.santoso.@mail.id ,4,F,Solo,,SILVER,2026-09-06,BR-18,INACTIVE,2026-07-16T04:19:11+07:00
80b4e971-3245-5064-bcec-dd8d7d080a03,Budi Hidayat,,budi.hidayat@example.id,8,M,Klaten,,SILVER,2025-08-14,BR-16,ACTIVE,2025-10-07T22:05:05+07:00
698c37ff-8575-5c73-968a-a787206b2cbd,Adi Putra,0820-1815-6377,adi.putra.776@inbox.id,6,U,Yogyakarta,,,2025-04-02,BR-13,ACTIVE,2025-12-13T19:48:42+07:00
f53214b4-b01f-5c1a-aebd-7b3696d098ce,Budi Prasetyo,+62802-1677-2835,budi.prasetyo.777@inbox.id,11,M,Gunungkidul,MBR-38001,SILVER,2025-08-23,BR-13,ACTIVE,2026-01-21T00:24:44+07:00
abd7c01b-c8c8-5c4a-bbef-a79a1361e813,Agus Prasetyo,+6282773198796,agus.prasetyo.@mail.id,4,M,Magelang,MBR-83252,BRONZE,2026-05-18,BR-19,ACTIVE,2026-01-09T15:41:34+07:00
619791db-4691-5c09-a7dd-e2cced046c19,Hana Santoso,+6282846240315,hana.santoso.@customer.test,10,U,Yogyakarta,MBR-23571,SILVER,2026-04-23,BR-02,ACTIVE,2025-11-04T18:24:56+07:00
32d86d4b-5819-548c-8fc0-d17b51788427,Dewi Wulandari,+62818 1664 8854,dewi.wulandari.@inbox.id,5,M,Magelang,MBR-69766,,2026-05-20,BR-11,ACTIVE,2025-07-02T07:05:07+07:00
d4659ad9-2af8-58ad-b126-877cc24ebfec,Eka Permata,084649528026,eka.permata.781@mail.id,1,M,Kediri,MBR-54341,SILVER,2026-07-15,BR-03,ACTIVE,2026-03-28T03:47:53+07:00
64ea2737-829d-5b6e-bf6f-5c504a0783e5,Raka Mahendra,0867-0356-6560,raka.mahendra.@customer.test,6,F,Malang,MBR-57718,SILVER,2026-07-04,BR-19,ACTIVE,2025-05-17T21:41:11+07:00
ac1bc3a0-855d-53e3-9130-1d0d104cf3d9,Adi Putri,087941406668,adi.putri.783@mail.id,3,U,Klaten,MBR-14498,GOLD,2025-07-22,BR-05,ACTIVE,2025-04-17T06:32:44+07:00
7c152c7c-65ae-5e73-941f-93424814771f,Wahyu Permata,087839529469,,4,U,Purworejo,MBR-90420,,2026-01-05,BR-16,INACTIVE,2025-04-05T21:27:49+07:00
e63340c8-cace-587c-9149-b6af80d24f50,Nadia Setiawan,0852 9450 1913,nadia.setiawan785@customer.test,12,F,Bandung,,GOLD,2026-07-24,BR-04,ACTIVE,2026-05-28T17:46:35+07:00
f98498f9-7cdc-50ca-beca-accfc35b912b,Agus Utami,,agus.utami@customer.test,4,F,Magelang,MBR-59248,BRONZE,2025-09-20,BR-20,ACTIVE,2026-01-07T08:24:35+07:00
302e52a2-a140-5951-8e65-4c5d844a9e77,Lina Mahendra,0898-5437-2287,,12,M,Surabaya,,GOLD,2026-01-19,BR-17,INACTIVE,2025-05-08T09:59:40+07:00
b35e70bc-b130-56a5-b44d-28a647b348e0,Indra Kusuma,084983839375,indra.kusuma.@customer.test,5,M,Bandung,MBR-90197,,2025-06-12,BR-20,ACTIVE,2026-09-21T14:34:11+07:00
377aa168-b8fc-52a9-a7ea-3d15a8bcf846,Citra Mahendra,, citra.mahendra@customer.test ,7,F,Klaten,MBR-98203,SILVER,2026-02-26,BR-03,ACTIVE,2026-03-27T14:19:26+07:00
d5a0eca6-98a9-5f67-b8c8-308c32367f52,Adi Prasetyo,081092840451, adi.prasetyo@mail.id ,11,M,Sleman,MBR-24842,SILVER,2026-01-01,BR-09,ACTIVE,2025-10-28T12:33:50+07:00
0df7523b-091c-5e83-9bc3-bde0068b01f6,Sari Darmawan,081350883447,sari.darmawan791@example.id,10,M,Bekasi,MBR-88841,BRONZE,2025-12-14,BR-12,INACTIVE,2026-07-30T13:43:57+07:00
da8db708-5552-54d0-80aa-841a61f013b8,Indra Darmawan,0884 1148 0068,indra.darmawan792@inbox.id,7,M,Sleman,MBR-26017,GOLD,2025-10-14,BR-19,ACTIVE,2025-08-19T22:00:39+07:00
04046894-691a-5029-8f63-e7983866804c,Intan Wulandari,+62878 2205 5842,intan.wulandari793@customer.test,8,U,Depok,,,2025-09-14,BR-06,INACTIVE,2025-05-17T19:48:37+07:00
dc2f4956-191c-537c-8a20-a053097ad1cf,Fitri Darmawan,,fitri.darmawan@inbox.id,1,F,Depok,MBR-38718,GOLD,2025-10-21,BR-09,ACTIVE,2026-07-25T16:04:57+07:00
77bef1b7-978d-5652-9aa0-28ae1a339d6d,Dian Putra,0864-7927-9713, dian.putra.@customer.test ,9,M,Klaten,MBR-55705,PLATINUM,2026-04-27,BR-01,ACTIVE,2025-08-22T16:10:25+07:00
9d31d340-fd80-5080-8b2d-2d1eae6bf041,Yuni Putri,087343279870,yuni.putri796@inbox.id,1,U,Kulon Progo,MBR-48257,,2026-01-08,BR-03,ACTIVE,2026-01-27T13:37:46+07:00
27f4ebed-6694-5745-b5d6-71beb3a186b9,Eka Santoso,0881-7338-3301,eka.santoso.797@inbox.id,7,F,Bekasi,MBR-86063,SILVER,2025-04-03,BR-07,ACTIVE,2025-05-30T08:41:41+07:00
670b8942-896a-5c0e-8f00-9ff498fd0d21,Lina Utami,089477649427, lina.utami.798@customer.test ,3,U,Surabaya,MBR-75564,,2026-07-29,BR-18,INACTIVE,2026-03-15T06:00:34+07:00
ac87eebf-27b8-5303-b90e-8a5988e3f1bb,Raka Adinata,0830 2655 7186,raka.adinata.@customer.test,3,F,Klaten,MBR-41213,SILVER,2025-04-07,BR-05,ACTIVE,2026-05-26T00:29:47+07:00
999e38bc-3a4c-5b22-9e88-20534565dfcc,Yuni Adinata,+6284320334608,yuni.adinata@example.id,10,U,Depok,MBR-55722,SILVER,2025-05-14,BR-18,ACTIVE,2026-04-30T00:38:35+07:00
b2c353ef-c14b-59cb-932f-9ed697c05a19,Adi Prasetyo,0833-5874-9687,,4,F,Sleman,MBR-12343,BRONZE,2025-08-05,BR-04,ACTIVE,2025-08-28T00:17:57+07:00
06526ffa-f72f-5712-8c93-a26d05dde093,Hana Setiawan,080339092403,hana.setiawan802@example.id,3,U,Kulon Progo,MBR-21737,SILVER,2026-09-24,BR-05,ACTIVE,2025-08-02T11:42:18+07:00
fcb6b437-fde9-51d3-9bff-68b60984c3d7,Indra Setiawan,+62864 1052 9493,indra.setiawan803@example.id,5,U,Bogor,MBR-80740,PLATINUM,2025-08-17,BR-13,ACTIVE,2025-09-23T11:05:48+07:00
cb7cb625-6d06-5eed-b208-f9126600f318,Yuni Putra,0885-6923-9024, yuni.putra.804@inbox.id ,9,U,Klaten,,,2026-09-27,BR-20,ACTIVE,2025-12-04T09:27:36+07:00
752b1f92-940a-547c-b6ef-2754bd790c43,Ayu Setiawan,+62803 6314 1333,ayu.setiawan.805@customer.test,11,M,Purworejo,,PLATINUM,2025-07-29,BR-17,ACTIVE,2025-04-18T10:16:43+07:00
76db359a-0ea4-534b-ac49-d01c38da4970,Adi Santoso,+6287374686978,adi.santoso.@customer.test,1,F,Bogor,MBR-44955,,2025-11-07,BR-12,ACTIVE,2026-02-13T20:36:27+07:00
6435995e-f61f-576c-b881-4d76b0ed47ff,Agus Putra,+62849-2558-0719,agus.putra.@inbox.id,11,M,Purworejo,MBR-26559,BRONZE,2026-06-14,BR-20,ACTIVE,2026-06-25T07:16:03+07:00
07283f2d-1a90-5448-9493-226a5f7a20e1,Nadia Permata,0866-5871-3865, nadia.permata808@customer.test ,9,F,Depok,MBR-39492,PLATINUM,2026-09-06,BR-05,ACTIVE,2026-07-20T16:18:01+07:00
10be94e2-4bb6-5974-ba0f-8058f84b5b5e,Wahyu Anggraini,087771015213, wahyu.anggraini.809@inbox.id ,9,M,Depok,MBR-11927,PLATINUM,2025-05-04,BR-17,ACTIVE,2026-04-03T22:33:41+07:00
bde8df0f-d37b-54b3-a481-50eda070c59e,Wahyu Santoso,+62844 4699 1067,wahyu.santoso.810@mail.id,8,M,Bandung,MBR-12375,GOLD,2026-07-23,BR-07,ACTIVE,2026-08-19T07:59:57+07:00
46b68ca7-fa62-5bb0-91e9-7dcebe0ef6dc,Indra Prasetyo,0837-8911-8973, indra.prasetyo.811@customer.test ,6,F,Gunungkidul,MBR-52322,SILVER,2026-08-03,BR-10,ACTIVE,2026-01-30T22:05:58+07:00
b7832c6f-b570-5247-95e8-119ab0bcd8d3,Wahyu Kusuma,+62848 7697 3800,wahyu.kusuma@example.id,4,F,Kulon Progo,MBR-83810,PLATINUM,2025-05-08,BR-20,ACTIVE,2026-09-16T11:07:48+07:00
955494ce-4076-5ecc-9a22-77ca60c4a9cc,Raka Putri,0864-3581-8242,raka.putri.813@mail.id,11,M,Kediri,MBR-56225,SILVER,2026-09-12,BR-09,ACTIVE,2026-03-18T11:19:14+07:00
a7b2199d-a7dd-5ab9-b500-f3b4561a53c9,Intan Santoso,+62860 1703 4239,intan.santoso814@example.id,11,M,Madiun,MBR-81690,SILVER,2025-11-13,BR-20,ACTIVE,2026-09-20T06:32:33+07:00
bdfe8605-d0f9-5add-8f10-5f0ac759aa36,Ayu Permata,0876 1895 4393,ayu.permata.815@customer.test,5,F,Purworejo,MBR-19044,BRONZE,2026-02-05,BR-20,ACTIVE,2025-11-04T21:32:03+07:00
e4edd1fa-7a0e-5671-a326-e16a13ad7cda,Yuni Kusuma,085214331278,yuni.kusuma.816@mail.id,4,F,Purworejo,MBR-80656,SILVER,2025-12-12,BR-15,ACTIVE,2025-05-22T15:09:58+07:00
cf21fc58-2e1f-55fe-aa74-4c275d245666,Nadia Anggraini,+62878 6633 5496,nadia.anggraini.817@customer.test,12,U,Madiun,,BRONZE,2026-05-19,BR-19,ACTIVE,2026-03-06T09:58:23+07:00
7e5462b7-4980-5296-b879-50881d6d17d2,Raka Darmawan,+6286023335825,,8,U,Madiun,MBR-42426,PLATINUM,2026-06-12,BR-01,ACTIVE,2025-06-26T10:46:37+07:00
df2d866b-f27f-50a0-a375-e708d1b3cf14,Lina Putri,080153295360,lina.putri.@example.id,5,M,Bekasi,MBR-96860,GOLD,2025-11-06,BR-18,INACTIVE,2026-02-20T19:03:37+07:00
2e16e285-eb79-51b8-a0dc-298f4c613579,Tari Putra,+62855-6810-9808,tari.putra.@example.id,7,U,Surabaya,MBR-54472,BRONZE,2026-03-05,BR-06,ACTIVE,2025-12-02T16:57:42+07:00
db619e56-e02f-5a83-b4f0-234a04a35a5a,Wahyu Hidayat,+6282662109526,wahyu.hidayat@customer.test,8,M,Bandung,MBR-47024,BRONZE,2026-06-10,BR-04,CLOSED,2026-04-23T03:59:57+07:00
6f05bf20-224b-55b2-a548-5a2eb7b697c1,Indra Kusuma,+6281130157473,indra.kusuma@customer.test,6,M,Semarang,,,2026-05-19,BR-01,ACTIVE,2025-08-23T02:06:27+07:00
c426bf7d-5b5b-57cf-91e7-23cfca86a666,Citra Putra,0842-9838-7286,citra.putra@mail.id,8,F,Magelang,MBR-54685,GOLD,2025-09-29,BR-09,ACTIVE,2025-05-25T19:02:02+07:00
b5db2472-e63c-5c98-b427-c13e01f61020,Dian Darmawan,086947034559,dian.darmawan@example.id,5,U,Solo,MBR-97229,,2025-09-16,BR-05,ACTIVE,2025-05-11T06:29:20+07:00
7f02f433-a273-50d0-b92a-5e2bc63fe706,Nadia Utami,080372163201,nadia.utami.@mail.id,6,M,Kediri,MBR-38953,GOLD,2026-02-03,BR-06,ACTIVE,2026-01-26T10:13:23+07:00
3a7ba3ba-ee9e-5efc-bb23-12b1169a38fa,Wahyu Mahendra,+62839 2867 9956,wahyu.mahendra826@customer.test,9,U,Bogor,,BRONZE,2026-05-14,BR-07,ACTIVE,2025-04-12T08:24:48+07:00
ae3c9ae7-c719-5f1c-92ea-fbde1af3f58b,Agus Wulandari,+62875 8131 5259,agus.wulandari.@inbox.id,5,M,Semarang,MBR-79003,BRONZE,2025-08-11,BR-10,ACTIVE,2026-05-18T19:44:28+07:00
bd7c5015-0e59-5b84-8e83-885dda7f556e,Intan Wijaya,,intan.wijaya.@inbox.id,10,F,Semarang,MBR-50084,SILVER,2025-11-17,BR-03,ACTIVE,2025-10-20T14:52:51+07:00
2a700a83-12b3-5ad3-9b5f-90806e09c0ae,Budi Kusuma,0887-6620-7670, budi.kusuma@inbox.id ,2,U,Klaten,MBR-36234,PLATINUM,2026-02-03,BR-16,INACTIVE,2026-04-03T17:18:49+07:00
081ea051-fd8c-5d8c-9942-bc5c1ffac0fc,Tari Santoso,089196988435,tari.santoso830@mail.id,8,F,Depok,MBR-92842,GOLD,2025-10-17,BR-11,ACTIVE,2025-10-06T10:24:11+07:00
fef96945-8bdf-53d0-984e-03ab684ae157,Agus Hidayat,0884-0822-7877,agus.hidayat@example.id,1,F,Malang,MBR-55690,,2025-08-11,BR-08,INACTIVE,2025-11-17T10:30:27+07:00
e6ce5d90-4058-579d-b399-2f2568e8a398,Nadia Putra,,nadia.putra832@customer.test,9,U,Kulon Progo,MBR-37780,SILVER,2026-04-27,BR-19,ACTIVE,2026-05-12T05:23:56+07:00
a17a814b-ca29-5293-95f2-bc3ef7f5f7ed,Agus Utami,+62892 0099 0827,agus.utami.833@inbox.id,7,U,Bekasi,MBR-68214,PLATINUM,2025-06-29,BR-08,ACTIVE,2026-04-18T07:23:38+07:00
efb789fd-6702-51a6-a486-be181fd42c1f,Raka Prasetyo,+6281694002082,raka.prasetyo834@customer.test,10,U,Sleman,,PLATINUM,2026-06-17,BR-05,ACTIVE,2025-07-28T05:57:29+07:00
315acc32-1bf7-5fa4-9892-91a67efc7aa8,Intan Putri,+62826-6862-6157,intan.putri.835@example.id,10,M,Bogor,MBR-52129,PLATINUM,2025-06-30,BR-19,ACTIVE,2025-08-11T00:02:30+07:00
96dac0f0-bdcb-5448-b35e-4242ec9dd1bd,Intan Santoso,086581536603,intan.santoso.@inbox.id,12,U,Solo,MBR-31650,GOLD,2025-04-21,BR-05,ACTIVE,2025-09-26T03:07:01+07:00
fa638e6b-46c0-577f-818f-e4cc02e76e7c,Agus Setiawan,+62813 3106 5191,agus.setiawan.@mail.id,7,F,Solo,,GOLD,2025-09-03,BR-16,ACTIVE,2026-02-01T17:43:56+07:00
172c5100-7546-597b-8150-78a9c53f1dcf,Adi Wulandari,+6286268959253,adi.wulandari.838@inbox.id,4,F,Klaten,MBR-94018,GOLD,2026-03-03,BR-06,ACTIVE,2025-05-10T08:54:49+07:00
b9bd83f8-5ead-586c-832f-2e6fcd07313f,Citra Mahendra,+62817-9281-6405,citra.mahendra@inbox.id,1,M,Bekasi,MBR-52923,,2026-04-12,BR-14,INACTIVE,2025-10-17T03:05:13+07:00
6c92da88-83a6-5596-b9dc-3934080d8b4c,Tari Hidayat,+6280296916856,tari.hidayat840@inbox.id,11,F,Surabaya,MBR-59578,,2025-10-02,BR-15,ACTIVE,2026-09-29T09:57:12+07:00
c7615ddc-2b51-5775-b4aa-c2b51ccd2d6a,Ayu Wijaya,083169271895, ayu.wijaya841@mail.id ,7,F,Kediri,MBR-54400,,2026-04-14,BR-19,ACTIVE,2026-07-30T23:18:06+07:00
1163aea9-132f-5977-a8f0-4ab7b72ba8d9,Dian Setiawan,+62878 6114 2915,dian.setiawan.@inbox.id,10,F,Malang,,PLATINUM,2026-06-27,BR-09,INACTIVE,2026-08-14T00:12:47+07:00
97bf2aab-563e-50fc-be61-233e7a5b8b5d,Dian Hidayat,080941267697,dian.hidayat.@example.id,11,U,Jember,MBR-30925,BRONZE,2025-05-14,BR-08,ACTIVE,2025-07-28T12:30:48+07:00
afb6867c-6ea7-5689-8d19-e48575b1a4ca,Citra Putri,+62805-8115-3749, citra.putri@customer.test ,9,F,Malang,MBR-47414,GOLD,2026-01-06,BR-15,INACTIVE,2025-07-17T19:25:15+07:00
5e530a74-4bc5-5c59-872c-7a250ae91669,Agus Utami,0819-4544-2593,,2,U,Madiun,MBR-47758,PLATINUM,2025-09-24,BR-19,ACTIVE,2026-06-10T17:16:50+07:00
8c311657-bca2-559e-bbce-40c99190d0b4,Dewi Kusuma,0812 4426 0387,,5,U,Bogor,MBR-92134,PLATINUM,2025-12-15,BR-10,ACTIVE,2025-09-05T06:23:24+07:00
624f52eb-c32c-5dd5-acff-59fbb22fdd14,Raka Santoso,0808-1571-7576, raka.santoso.847@inbox.id ,1,M,Madiun,MBR-32320,,2026-02-20,BR-17,ACTIVE,2026-08-15T17:59:41+07:00
bab5139b-288d-50b2-ac32-b925dbfe0ca9,Ayu Putri,+62824-2119-9967,ayu.putri@inbox.id,8,U,Yogyakarta,MBR-76929,SILVER,2026-02-13,BR-05,ACTIVE,2026-06-05T15:56:44+07:00
e124dfb3-2ea6-5682-a37e-e397bf5ce9cc,Adi Mahendra,0809-8236-0487,adi.mahendra849@example.id,6,U,Sleman,,GOLD,2025-12-22,BR-15,ACTIVE,2025-10-14T23:56:50+07:00
22a1d315-2076-5c04-971e-e0713fd4d6fb,Intan Putra,+62828 9572 3866,intan.putra.@example.id,6,U,Depok,MBR-39247,BRONZE,2026-05-22,BR-13,ACTIVE,2025-06-08T14:08:29+07:00
09936885-5484-581b-9414-20c4c0668a05,Hana Prasetyo,0888 5410 1541,hana.prasetyo@inbox.id,5,F,Yogyakarta,,,2026-03-07,BR-05,ACTIVE,2026-08-08T03:45:03+07:00
cb736532-cc5b-5d90-b806-52f8acc86eda,Yuni Permata,083917692438,,9,F,Malang,MBR-94381,,2026-07-24,BR-02,ACTIVE,2025-05-18T12:06:55+07:00
aba8c889-f04d-51af-90a4-bff551f75363,Dian Wulandari,+6284206127973, dian.wulandari.@customer.test ,2,F,Surabaya,MBR-97353,SILVER,2026-02-22,BR-08,ACTIVE,2025-07-13T10:56:20+07:00
e2f699fa-36d6-5242-856d-7bac6c6df9ab,Intan Prasetyo,+6285072802158,intan.prasetyo.854@mail.id,3,U,Kulon Progo,MBR-92130,,2025-07-29,BR-08,ACTIVE,2025-09-13T08:11:33+07:00
7b2c03cc-cdec-589b-8be7-bface9e49905,Dian Darmawan,0855-0731-3166,dian.darmawan855@mail.id,2,U,Kediri,,BRONZE,2025-06-30,BR-06,ACTIVE,2026-06-01T02:02:56+07:00
d2ed0c7c-d634-50ae-a449-deeb860d31d9,Nadia Santoso,0806-8703-0060,nadia.santoso856@mail.id,6,M,Kulon Progo,MBR-91977,,2025-09-15,BR-11,ACTIVE,2025-11-17T01:33:18+07:00
f6781b2f-9dc3-52ec-9cc3-95c519e2dab8,Intan Utami,+6287289284953,intan.utami.@customer.test,1,F,Klaten,MBR-98074,PLATINUM,2025-11-30,BR-07,CLOSED,2026-01-10T18:14:18+07:00
4ed5e7e6-ce4d-5d71-b301-83d44502f7a4,Intan Utami,089756781656,intan.utami858@customer.test,10,U,Klaten,MBR-29970,GOLD,2025-05-19,BR-11,ACTIVE,2025-09-21T15:08:27+07:00
039ae8bc-bf67-5905-84eb-f0cd0f1c8d72,Citra Wijaya,+6282492006645,citra.wijaya.@mail.id,9,M,Cirebon,MBR-94124,,2025-11-29,BR-20,ACTIVE,2026-05-13T06:26:23+07:00
963b117f-8051-5dd0-9d4a-3ac6ee698ca1,Adi Putra,084285867333,adi.putra.860@customer.test,6,U,Klaten,,,2026-01-25,BR-12,ACTIVE,2026-03-03T13:08:20+07:00
9be59321-26de-556f-ba82-efbbdcc7c098,Nadia Santoso,0856-6614-0022,nadia.santoso@customer.test,11,U,Solo,,PLATINUM,2025-11-07,BR-14,INACTIVE,2026-09-23T12:16:11+07:00
748e3e4c-f4e1-5319-868e-510e9f8790d5,Lina Putra,,lina.putra862@inbox.id,12,U,Surabaya,,GOLD,2025-09-02,BR-11,ACTIVE,2026-09-19T01:06:23+07:00
d6884cfd-e7d7-54c0-a892-cbd245fb30e7,Raka Hidayat,0808 8211 4281,raka.hidayat863@inbox.id,2,F,Gunungkidul,MBR-31561,SILVER,2026-07-01,BR-04,CLOSED,2026-03-01T22:31:07+07:00
5ab07b80-906a-56d8-8756-69c516fe3e3e,Ayu Putra,080546195682,ayu.putra.@example.id,9,M,Bandung,MBR-53582,BRONZE,2026-09-21,BR-06,ACTIVE,2025-08-14T02:42:59+07:00
f050cf72-59ec-5969-9236-5dbb8d162a33,Budi Kusuma,082176634536, budi.kusuma@example.id ,11,U,Yogyakarta,MBR-23836,BRONZE,2026-08-09,BR-15,ACTIVE,2025-12-15T16:13:30+07:00
30149f04-3ca7-5fa4-abf0-6f78478bdcbe,Dewi Putra,0815 5001 0958,dewi.putra@customer.test,2,U,Jember,MBR-34319,BRONZE,2025-11-11,BR-20,ACTIVE,2026-01-22T15:45:56+07:00
15f11ccf-b704-56ef-9316-9976710dc9d9,Made Kusuma,+6284502882928,,3,U,Yogyakarta,,SILVER,2025-08-30,BR-06,ACTIVE,2025-05-23T18:49:43+07:00
43ebf283-2be7-5b24-9dbf-c0586ee1898a,Lina Darmawan,,lina.darmawan@mail.id,11,F,Yogyakarta,,PLATINUM,2026-08-10,BR-07,ACTIVE,2026-05-30T10:05:06+07:00
efb1fbd6-199e-5a87-a614-0b94da7254ef,Made Adinata,085175822338,made.adinata869@mail.id,11,M,Kulon Progo,MBR-36166,GOLD,2025-04-04,BR-07,ACTIVE,2025-09-05T13:36:12+07:00
d73171fd-5add-593d-a696-7dd1809ef902,Lina Wulandari,0895-0006-4861,lina.wulandari.870@customer.test,4,U,Bantul,MBR-10515,GOLD,2025-09-13,BR-04,ACTIVE,2026-03-11T04:09:53+07:00
6f638ac4-d8e4-556d-b419-01193fb506d6,Nadia Putra,+6285393296754, nadia.putra871@example.id ,9,U,Kulon Progo,MBR-37630,,2025-06-03,BR-08,ACTIVE,2025-09-25T21:46:40+07:00
d35467fd-a691-51ab-9ed0-2bdfb500b28f,Made Setiawan,+62841 8509 1520, made.setiawan.872@inbox.id ,8,M,Madiun,MBR-91646,GOLD,2025-08-25,BR-01,ACTIVE,2025-12-12T15:31:14+07:00
9559f3fb-8cd9-5f77-928e-6cc9887d41c9,Hana Permata,+6280579512905, hana.permata@customer.test ,9,M,Purworejo,MBR-32355,,2025-04-03,BR-02,ACTIVE,2026-04-15T08:17:40+07:00
bd949095-b4d2-57ed-b97b-4570abcabb0d,Hana Permata,+6285001998037,hana.permata@example.id,6,M,Bandung,MBR-22341,BRONZE,2025-10-12,BR-19,ACTIVE,2026-04-21T05:30:26+07:00
f1c27f34-2370-5934-be80-ed21624c7e9b,Agus Kusuma,0851-4013-5209,agus.kusuma.875@inbox.id,4,U,Malang,MBR-13758,PLATINUM,2025-05-11,BR-13,ACTIVE,2026-06-08T09:48:25+07:00
6f730e04-171f-574c-9273-e3e8b9dea3cb,Fitri Putra,+62836 3407 3999,fitri.putra.@inbox.id,12,F,Bekasi,,,2025-05-10,BR-05,ACTIVE,2025-09-17T17:34:22+07:00
773501e7-c2ee-5a8e-b11f-44f10ce3e4bc,Nadia Santoso,083773828988,nadia.santoso.877@example.id,7,M,Bandung,MBR-53223,BRONZE,2025-12-17,BR-09,ACTIVE,2026-01-08T14:17:42+07:00
dd5a6bcc-bfa4-5807-85f1-6fe3150deee1,Yuni Hidayat,+6282799248630,yuni.hidayat.@mail.id,7,F,Yogyakarta,MBR-76002,PLATINUM,2025-12-15,BR-14,ACTIVE,2026-08-29T00:27:22+07:00
78f7deca-d5bd-51ea-b99d-d51863bd6223,Ayu Prasetyo,+62837 5428 7040,ayu.prasetyo@mail.id,4,F,Cirebon,MBR-41064,GOLD,2026-05-27,BR-11,ACTIVE,2025-05-17T06:55:31+07:00
70794c13-91fa-597d-bdb7-0e7fb40db6c4,Dewi Putra,086770308929,dewi.putra.@customer.test,9,U,Bantul,MBR-15281,BRONZE,2026-04-06,BR-02,ACTIVE,2025-05-19T07:56:07+07:00
a911c6dd-96f0-5a62-b8e6-fc13e23734ca,Budi Darmawan,+6284623862913,budi.darmawan.881@mail.id,1,F,Jember,MBR-28021,BRONZE,2026-06-09,BR-12,ACTIVE,2025-07-23T07:19:48+07:00
61d9447b-2d3e-54a7-a2e8-1b98296d1134,Fitri Utami,089712235471,fitri.utami.882@customer.test,4,U,Gunungkidul,MBR-51505,SILVER,2025-08-19,BR-02,ACTIVE,2025-06-28T11:53:00+07:00
7473da57-0299-56d9-b4e3-c22b5f644373,Fitri Anggraini,+62821 8495 9427, fitri.anggraini@example.id ,7,F,Malang,MBR-71283,GOLD,2025-10-15,BR-18,ACTIVE,2025-12-03T04:15:59+07:00
a7038d67-0439-5c1e-816a-e589a90f62df,Adi Hidayat,+6283569131586,adi.hidayat.884@inbox.id,5,U,Yogyakarta,MBR-22650,SILVER,2025-04-13,BR-19,ACTIVE,2026-08-21T23:04:50+07:00
edc19437-9361-579f-ac44-b4368c5981f4,Adi Putri,0830-8373-5861, adi.putri.885@inbox.id ,10,M,Madiun,MBR-94153,BRONZE,2025-08-27,BR-20,ACTIVE,2025-08-19T03:53:44+07:00
54b176d8-2eec-5f33-b383-e951d73cfca8,Indra Santoso,087371618872,indra.santoso.@inbox.id,3,U,Klaten,MBR-93690,PLATINUM,2026-04-18,BR-16,ACTIVE,2026-05-14T15:25:58+07:00
b2e5788a-1b28-5e33-b897-3c8d327e4010,Hana Setiawan,+62811-1244-5131,hana.setiawan.@mail.id,6,M,Bantul,MBR-40719,GOLD,2025-11-30,BR-04,ACTIVE,2026-03-14T00:43:22+07:00
4c69a12c-0d46-53fc-9f74-a37870684381,Hana Permata,0892-7988-2165,hana.permata.@inbox.id,2,U,Magelang,,SILVER,2026-04-11,BR-06,ACTIVE,2026-07-31T03:57:13+07:00
35e32049-130f-54fa-831a-2fb845b52c55,Wahyu Santoso,+62857-8103-4533,wahyu.santoso.889@mail.id,1,F,Bandung,MBR-41926,BRONZE,2025-06-25,BR-19,ACTIVE,2025-05-18T21:13:18+07:00
95a4c12b-a3bc-555c-8468-e40469672b1a,Dian Setiawan,082869941005, dian.setiawan.890@inbox.id ,7,M,Surabaya,MBR-80890,PLATINUM,2026-09-26,BR-16,ACTIVE,2026-09-06T16:54:34+07:00
93af0fc0-fb91-52ac-a78b-1b2a21ab463f,Adi Wulandari,+62872-8861-9531,,3,F,Semarang,MBR-72193,GOLD,2026-04-27,BR-19,ACTIVE,2025-06-06T05:57:38+07:00
1539f5f9-4607-5bc5-9b54-baea39d2cbfe,Yuni Putra,0831 8823 9452,yuni.putra.892@inbox.id,2,M,Malang,MBR-59474,SILVER,2025-06-24,BR-16,INACTIVE,2025-05-03T18:12:11+07:00
7403121e-f8e7-5157-ba8a-4c3663771f3e,Sari Setiawan,0818 5058 1460,sari.setiawan@mail.id,9,F,Kediri,MBR-85431,BRONZE,2026-01-14,BR-20,ACTIVE,2025-08-06T08:22:24+07:00
4f05af49-43cf-5cfe-8200-93f4eee8c1a3,Nadia Santoso,083989844601, nadia.santoso.894@inbox.id ,10,U,Yogyakarta,MBR-60755,,2026-04-30,BR-11,INACTIVE,2025-04-29T23:11:29+07:00
181bf038-cb93-516d-9797-fa192c162d74,Made Santoso,+6287546826068,made.santoso895@inbox.id,4,M,Cirebon,,PLATINUM,2026-01-17,BR-08,ACTIVE,2025-12-08T13:15:42+07:00
cc967f0a-4724-57bc-bbcf-34b6a9a4ac6c,Dian Setiawan,085761109870,dian.setiawan896@mail.id,8,F,Yogyakarta,MBR-59673,SILVER,2026-07-04,BR-05,INACTIVE,2025-10-24T05:57:39+07:00
3c383cbb-6a11-59a9-be18-43f3321976bd,Ayu Anggraini,088207574931,ayu.anggraini897@inbox.id,3,F,Surabaya,MBR-15709,SILVER,2025-09-20,BR-04,ACTIVE,2025-08-15T13:24:01+07:00
e7965cc9-243d-5293-a32b-f9066d57b80f,Hana Prasetyo,089499710945,hana.prasetyo@example.id,10,F,Purworejo,MBR-94194,BRONZE,2026-05-19,BR-12,ACTIVE,2026-08-06T18:49:48+07:00
72b8cb72-0afb-51a8-9470-942175235ed2,Adi Anggraini,081183429416, adi.anggraini@example.id ,6,M,Bekasi,MBR-66679,GOLD,2025-06-19,BR-19,ACTIVE,2025-04-04T12:37:26+07:00
1bdca278-3f11-5b74-ad8c-07a6ce7e8317,Citra Anggraini,+6286999370035,citra.anggraini@customer.test,2,U,Bantul,,SILVER,2026-02-22,BR-18,ACTIVE,2025-08-20T02:02:04+07:00
c47fd65e-66a1-5343-b37c-fa62ccb67a18,Fitri Permata,+6282468568618,fitri.permata901@inbox.id,12,M,Depok,MBR-25025,BRONZE,2025-12-03,BR-01,ACTIVE,2025-12-07T18:24:00+07:00
f4716305-fca5-5b98-819f-6f74e34bf7e3,Adi Wulandari,080029342458,adi.wulandari.@example.id,6,U,Magelang,MBR-41530,SILVER,2026-06-18,BR-11,ACTIVE,2026-05-10T02:10:52+07:00
8a0f42de-479c-55d9-8807-dd46f935b7b2,Raka Mahendra,0822 8093 6078, raka.mahendra@inbox.id ,2,M,Magelang,MBR-23191,,2026-07-11,BR-20,ACTIVE,2025-12-15T21:11:05+07:00
e32d3381-316d-5d0d-9369-4ef66aa24272,Fitri Wulandari,0865 8881 6966, fitri.wulandari904@customer.test ,10,U,Kulon Progo,MBR-77456,SILVER,2026-07-13,BR-03,ACTIVE,2025-11-09T08:01:57+07:00
7055ed6a-b94c-5f8f-a553-180c93c41b25,Dewi Utami,+6282023734761,dewi.utami@example.id,1,F,Solo,MBR-75690,GOLD,2025-11-30,BR-16,ACTIVE,2026-02-06T06:35:16+07:00
8021f567-95c3-5792-af6e-e1effc1d8860,Raka Mahendra,0810-5879-6800,raka.mahendra@customer.test,7,F,Magelang,MBR-92666,,2025-08-18,BR-07,ACTIVE,2026-05-07T08:48:06+07:00
46cc489d-5f8a-5c30-9617-1730212529f3,Lina Prasetyo,083546029711, lina.prasetyo.@example.id ,6,U,Magelang,MBR-25352,PLATINUM,2026-06-09,BR-01,ACTIVE,2026-07-23T12:24:50+07:00
fe8390ff-5947-50cd-a95d-3a7809433413,Nadia Putra,+6282463244897,nadia.putra.@mail.id,9,U,Purworejo,MBR-16147,BRONZE,2025-07-03,BR-15,CLOSED,2026-05-22T20:48:10+07:00
ce41c2c4-8beb-5bc3-88e7-6a70ada53ef6,Raka Anggraini,+6284677273883,raka.anggraini@inbox.id,11,U,Bantul,MBR-14948,GOLD,2025-09-16,BR-15,ACTIVE,2026-06-17T20:17:13+07:00
9112eeb0-aa17-5ae8-bb27-194b40038bb0,Indra Permata,087761167505,indra.permata@customer.test,5,M,Bogor,MBR-23262,PLATINUM,2025-07-21,BR-20,ACTIVE,2026-04-03T23:50:37+07:00
9b49a8f5-3edd-56da-ad26-70bc9b05084a,Raka Utami,+6289186930088,raka.utami@inbox.id,10,M,Jember,MBR-21430,BRONZE,2026-02-10,BR-17,ACTIVE,2025-09-01T07:05:44+07:00
ff6a7a39-5c12-59b8-bb33-2ad954170e63,Budi Wulandari,+62809-0370-9623,budi.wulandari.@mail.id,4,F,Bantul,MBR-94414,,2026-05-24,BR-03,ACTIVE,2025-08-17T08:29:05+07:00
ff6f52c8-ff19-56d7-8a22-7de1ae5ece26,Ayu Permata,085375105310,ayu.permata.@mail.id,12,F,Purworejo,MBR-90068,PLATINUM,2025-04-04,BR-04,INACTIVE,2026-02-22T16:46:46+07:00
dd5a24e7-ca54-57c3-81c2-22591fd12131,Hana Prasetyo,082691498868,hana.prasetyo.914@example.id,11,M,Bekasi,MBR-58129,GOLD,2025-07-29,BR-18,ACTIVE,2026-06-13T01:27:17+07:00
4f01005f-17d1-5888-8da2-bf6f3ab8768e,Fitri Putri,+62845 8818 1209,,12,U,Sleman,MBR-34633,PLATINUM,2026-01-23,BR-07,ACTIVE,2025-11-25T00:54:07+07:00
0dd31fe4-605f-5152-b7bc-319efb0e05e5,Intan Setiawan,+6285078285734, intan.setiawan916@mail.id ,10,U,Bogor,MBR-22437,BRONZE,2025-11-01,BR-01,ACTIVE,2025-08-27T12:39:27+07:00
a95ecc21-1cc3-56fa-a15d-b670ca59eb54,Tari Putri,0868 8448 3879,tari.putri917@example.id,10,F,Cirebon,,PLATINUM,2026-05-13,BR-09,INACTIVE,2026-02-28T07:55:27+07:00
e97491a4-311a-5ab2-8384-31072544a79a,Nadia Putra,+62847-5035-0303,nadia.putra.@inbox.id,11,F,Cirebon,MBR-98789,SILVER,2025-07-13,BR-11,ACTIVE,2025-08-12T20:07:04+07:00
b66abf0d-0337-511f-9685-b30da487f2c9,Fitri Anggraini,085121689946,fitri.anggraini.919@example.id,4,U,Solo,MBR-73299,SILVER,2026-05-09,BR-19,ACTIVE,2026-06-30T13:03:34+07:00
f8d948a8-543b-5be0-9a9b-c199297aea01,Nadia Putri,083538634671,nadia.putri920@example.id,10,F,Bandung,,SILVER,2026-05-10,BR-14,ACTIVE,2025-12-19T17:00:58+07:00
4d584143-df46-52ae-9152-838ec40df644,Eka Darmawan,082509196501,,6,M,Malang,MBR-23346,GOLD,2026-08-14,BR-18,ACTIVE,2025-11-13T15:17:24+07:00
07ba9ec6-af89-56ae-8578-1247b7f2521b,Indra Mahendra,+6285111847782,indra.mahendra.@inbox.id,5,U,Madiun,MBR-20298,PLATINUM,2025-10-23,BR-05,ACTIVE,2025-11-27T08:40:20+07:00
bcff83b1-cc3b-54ee-b0ba-59a2c5b826dc,Nadia Utami,0852-6338-5991,nadia.utami.@mail.id,5,F,Klaten,MBR-53695,BRONZE,2026-04-27,BR-19,ACTIVE,2026-03-21T12:17:47+07:00
53295269-95f9-57d9-bbd2-1d01b26a3962,Agus Hidayat,0863 5039 4630, agus.hidayat924@customer.test ,6,F,Jember,MBR-28460,BRONZE,2026-05-25,BR-08,ACTIVE,2026-08-25T16:33:12+07:00
c5b8043a-42f4-59a6-9b34-c4a1bf81965d,Fitri Mahendra,+6282819333421,fitri.mahendra@customer.test,2,M,Solo,,PLATINUM,2025-04-02,BR-04,ACTIVE,2025-11-01T18:20:38+07:00
84a613a6-0ee5-562b-9401-5856cf8d7d1c,Made Prasetyo,+62832 3659 5074,made.prasetyo@customer.test,9,U,Purworejo,,PLATINUM,2026-08-17,BR-12,CLOSED,2025-05-25T04:55:35+07:00
669d45f7-410a-507d-b167-c25c011facac,Wahyu Santoso,+62887 6435 7687, wahyu.santoso@inbox.id ,11,M,Klaten,MBR-52681,BRONZE,2025-04-10,BR-06,ACTIVE,2026-07-22T16:41:15+07:00
f8f94433-c7c8-57e6-99e0-089f5a394185,Eka Permata,0898-2452-5052,eka.permata@example.id,3,M,Magelang,MBR-48676,BRONZE,2026-07-03,BR-03,ACTIVE,2026-01-05T19:29:58+07:00
32c75501-c9c5-533b-8a55-175c072b86ee,Citra Putra,087262942464, citra.putra@customer.test ,6,F,Sleman,MBR-67635,BRONZE,2026-04-30,BR-19,ACTIVE,2025-12-13T21:00:09+07:00
24fdc701-ed9e-5209-aac1-f740e1648282,Yuni Santoso,+62816-8226-1322,yuni.santoso.930@customer.test,7,U,Yogyakarta,,BRONZE,2026-07-12,BR-12,ACTIVE,2025-12-07T17:24:15+07:00
c53b4bd0-b2c8-5dbd-8544-761df378650e,Agus Santoso,088827295110,agus.santoso@customer.test,12,U,Bantul,MBR-35433,SILVER,2025-11-02,BR-06,ACTIVE,2025-07-21T18:10:37+07:00
d850add9-cc39-52cc-b4c5-67dbf63f26fc,Budi Darmawan,0804-2534-2064,budi.darmawan.@example.id,10,F,Kediri,MBR-82195,GOLD,2026-08-06,BR-06,INACTIVE,2025-06-20T00:44:47+07:00
6f7eb696-0efc-5f91-9120-2c53d7497a7a,Raka Wijaya,0806-7893-0221,raka.wijaya.@inbox.id,3,F,Klaten,MBR-30741,SILVER,2026-05-22,BR-06,ACTIVE,2026-08-16T09:09:33+07:00
8ec5e710-75ce-5a43-acbb-f713f6586df3,Tari Utami,+6288357152045, tari.utami@mail.id ,4,U,Cirebon,MBR-11361,SILVER,2026-09-08,BR-12,ACTIVE,2025-04-13T02:55:44+07:00
400b03be-0d39-523f-a703-4e94e311ed5a,Wahyu Santoso,+62861 0020 2014,wahyu.santoso935@inbox.id,6,U,Bekasi,MBR-71296,GOLD,2026-04-28,BR-09,ACTIVE,2025-12-25T03:24:45+07:00
a0a61ff7-052d-5676-adc4-eb743170c895,Fitri Darmawan,+62844-0979-5232, fitri.darmawan.@mail.id ,1,F,Malang,MBR-74624,GOLD,2025-11-27,BR-06,ACTIVE,2025-05-23T11:21:27+07:00
72edeeda-8f1a-5ba6-a4ae-d61ab6e4d680,Yuni Setiawan,+62883 9065 0878, yuni.setiawan937@customer.test ,12,M,Bandung,MBR-17735,PLATINUM,2025-09-24,BR-03,INACTIVE,2025-10-31T00:39:41+07:00
b1839e1f-7ed2-5408-bec5-a894f3a0e986,Agus Mahendra,+6286972027721, agus.mahendra.938@example.id ,2,M,Bekasi,MBR-78214,PLATINUM,2026-07-04,BR-09,ACTIVE,2025-09-23T14:51:34+07:00
8fd67d99-25c2-5770-a520-1d849cad8562,Budi Putra,+62899-1551-4011,budi.putra.@mail.id,7,F,Solo,,GOLD,2025-05-03,BR-15,ACTIVE,2026-03-30T17:31:53+07:00
2ada4f00-4e72-5af1-a29b-b327e0ca94fa,Agus Hidayat,+62812 4251 6331,agus.hidayat@mail.id,2,U,Bandung,MBR-27525,BRONZE,2025-10-18,BR-13,ACTIVE,2025-11-27T03:00:35+07:00
aff299db-270d-5bf6-a15c-700ac63b1706,Hana Darmawan,0836-1244-9018,hana.darmawan.941@customer.test,10,U,Bogor,MBR-42403,GOLD,2026-02-06,BR-04,ACTIVE,2025-04-04T06:06:54+07:00
21d1919f-005a-5ff8-bd40-e1af81ed2429,Intan Putri,085038127194,intan.putri.@customer.test,5,M,Jember,MBR-43368,,2026-05-26,BR-15,ACTIVE,2025-11-14T13:16:06+07:00
669f75fe-d1ad-5994-bc43-df8a0c8af05b,Tari Permata,, tari.permata.943@example.id ,3,M,Bogor,MBR-43743,,2025-11-23,BR-18,ACTIVE,2025-11-19T20:36:49+07:00
f36bbbbd-3dd9-56fd-b3e7-8eb561f530f7,Ayu Kusuma,083674324330,ayu.kusuma@customer.test,8,M,Madiun,MBR-60292,GOLD,2026-06-11,BR-16,ACTIVE,2025-12-09T15:03:05+07:00
5662a671-ddb6-5b50-a2fc-d47ce799fa9b,Dian Permata,084859664358, dian.permata945@inbox.id ,7,U,Malang,MBR-11394,GOLD,2025-05-10,BR-18,ACTIVE,2026-01-03T23:06:52+07:00
075f786c-0ca7-5725-86fe-5bcc6b6736ef,Eka Santoso,0869 4342 3738,eka.santoso@inbox.id,11,F,Magelang,MBR-87818,SILVER,2026-01-03,BR-01,ACTIVE,2025-10-12T00:43:25+07:00
71b90a39-be5f-578f-b78f-fceb8eb85fa5,Sari Anggraini,080429985260, sari.anggraini.@mail.id ,12,U,Klaten,MBR-45841,BRONZE,2025-06-13,BR-16,ACTIVE,2025-06-08T03:23:46+07:00
6606f355-084a-51c3-8acc-00dfee35704f,Dian Kusuma,0884 2984 1623,dian.kusuma.@inbox.id,1,U,Jember,,GOLD,2026-03-30,BR-09,ACTIVE,2026-05-01T01:52:00+07:00
148c9ef2-707c-5a17-80f8-500f194794a3,Dewi Santoso,+6283634876021, dewi.santoso949@example.id ,3,U,Malang,,SILVER,2026-06-04,BR-09,ACTIVE,2025-06-05T06:47:05+07:00
81d39923-233e-5c93-909d-c2a65827150a,Raka Putra,0886-7854-8819, raka.putra.@inbox.id ,10,M,Kediri,,PLATINUM,2025-05-15,BR-19,ACTIVE,2026-07-09T00:59:56+07:00
a298f398-2507-5252-bde0-4e5cc0bb60c9,Wahyu Darmawan,0889 1819 0980,wahyu.darmawan.@inbox.id,3,F,Magelang,MBR-26587,PLATINUM,2025-11-03,BR-10,INACTIVE,2025-06-25T18:42:27+07:00
89fed90a-07c8-550f-97fd-0147acca335a,Raka Santoso,+62869-8920-1236,raka.santoso952@mail.id,2,M,Yogyakarta,MBR-42672,PLATINUM,2026-08-26,BR-13,ACTIVE,2026-07-26T14:51:52+07:00
a44cd9c9-8303-5f04-95ec-81aea034cd4d,Made Prasetyo,+6286929768963,,10,M,Semarang,MBR-27829,,2026-05-07,BR-07,ACTIVE,2026-08-07T07:22:56+07:00
8e8e056b-7f10-51d0-92fa-68ea1fffcdea,Dian Santoso,+6281493326299,dian.santoso954@mail.id,11,M,Jember,,,2025-08-22,BR-07,ACTIVE,2025-11-22T20:26:19+07:00
26e0b57c-b7c4-5233-9b0b-bfbbdea077d3,Eka Putra,080686649198, eka.putra@example.id ,4,M,Sleman,MBR-36417,GOLD,2025-12-27,BR-06,INACTIVE,2025-06-11T21:29:53+07:00
61e76680-3ded-5317-90ab-f4611f41909d,Citra Anggraini,082786877015,,5,M,Bandung,,BRONZE,2026-09-18,BR-09,INACTIVE,2025-07-04T05:17:47+07:00
f160abfa-76d7-56f1-a55f-cf46f20c3d5e,Fitri Setiawan,0807-5051-0452, fitri.setiawan@mail.id ,8,M,Bantul,MBR-47707,GOLD,2026-06-06,BR-12,ACTIVE,2026-02-04T21:13:38+07:00
c05e36e4-b994-5d44-bcef-48d3a0b9512e,Budi Prasetyo,0860-2567-2253, budi.prasetyo.@mail.id ,6,U,Jember,MBR-58414,GOLD,2025-05-01,BR-18,ACTIVE,2026-02-21T15:47:48+07:00
dabe5a6b-40c9-5887-966b-b66901c6592f,Eka Santoso,+6284969730816, eka.santoso959@inbox.id ,2,U,Kediri,MBR-22557,PLATINUM,2026-03-24,BR-02,ACTIVE,2026-04-14T10:21:12+07:00
9dc685fe-d3cf-54a6-8b81-1c57fae52dc1,Fitri Darmawan,+62828-4738-7059,fitri.darmawan.@example.id,8,F,Bekasi,,,2025-10-13,BR-05,ACTIVE,2025-11-24T20:21:44+07:00
4d8b5515-8612-5dc8-aca4-2337afa7cf55,Nadia Putri,0849 0988 8592,nadia.putri@mail.id,3,U,Malang,MBR-27169,SILVER,2026-05-23,BR-07,ACTIVE,2026-08-24T12:08:42+07:00
19923914-015a-58dc-9b48-266ffd4e6ccb,Adi Anggraini,0859 2150 0697,,4,U,Yogyakarta,MBR-57519,GOLD,2026-01-30,BR-04,ACTIVE,2025-11-05T06:29:37+07:00
fd4345da-57b1-5ac4-b501-84484dfbc0c5,Fitri Putra,+62879-4503-6192,fitri.putra@inbox.id,1,M,Sleman,,GOLD,2025-05-05,BR-17,ACTIVE,2025-05-27T11:25:52+07:00
ebc25d8d-d507-514b-80ec-f005285a7c5a,Dian Mahendra,089487475877,dian.mahendra964@mail.id,3,F,Magelang,MBR-13097,SILVER,2026-04-16,BR-08,ACTIVE,2026-03-04T14:24:05+07:00
461666da-2631-596b-958f-73443b782ad3,Agus Mahendra,+62879-9666-3494,agus.mahendra@mail.id,9,M,Madiun,MBR-33910,GOLD,2025-10-27,BR-11,ACTIVE,2025-12-26T18:13:05+07:00
bd778aac-e8e8-56aa-aea5-8ff29a387ed4,Dewi Permata,082151209963,dewi.permata.@inbox.id,8,F,Kulon Progo,MBR-92800,BRONZE,2026-06-13,BR-17,ACTIVE,2026-07-02T01:07:27+07:00
781c948d-c690-57c1-96ab-13222029bcc0,Made Anggraini,0801 8317 5799, made.anggraini967@mail.id ,1,M,Solo,MBR-37243,,2026-01-07,BR-19,ACTIVE,2025-08-01T23:47:05+07:00
f383591d-7e88-582a-a849-406f644bfb9f,Wahyu Putra,0865-4820-2671,wahyu.putra.968@customer.test,12,U,Solo,MBR-68028,PLATINUM,2025-10-06,BR-09,INACTIVE,2026-03-10T04:30:13+07:00
1d1081b6-d0ae-5ff4-9729-c5137c94999a,Wahyu Setiawan,0862-4308-3919, wahyu.setiawan.@example.id ,4,U,Depok,MBR-46793,,2026-05-31,BR-19,ACTIVE,2026-06-08T06:44:31+07:00
96bb83f0-0de0-5e58-b55c-004a61aec658,Nadia Wijaya,+6284464400064,nadia.wijaya@customer.test,10,F,Gunungkidul,MBR-86935,BRONZE,2025-04-16,BR-06,ACTIVE,2026-05-08T05:24:20+07:00
7e7801d8-d4b8-50c8-992d-9699da781ea8,Sari Wijaya,085821047430,sari.wijaya.@inbox.id,3,F,Bekasi,MBR-47786,,2026-07-24,BR-03,ACTIVE,2025-10-23T21:51:49+07:00
e6145b06-9edf-545b-8c3b-1163feb1be40,Ayu Santoso,089855326404,ayu.santoso972@mail.id,6,F,Magelang,MBR-66336,SILVER,2025-10-08,BR-19,ACTIVE,2025-06-01T00:49:23+07:00
e4c76c16-2282-513a-837b-133ff1d45a6e,Lina Setiawan,0871 2965 2473,lina.setiawan@customer.test,9,F,Klaten,MBR-31436,GOLD,2026-06-05,BR-20,ACTIVE,2025-11-16T20:56:18+07:00
d0b8af60-fcea-5b2e-afc6-26f39bf34031,Fitri Utami,0871 3740 9472, fitri.utami974@example.id ,8,F,Purworejo,MBR-34189,GOLD,2025-07-28,BR-09,ACTIVE,2025-07-17T02:48:10+07:00
613b9613-8a7e-5b6b-91cf-9cb4a7c1a00c,Agus Mahendra,0849-1893-9001,agus.mahendra.@customer.test,12,U,Bekasi,MBR-24510,PLATINUM,2025-09-13,BR-16,ACTIVE,2025-07-23T08:50:08+07:00
32eb31e7-aef9-5142-a4d2-1dd33d769ead,Hana Permata,081281881623,hana.permata.@customer.test,4,F,Semarang,MBR-18879,,2026-03-11,BR-17,ACTIVE,2025-07-13T15:28:28+07:00
9144dd04-5afe-53bf-b936-1d7e5f29f1cb,Wahyu Utami,085124764679, wahyu.utami977@mail.id ,8,M,Kulon Progo,MBR-70345,PLATINUM,2026-01-28,BR-20,INACTIVE,2026-05-09T00:17:33+07:00
8cca0edd-d604-59db-88d7-b5fa459ec262,Wahyu Adinata,+62893 3843 6601,wahyu.adinata978@example.id,3,U,Sleman,MBR-40221,BRONZE,2025-07-29,BR-03,ACTIVE,2026-01-23T02:51:20+07:00
a47e97d6-4d85-5963-8dbb-5f4a05957b6b,Sari Darmawan,+6289245056841,sari.darmawan979@inbox.id,11,U,Jember,MBR-40375,PLATINUM,2026-04-09,BR-18,ACTIVE,2025-12-01T14:16:36+07:00
2e0c989f-4d21-5519-b4c7-ad61223ee147,Made Kusuma,080058364367,made.kusuma980@mail.id,12,F,Jember,MBR-24592,SILVER,2026-01-03,BR-15,ACTIVE,2025-07-04T19:26:13+07:00
b03182fe-446c-573b-be53-fe7fad727109,Raka Wulandari,+6282527175793, raka.wulandari@customer.test ,7,U,Semarang,,BRONZE,2026-08-27,BR-10,CLOSED,2025-09-05T04:59:37+07:00
c3026a56-fc04-5fa4-abe1-c94a3cc2b581,Budi Utami,087617958222,budi.utami.@example.id,4,U,Kediri,MBR-34641,,2025-07-10,BR-10,ACTIVE,2025-07-29T05:36:19+07:00
7a7b92b0-b319-5401-8cfa-0eb2eff4b242,Adi Darmawan,085572875419,adi.darmawan.983@inbox.id,9,F,Semarang,MBR-95489,,2025-06-10,BR-12,ACTIVE,2026-05-23T10:00:27+07:00
d6847b81-b59e-5c92-b250-779a32a2cf93,Dian Hidayat,+62813 5837 3254, dian.hidayat.@mail.id ,5,F,Klaten,MBR-98363,SILVER,2026-03-17,BR-11,ACTIVE,2026-01-01T04:15:55+07:00
838a0e58-c21f-5add-9c90-8698c9f7872a,Adi Putra,, adi.putra985@customer.test ,4,U,Kulon Progo,MBR-45352,,2026-03-19,BR-15,ACTIVE,2025-12-31T23:10:07+07:00
f6767775-05e1-5daa-a934-bb66b25c0b58,Ayu Kusuma,088155124729,ayu.kusuma@inbox.id,5,F,Cirebon,MBR-46677,BRONZE,2025-09-17,BR-07,ACTIVE,2026-06-11T18:09:23+07:00
65514ae2-c3f5-59b6-919e-3156e54522aa,Dewi Prasetyo,0859-6283-4311,dewi.prasetyo.987@example.id,7,F,Kediri,,BRONZE,2025-06-25,BR-05,ACTIVE,2025-08-15T06:46:28+07:00
378c0abe-6742-55d3-b015-9b1d933d0216,Made Permata,+6284315003485,made.permata@customer.test,4,U,Bekasi,MBR-76488,,2025-10-08,BR-08,CLOSED,2025-07-04T15:40:16+07:00
a380e929-2c04-5c98-a786-78cba45b98d6,Agus Wulandari,084904805918,agus.wulandari989@mail.id,10,F,Gunungkidul,MBR-59928,PLATINUM,2026-02-03,BR-04,ACTIVE,2026-01-25T07:32:44+07:00
420130db-5150-5259-8a8f-f70e597866fe,Intan Hidayat,+6284546322995,intan.hidayat990@mail.id,1,F,Yogyakarta,MBR-87128,BRONZE,2025-12-17,BR-17,ACTIVE,2026-03-03T16:37:28+07:00
135cc6d7-82e2-58c9-891a-00c27bb7af6a,Tari Setiawan,+6289853670272,tari.setiawan.991@example.id,11,M,Surabaya,MBR-64914,SILVER,2025-07-08,BR-02,ACTIVE,2026-01-17T06:12:20+07:00
66b389ba-b71f-509e-a426-8753f3aa82cb,Hana Wulandari,+6282397407128,,10,M,Jember,MBR-94915,SILVER,2026-05-23,BR-19,ACTIVE,2026-01-13T22:57:16+07:00
db52b2e2-1cb6-5e29-9907-11e80d69f206,Sari Putra,+6285501836327,,8,F,Madiun,MBR-48631,,2026-02-27,BR-14,CLOSED,2026-05-17T11:26:21+07:00
b1982476-5039-5a8a-958d-560c222c01ba,Budi Putra,0834-8899-8052,budi.putra.994@mail.id,9,F,Magelang,MBR-99540,BRONZE,2026-06-06,BR-19,ACTIVE,2025-12-16T19:43:13+07:00
70411487-965f-53de-a4a9-2e506f1f4168,Dian Mahendra,+6281552120283,dian.mahendra995@mail.id,7,M,Surabaya,MBR-63521,,2026-06-25,BR-18,ACTIVE,2026-04-17T18:34:30+07:00
45111cd2-c2d8-51f7-bd3d-c94dc4800912,Wahyu Putra,+62893-9126-9730,wahyu.putra996@customer.test,5,M,Bantul,,BRONZE,2026-01-13,BR-12,ACTIVE,2025-08-15T11:52:05+07:00
66239a38-96e5-5cd3-aed7-1a727fb6849a,Hana Hidayat,087486425682,,8,U,Kediri,MBR-12157,,2025-06-22,BR-14,ACTIVE,2025-08-17T22:32:51+07:00
7d0a489e-f20c-5e73-8182-e1c067259b1f,Hana Mahendra,+6283464904883, hana.mahendra.001@example.id ,4,F,Jember,MBR-18442,SILVER,2025-05-23,BR-01,ACTIVE,2025-08-12T09:25:19+07:00
06dcaa5f-8047-5417-8721-da3f678d39f2,Indra Santoso,+6288703146470, indra.santoso.@customer.test ,9,F,Semarang,MBR-99936,PLATINUM,2025-06-19,BR-17,ACTIVE,2026-09-06T11:50:49+07:00
f5ffe4ae-523a-5eb5-bcef-5a7fafffcadc,Hana Permata,082830008867, hana.permata@customer.test ,6,M,Bandung,MBR-18841,PLATINUM,2026-02-01,BR-06,INACTIVE,2025-05-17T17:07:44+07:00
aa731a7c-f1fa-5a02-99c2-28ab39c70871,Adi Hidayat,+62828 3000 8867,adi.hidayat004@example.id,8,F,Semarang,,PLATINUM,2025-07-01,BR-11,ACTIVE,2025-07-17T13:09:21+07:00
919d8a12-7021-5010-b6cd-2b52219e9c8f,Sari Kusuma,+62812 6971 5431,sari.kusuma.005@mail.id,5,M,Kulon Progo,,GOLD,2025-04-15,BR-09,ACTIVE,2026-08-06T23:58:48+07:00
7543ee6e-d2d0-5a58-ae22-219003753a55,Citra Utami,+6283450522332, citra.utami006@mail.id ,10,U,Klaten,,,2025-08-22,BR-15,ACTIVE,2026-06-16T12:39:54+07:00
86d7477f-c42d-5089-9dd4-44f95f0009bd,Wahyu Prasetyo,0876-4280-9407,wahyu.prasetyo@customer.test,12,U,Kediri,,GOLD,2026-02-02,BR-11,ACTIVE,2025-06-01T18:22:21+07:00
93cb1286-3f88-5588-a3f9-c1cb80b68873,Hana Kusuma,081122432063,hana.kusuma@inbox.id,10,F,Bogor,MBR-40655,,2026-02-04,BR-06,ACTIVE,2025-06-22T05:08:38+07:00
4f4fe60b-e4df-5dcf-b5c1-d4331f12305a,Dewi Wijaya,0832 1745 4165,dewi.wijaya.@customer.test,9,F,Kediri,MBR-77708,BRONZE,2026-03-31,BR-17,ACTIVE,2026-03-24T04:02:03+07:00
ab83c779-38b3-5431-91f5-2698da2693b8,Lina Putra,0854-1260-9506,lina.putra@customer.test,1,U,Depok,MBR-97011,SILVER,2026-07-08,BR-15,ACTIVE,2026-08-07T11:38:33+07:00
cfdae6be-1803-5219-879a-0722d3a6781d,Sari Permata,0879-5609-1687,sari.permata011@mail.id,9,M,Depok,,PLATINUM,2025-07-09,BR-16,ACTIVE,2025-08-26T15:45:48+07:00
617b82df-e42b-577e-9f4b-49956931f0ea,Nadia Setiawan,+62845-5962-2120,nadia.setiawan012@mail.id,7,M,Klaten,MBR-34109,PLATINUM,2025-06-14,BR-16,ACTIVE,2026-09-04T11:32:45+07:00
8239f7b2-0ecc-5018-b364-ae94d43dc407,Hana Mahendra,, hana.mahendra.@inbox.id ,9,F,Kediri,MBR-93603,PLATINUM,2025-12-01,BR-17,INACTIVE,2025-05-30T02:01:00+07:00
433ed807-a47e-5f7c-8df7-d50cc0437420,Dian Adinata,+62868-9473-0866,dian.adinata.014@mail.id,5,F,Jember,MBR-19087,SILVER,2026-09-15,BR-13,ACTIVE,2026-05-01T16:51:23+07:00
6057d43d-220b-5b61-8f9b-efcb0856b36d,Budi Santoso,0898-2657-6380,budi.santoso.@inbox.id,10,U,Jember,MBR-31976,,2025-07-15,BR-04,ACTIVE,2026-05-21T05:58:16+07:00
d1999e76-f972-59d9-aebb-6165a09d2409,Agus Kusuma,+62859-4349-9447,agus.kusuma.@example.id,7,U,Bantul,MBR-77006,PLATINUM,2025-05-24,BR-13,ACTIVE,2025-11-10T08:39:54+07:00
838bf653-14c7-5446-8f4d-b997cce5f413,Fitri Santoso,+62872 7245 3925,,8,U,Kulon Progo,MBR-70496,PLATINUM,2025-09-11,BR-04,ACTIVE,2025-11-08T13:18:33+07:00
55cc064d-3c3c-5010-b279-214ddbaba5bb,Yuni Mahendra,084107793125,yuni.mahendra@mail.id,3,M,Bantul,,PLATINUM,2026-07-30,BR-14,ACTIVE,2026-06-09T06:33:49+07:00
118ab872-674e-5610-a51a-c3ccbcfff34f,Budi Hidayat,+6287891135364,budi.hidayat@example.id,9,U,Depok,,BRONZE,2025-04-28,BR-19,INACTIVE,2025-10-27T02:11:26+07:00
0bc10c8e-f593-5b87-8803-3dfeaa1e3504,Budi Mahendra,+62888 4645 3469,budi.mahendra.020@example.id,11,U,Surabaya,,,2026-03-23,BR-12,ACTIVE,2026-05-20T12:11:10+07:00
6750da84-b9aa-515b-986c-78bbf9fb852b,Indra Permata,088360905542,indra.permata021@example.id,6,U,Gunungkidul,MBR-45750,BRONZE,2026-01-15,BR-13,ACTIVE,2026-09-23T10:39:50+07:00
e4731164-6595-5796-8e8b-5bee0ba8f302,Dewi Hidayat,+6287468137461,dewi.hidayat.022@customer.test,11,M,Klaten,,GOLD,2025-11-26,BR-11,ACTIVE,2025-11-09T18:53:32+07:00
0e06de54-904d-5604-986b-3d5365b32cfa,Hana Prasetyo,+62801 1787 6217,hana.prasetyo.@mail.id,2,U,Sleman,MBR-69284,SILVER,2025-07-22,BR-07,INACTIVE,2026-02-22T09:37:02+07:00
602fbbec-e9e2-5336-a591-c650c8c7fe46,Adi Mahendra,+6281491353643,adi.mahendra.@inbox.id,3,F,Semarang,MBR-41464,GOLD,2025-10-20,BR-06,ACTIVE,2025-05-26T16:05:50+07:00
35a6e5a7-21ab-5b9b-ab4f-ba1c01d26c31,Budi Prasetyo,0825-7599-3281,budi.prasetyo025@inbox.id,3,F,Depok,MBR-73979,GOLD,2026-03-12,BR-09,ACTIVE,2026-07-27T21:59:31+07:00
447873aa-3b16-5cfe-ae36-e0dc7211360a,Ayu Utami,0852-0013-5035,ayu.utami026@example.id,1,M,Klaten,MBR-28096,BRONZE,2026-07-22,BR-07,CLOSED,2025-05-10T07:09:29+07:00
d309f187-9d37-50f1-96c1-1c746f22557a,Raka Permata,,raka.permata@example.id,7,M,Bandung,,PLATINUM,2025-08-14,BR-03,ACTIVE,2025-06-05T05:08:21+07:00
a9bc5731-d138-50e2-a456-0f378da2b031,Dian Wijaya,+62859-7891-0507,dian.wijaya@inbox.id,5,M,Madiun,MBR-33728,SILVER,2025-11-02,BR-03,ACTIVE,2026-07-26T21:09:40+07:00
6176f64c-771f-5d37-977a-d32229cb5c2b,Dewi Mahendra,+6289671095538, dewi.mahendra.@inbox.id ,9,U,Surabaya,,GOLD,2025-06-13,BR-12,INACTIVE,2026-07-12T11:41:52+07:00
4572eced-a990-5dc2-bac0-31e59b00bcbd,Agus Permata,087216312406,agus.permata@inbox.id,9,U,Purworejo,MBR-15228,GOLD,2026-05-25,BR-15,ACTIVE,2025-09-28T03:07:03+07:00
9bfbe3e1-fe58-594e-98d4-4dce4a0d6173,Eka Hidayat,0815-8927-5436,eka.hidayat031@mail.id,7,M,Bogor,,PLATINUM,2025-10-13,BR-05,ACTIVE,2025-08-15T23:00:54+07:00
3c703823-34b8-58b3-a6e5-35f3b939ca89,Sari Setiawan,0814-1810-9840, sari.setiawan@customer.test ,8,M,Solo,MBR-60608,PLATINUM,2026-06-01,BR-19,ACTIVE,2025-04-07T08:42:15+07:00
d79840dc-0853-5613-9276-2640ba4f49d6,Yuni Wijaya,0808-9369-2430,yuni.wijaya.033@inbox.id,1,M,Purworejo,MBR-11427,GOLD,2025-05-24,BR-04,ACTIVE,2026-04-21T11:29:31+07:00
65e3179b-841c-52b9-915b-6f5cdb221507,Indra Santoso,0809-8727-6043,indra.santoso.034@example.id,10,F,Malang,MBR-70465,GOLD,2025-11-14,BR-15,ACTIVE,2025-09-01T09:59:57+07:00
1aa7eb57-f35e-5331-8f2a-f0d006b43695,Agus Anggraini,087290348364, agus.anggraini.@customer.test ,7,F,Purworejo,MBR-73361,SILVER,2025-04-25,BR-07,ACTIVE,2026-04-29T15:48:27+07:00
a9ff52cd-5cc6-58b9-80c0-3fa79aea9932,Tari Wijaya,+62843-4126-0118, tari.wijaya.@mail.id ,1,M,Bantul,MBR-12736,SILVER,2025-08-24,BR-07,ACTIVE,2025-11-19T09:18:47+07:00
52b8ef4c-14ad-5e3b-8e52-1d9da9b38805,Dewi Hidayat,0828-6170-3170,dewi.hidayat.037@mail.id,6,U,Gunungkidul,MBR-43093,PLATINUM,2026-09-09,BR-01,CLOSED,2026-01-04T23:02:38+07:00
cd70a06d-549a-573f-98b4-464c09c2fd1c,Budi Utami,083445439882,budi.utami@example.id,8,M,Depok,MBR-62735,,2026-07-31,BR-10,ACTIVE,2026-07-13T05:51:35+07:00
e9c4340d-8f2f-5a8e-97df-273367a9bfa1,Hana Wulandari,+62872 9398 2782, hana.wulandari.@mail.id ,5,U,Klaten,,,2025-09-13,BR-05,ACTIVE,2026-08-06T17:48:48+07:00
d438ee3b-5944-540a-9b10-d706942ebf6b,Lina Mahendra,0859 0815 8519, lina.mahendra.040@example.id ,4,M,Purworejo,MBR-45335,SILVER,2026-01-25,BR-19,INACTIVE,2026-09-06T09:16:42+07:00
aabbe2fa-816a-542d-ac34-4edddec38116,Wahyu Anggraini,0851-5553-8930,wahyu.anggraini.041@mail.id,9,U,Semarang,MBR-36190,,2025-10-15,BR-03,ACTIVE,2025-10-10T17:30:56+07:00
00e842d1-d73f-57fc-95a5-5bed63f9720e,Citra Utami,0866-4264-2717,citra.utami.@example.id,12,U,Bekasi,,,2026-03-31,BR-12,ACTIVE,2026-07-10T20:09:34+07:00
a292c786-cadb-5d38-b9ee-e6ca8062d844,Citra Setiawan,+6287067587511,,3,F,Kediri,MBR-84077,BRONZE,2026-07-14,BR-06,INACTIVE,2025-08-10T00:22:46+07:00
d6fa91cd-8169-5c6d-a18d-caee40537cad,Wahyu Anggraini,+62858-2862-4033, wahyu.anggraini044@example.id ,7,F,Magelang,MBR-19256,PLATINUM,2026-07-28,BR-18,INACTIVE,2026-01-09T04:40:22+07:00
7d71b1c3-04aa-5e1d-bc70-0eb8ce9e54d6,Hana Kusuma,+6286747748811,,1,F,Surabaya,MBR-39410,BRONZE,2025-05-02,BR-08,CLOSED,2025-08-18T04:01:30+07:00
3ffb6264-e9df-535e-9f4f-04c86c117976,Adi Mahendra,0836-3211-6099, adi.mahendra.@mail.id ,2,U,Yogyakarta,MBR-29054,BRONZE,2026-08-06,BR-06,INACTIVE,2025-08-11T16:53:11+07:00
ee8d0b1d-0b17-51e9-b1fe-fb2465d12047,Fitri Putri,0802 0185 4784,fitri.putri.047@customer.test,1,U,Klaten,MBR-42354,,2026-02-21,BR-07,ACTIVE,2025-10-16T17:29:12+07:00
267d9d05-7b9e-520b-9f06-b6b3528f23c0,Intan Santoso,085625276630,intan.santoso.048@example.id,10,M,Yogyakarta,MBR-63513,GOLD,2025-12-03,BR-18,ACTIVE,2025-07-06T11:36:39+07:00
3682cf7e-2b45-5565-9e1e-f5c116b8bb78,Lina Permata,+6283162698355, lina.permata@example.id ,7,M,Kulon Progo,MBR-36744,BRONZE,2025-11-21,BR-03,ACTIVE,2026-08-09T14:18:16+07:00
323a4046-ed55-571f-b671-a401771ad0e2,Dian Putra,+62872 8614 2233,dian.putra.@customer.test,2,F,Surabaya,MBR-24651,,2026-06-18,BR-08,ACTIVE,2026-03-06T23:15:45+07:00
75f583fa-a196-5cf7-929b-9e790187faf1,Hana Darmawan,+62895-5505-5499,hana.darmawan.051@inbox.id,10,F,Magelang,MBR-11307,BRONZE,2025-04-29,BR-06,ACTIVE,2026-04-10T04:02:48+07:00
aa12c7f3-d5c3-529b-8332-7d4fe409c65b,Eka Anggraini,088535638596,eka.anggraini052@mail.id,11,M,Bogor,,GOLD,2026-05-23,BR-04,ACTIVE,2026-06-22T19:55:58+07:00
71469862-d220-513a-8c44-363d996a060c,Ayu Setiawan,0818-6676-7750,ayu.setiawan.053@inbox.id,8,F,Kulon Progo,MBR-23046,PLATINUM,2026-07-13,BR-18,CLOSED,2025-07-21T22:41:34+07:00
f33f98fc-8029-5884-8864-bdf92e9097e7,Citra Prasetyo,+62836 5197 4699,,6,U,Cirebon,,BRONZE,2026-02-18,BR-12,ACTIVE,2025-10-23T23:29:31+07:00
ba57d94c-8bc5-538e-9388-d758617be838,Dian Kusuma,+62897 2034 4718,dian.kusuma.055@inbox.id,3,M,Sleman,MBR-83457,,2026-05-20,BR-04,CLOSED,2026-06-16T01:13:23+07:00
1d78a9d0-9cde-5571-b545-b3f5c2678766,Budi Adinata,+6284270637831,budi.adinata.@mail.id,10,U,Solo,MBR-84293,SILVER,2025-12-27,BR-12,ACTIVE,2025-06-19T23:56:59+07:00
afb3fdb7-23e2-5d38-b4e9-b63ab094a110,Yuni Putri,+6289231903075, yuni.putri.057@example.id ,11,U,Madiun,MBR-89316,BRONZE,2026-08-21,BR-05,ACTIVE,2025-09-16T06:36:27+07:00
d04bd74c-fefd-5a3c-a044-a1e32bc37ae2,Intan Hidayat,0833 3439 4704,intan.hidayat.@customer.test,4,M,Bogor,MBR-49095,,2025-07-30,BR-07,ACTIVE,2026-09-20T05:35:16+07:00
3306ba4b-de1d-5ed0-8d8c-256198216d8a,Made Setiawan,+62852 2548 5225,,4,M,Depok,MBR-17828,GOLD,2025-07-05,BR-08,ACTIVE,2026-06-11T03:16:42+07:00
10f4912d-c199-50bf-b7d1-9ed649a3d9fc,Yuni Adinata,0828-4016-9202, yuni.adinata.060@example.id ,7,F,Bandung,MBR-47284,GOLD,2025-05-12,BR-12,ACTIVE,2025-11-07T13:22:42+07:00
ece936dd-6ffc-5343-84af-90b2702c0851,Lina Darmawan,084544594184,lina.darmawan.@customer.test,4,U,Bogor,MBR-39509,GOLD,2026-06-07,BR-06,ACTIVE,2026-02-17T02:11:34+07:00
e54a4d9b-f0d2-513c-80ca-187ee669631e,Dewi Darmawan,086175027356,dewi.darmawan.@customer.test,2,U,Kediri,MBR-54022,PLATINUM,2025-09-26,BR-10,INACTIVE,2025-04-16T21:14:13+07:00
c7814033-d8f8-5039-afd4-f32f527dc730,Tari Wulandari,083088901532,tari.wulandari.063@example.id,2,M,Bandung,,SILVER,2025-05-02,BR-06,INACTIVE,2025-06-11T15:29:04+07:00
1d25c1df-ef9e-5d5b-b247-76c7e40dcbee,Hana Setiawan,088613379433,hana.setiawan@mail.id,8,U,Cirebon,,,2026-03-02,BR-09,ACTIVE,2026-02-19T23:19:00+07:00
ed9ceb7d-1e57-5a5b-8cc5-a75193323920,Made Mahendra,0821 7570 1117,made.mahendra.@inbox.id,1,F,Semarang,,GOLD,2026-01-28,BR-15,ACTIVE,2025-09-13T16:37:04+07:00
e2faad14-aae8-54d8-91a2-ea1e03ee5e68,Citra Permata,, citra.permata066@inbox.id ,1,M,Gunungkidul,MBR-61461,PLATINUM,2025-04-04,BR-15,ACTIVE,2025-08-11T19:00:15+07:00
e332ca4f-c8d9-53e8-ad18-02740b657544,Tari Wijaya,088716642862,,3,F,Purworejo,MBR-93675,PLATINUM,2025-07-25,BR-06,ACTIVE,2026-02-16T22:37:54+07:00
9b5ab01b-1d2a-5375-8fee-c00516fb746b,Yuni Mahendra,0880 3987 6059,yuni.mahendra068@mail.id,1,F,Gunungkidul,MBR-45971,,2026-08-26,BR-14,ACTIVE,2025-12-15T06:19:25+07:00
ee2a9dec-39c1-5e89-8008-6417a9f44895,Sari Kusuma,+6284049061092,sari.kusuma@customer.test,9,F,Solo,,,2026-09-08,BR-11,ACTIVE,2025-04-02T16:04:48+07:00
92c12262-c703-5188-89a8-48bff83e4c6b,Intan Wulandari,083612174856,intan.wulandari.@example.id,3,M,Kulon Progo,MBR-72351,SILVER,2026-06-01,BR-18,INACTIVE,2026-05-01T05:41:15+07:00
65ff9277-2fa9-59e0-b659-140f065055ac,Dewi Santoso,+6286793552065,,2,F,Bekasi,MBR-53842,GOLD,2025-04-15,BR-19,CLOSED,2025-10-07T13:11:28+07:00
dfc8e3d8-9b18-5688-a460-a9025804126f,Raka Anggraini,080282680123,raka.anggraini.072@example.id,12,U,Semarang,MBR-70549,SILVER,2025-06-17,BR-04,ACTIVE,2026-03-07T02:03:01+07:00
35ab8604-9dbd-54a8-a6fb-eaee8535e03f,Lina Putra,0833-9270-5124,lina.putra.@inbox.id,9,M,Solo,MBR-99440,PLATINUM,2025-07-31,BR-13,ACTIVE,2026-08-19T21:47:45+07:00
717a0464-44d4-58cb-bce3-47eb976833df,Budi Anggraini,+6289356930711,budi.anggraini@example.id,5,U,Depok,MBR-48330,GOLD,2025-04-27,BR-15,ACTIVE,2026-02-04T18:35:04+07:00
fb64e15d-440c-5bd0-945d-2cddc8e3636b,Adi Setiawan,+62817-3324-0165,,4,U,Bantul,MBR-21882,SILVER,2026-03-11,BR-08,INACTIVE,2025-10-17T11:16:26+07:00
c35a8a53-35e9-5083-a5f9-8d50bb74b26c,Nadia Santoso,087934469221,nadia.santoso076@inbox.id,6,U,Bekasi,MBR-55544,SILVER,2025-09-18,BR-07,INACTIVE,2026-04-28T20:47:02+07:00
f16f8371-408f-5f10-9010-c85a83c7547d,Yuni Adinata,0844 5276 2172, yuni.adinata.@mail.id ,3,F,Bogor,,SILVER,2026-07-20,BR-04,ACTIVE,2025-09-03T09:47:54+07:00
23b6a7c9-7b88-54f1-9b91-1eaf94e35243,Wahyu Mahendra,086894146717,wahyu.mahendra.@inbox.id,1,M,Solo,MBR-20437,GOLD,2025-04-07,BR-19,ACTIVE,2026-01-22T22:23:51+07:00
518aaf20-1da4-5144-96e4-02743c6574b6,Tari Setiawan,+62849 3547 3257,tari.setiawan.@mail.id,9,F,Bogor,,GOLD,2025-12-17,BR-12,ACTIVE,2025-12-27T21:59:47+07:00
27715063-89f9-539a-a42b-1c61a3aaf942,Sari Putra,087728347812,sari.putra.@customer.test,9,U,Bantul,MBR-47091,SILVER,2026-08-06,BR-20,ACTIVE,2025-07-04T02:36:21+07:00
cd098aa2-3cd8-5301-b671-a3dca7210e21,Dian Permata,+6280059678227,dian.permata081@inbox.id,7,F,Bandung,MBR-54357,SILVER,2025-04-13,BR-13,INACTIVE,2025-04-18T07:57:14+07:00
eea639f7-1037-54d7-ac03-5825280ead85,Made Prasetyo,+6280490884393,made.prasetyo.@customer.test,6,U,Purworejo,MBR-52398,SILVER,2026-04-22,BR-19,ACTIVE,2025-06-20T05:28:19+07:00
6b474f1a-9e24-5f86-a5c1-98bf2a2fee44,Yuni Wulandari,+6282696866695, yuni.wulandari083@example.id ,11,F,Semarang,MBR-99286,GOLD,2026-07-30,BR-03,ACTIVE,2026-09-18T03:57:57+07:00
df28673d-841b-5bc1-b0ba-51c8578a5920,Wahyu Santoso,+62856 3613 5815,wahyu.santoso.@example.id,3,M,Bekasi,MBR-99194,BRONZE,2026-05-15,BR-18,ACTIVE,2026-05-23T00:11:09+07:00
eb603779-1cac-5741-b4e2-74d45f5395c7,Agus Putra,+6289159353969,agus.putra.085@mail.id,5,F,Purworejo,,GOLD,2025-10-26,BR-01,ACTIVE,2026-02-12T07:18:47+07:00
d7824def-4c64-5546-8b2b-32aa2a390257,Eka Wulandari,+6289746026783,eka.wulandari086@mail.id,4,U,Bandung,MBR-95417,SILVER,2026-02-26,BR-05,ACTIVE,2025-12-16T14:40:59+07:00
b5262241-ed13-51d1-94e8-3be41cdc662a,Lina Adinata,089214731923,,4,U,Malang,MBR-91854,PLATINUM,2025-08-23,BR-12,ACTIVE,2025-07-12T05:31:56+07:00
c44820bc-d506-5855-b49a-c08bb161fc94,Budi Putra,+62819-0776-6499,,11,M,Kulon Progo,MBR-52863,SILVER,2026-01-29,BR-18,ACTIVE,2025-09-25T02:52:09+07:00
db6b9326-4a73-5a90-b2c0-fa0f71a943dc,Ayu Wulandari,+62868-1906-8702, ayu.wulandari@example.id ,2,U,Kulon Progo,MBR-68057,SILVER,2025-10-02,BR-14,ACTIVE,2026-09-03T06:21:28+07:00
3990a9f6-5c57-557a-b472-48faefda4cd3,Yuni Santoso,0822-8983-5939, yuni.santoso090@customer.test ,7,U,Semarang,,,2025-07-10,BR-14,ACTIVE,2026-03-29T14:40:43+07:00
50ea6ca8-831b-5c05-8a98-dfb1b4ab938b,Eka Santoso,0899-2744-7901, eka.santoso.@customer.test ,2,F,Semarang,MBR-78276,BRONZE,2026-06-30,BR-06,ACTIVE,2026-05-18T19:14:46+07:00
9a2c5dab-2614-5a1b-a567-ded0c5462563,Agus Prasetyo,089681036873,agus.prasetyo.@customer.test,7,M,Bandung,MBR-31082,BRONZE,2026-03-09,BR-10,ACTIVE,2026-08-23T05:44:51+07:00
9349f758-9920-548d-a91a-08b2284c15b2,Tari Utami,,tari.utami@customer.test,5,F,Bekasi,MBR-49817,GOLD,2026-07-27,BR-08,ACTIVE,2025-07-28T05:06:09+07:00
de7ef236-9ee0-590e-9120-8086d3ca73ca,Ayu Santoso,082404134388,ayu.santoso094@mail.id,3,U,Cirebon,MBR-95925,PLATINUM,2026-05-06,BR-16,ACTIVE,2026-09-05T16:57:29+07:00
6ff442a4-e066-5edf-ab8b-d1b17573ebc4,Sari Santoso,+6288126913088,sari.santoso@customer.test,1,F,Jember,,BRONZE,2025-06-02,BR-12,ACTIVE,2026-05-15T19:45:04+07:00
4572a900-69b4-541f-a68e-1ba1bc66a894,Made Anggraini,+62896-0539-9361,made.anggraini.@example.id,12,U,Sleman,MBR-96906,GOLD,2026-07-20,BR-02,ACTIVE,2025-05-18T20:10:11+07:00
0551795f-8aa2-5294-b302-bc2157ff3a79,Tari Adinata,089912438812,tari.adinata@customer.test,4,U,Bekasi,MBR-18605,BRONZE,2025-06-28,BR-03,ACTIVE,2026-02-04T23:09:07+07:00
27c42cd7-3943-5f6c-8970-cd61c888204c,Dewi Adinata,+6285037984419,dewi.adinata098@mail.id,6,M,Bekasi,MBR-97782,SILVER,2025-06-22,BR-14,ACTIVE,2025-07-04T18:40:53+07:00
ed87b4b7-2aa5-50bc-bb81-f1fae7239710,Indra Hidayat,082507516850,,4,M,Malang,MBR-54028,SILVER,2026-06-19,BR-19,ACTIVE,2026-04-05T10:29:57+07:00
e8bea511-0ba5-5d72-9c43-f34ff6004728,Citra Putra,085947482789,,7,M,Yogyakarta,,BRONZE,2025-06-08,BR-01,CLOSED,2025-03-31T00:21:38+07:00
68d31e44-056a-5a7c-8939-0e20b21ff25a,Wahyu Permata,0860-7937-1717, wahyu.permata@example.id ,6,M,Bekasi,MBR-70744,SILVER,2026-06-30,BR-20,ACTIVE,2026-03-31T16:20:03+07:00
4f5e3c76-58bd-51c2-b981-54d817a0d5a9,Wahyu Kusuma,+6284762286290,wahyu.kusuma102@example.id,3,M,Kulon Progo,MBR-81015,SILVER,2026-09-25,BR-15,ACTIVE,2025-10-14T14:26:23+07:00
55bfbdeb-1a07-5f1e-9bb2-14cbd6de2cee,Sari Putri,0864 2303 6894,sari.putri103@inbox.id,2,U,Depok,MBR-34685,SILVER,2025-07-16,BR-03,INACTIVE,2026-03-16T05:27:00+07:00
04736428-db88-57b5-8bd0-b77f85cdfeb9,Sari Putra,0864 2303 6894,sari.putra.104@customer.test,1,U,Solo,MBR-62057,PLATINUM,2025-08-22,BR-15,ACTIVE,2025-05-12T17:40:15+07:00
d6618a9d-fbb1-5eb2-a459-68535ad5c80c,Intan Setiawan,082487433048,intan.setiawan.105@mail.id,1,M,Yogyakarta,MBR-36125,GOLD,2026-02-03,BR-12,ACTIVE,2025-07-23T08:00:00+07:00
b2fdcade-349c-599f-8c1e-f67476a21435,Tari Putri,,tari.putri.@mail.id,11,U,Magelang,MBR-11601,GOLD,2026-01-27,BR-03,ACTIVE,2025-11-12T19:44:33+07:00
1991cb79-ce72-53e7-be27-50e386599471,Ayu Prasetyo,,ayu.prasetyo@example.id,6,M,Yogyakarta,MBR-86621,GOLD,2025-06-02,BR-15,ACTIVE,2025-06-14T20:33:03+07:00
a1ac6712-88b2-5908-aceb-63e017b3d3fb,Intan Adinata,+62859 3609 4491,intan.adinata@customer.test,1,M,Sleman,MBR-63228,PLATINUM,2025-07-24,BR-14,ACTIVE,2026-05-27T13:22:07+07:00
f0932a1a-fd0b-59f6-97e2-d7da577d0128,Lina Wulandari,0866-9982-9779,,3,M,Solo,,PLATINUM,2025-10-06,BR-19,INACTIVE,2025-11-26T09:45:31+07:00
b1793570-1837-5dc2-abef-4b406b9f4e4b,Sari Hidayat,+62825-5901-9745,sari.hidayat.@customer.test,5,F,Bekasi,MBR-35832,,2025-05-16,BR-15,ACTIVE,2026-06-10T04:13:49+07:00
c5b13ca0-8437-5979-aa3a-315742cf799f,Tari Wijaya,+6288354308971,tari.wijaya.111@mail.id,1,U,Kediri,MBR-66190,PLATINUM,2026-08-18,BR-06,CLOSED,2025-09-17T11:31:13+07:00
2f616b67-5ca5-5caa-b787-a81d9bcdd020,Tari Santoso,087855346245,tari.santoso112@mail.id,10,U,Klaten,,,2025-11-05,BR-13,ACTIVE,2026-06-08T10:47:39+07:00
283ba918-469b-5033-ae43-3efc00f12f30,Eka Kusuma,+6288160481101,eka.kusuma@mail.id,11,F,Solo,MBR-99873,GOLD,2025-10-20,BR-08,ACTIVE,2026-01-15T09:57:18+07:00
13276cff-a78f-5fce-8ab1-500ce6e1574f,Hana Permata,085666202294,,2,F,Malang,MBR-80150,GOLD,2026-01-07,BR-09,ACTIVE,2025-06-01T09:27:53+07:00
74b565dc-04e0-571e-bd2b-948ed8e74833,Ayu Utami,+6284108486080, ayu.utami115@mail.id ,12,M,Bekasi,,,2026-07-29,BR-11,ACTIVE,2025-09-17T11:36:54+07:00
c217d06f-fbe4-50b4-ae45-bf7cf8366db2,Lina Prasetyo,+6286349481365,lina.prasetyo.@customer.test,11,F,Surabaya,MBR-61607,PLATINUM,2026-01-12,BR-13,ACTIVE,2025-07-01T09:06:52+07:00
8cf26ed3-1e3c-56ad-bec6-28408ae8c420,Citra Wijaya,+6284203404508,citra.wijaya.117@example.id,3,F,Bekasi,MBR-56043,SILVER,2026-03-25,BR-07,ACTIVE,2025-04-08T18:51:25+07:00
90ddb43f-04ff-5fb4-b29b-ec097c179af7,Wahyu Darmawan,+6288711885036,wahyu.darmawan.118@example.id,4,F,Jember,MBR-26274,SILVER,2026-09-01,BR-02,ACTIVE,2026-07-18T02:41:46+07:00
6718e283-0f2e-5b87-946c-f5ea3d29d9c8,Lina Mahendra,+62882 2206 2024, lina.mahendra.119@inbox.id ,4,M,Magelang,MBR-47088,BRONZE,2026-03-01,BR-08,ACTIVE,2025-05-18T15:25:10+07:00
a4aabca2-0d7c-5b4f-8b01-9e09bff6d9c8,Agus Wijaya,089468652833,agus.wijaya@example.id,12,M,Solo,MBR-64020,,2026-03-25,BR-11,INACTIVE,2026-09-29T12:30:55+07:00
735eb998-99a1-5b0d-b9b1-8e96ea251281,Raka Santoso,086105332332,raka.santoso.121@inbox.id,12,M,Klaten,MBR-86991,GOLD,2025-05-24,BR-05,ACTIVE,2026-09-10T23:56:40+07:00
5a95ba2d-a618-509e-8173-ba5aa983751a,Agus Adinata,+6289882382140,agus.adinata122@inbox.id,1,M,Depok,MBR-38107,SILVER,2026-07-04,BR-03,INACTIVE,2026-09-09T09:55:15+07:00
414e05fb-34e0-55e1-8212-4b16a1bb430c,Yuni Anggraini,, yuni.anggraini@example.id ,7,M,Yogyakarta,MBR-91340,GOLD,2026-07-26,BR-19,ACTIVE,2026-03-05T20:59:49+07:00
f711adc2-284f-505c-8d8c-2dd9aadc3b0d,Tari Adinata,0894-2852-8302, tari.adinata.124@inbox.id ,8,U,Bekasi,MBR-27948,SILVER,2025-05-28,BR-15,ACTIVE,2026-07-13T18:02:02+07:00
9dbdea34-3523-55f0-8d56-df6928a754ba,Budi Putra,+62892 0252 5821, budi.putra@inbox.id ,6,U,Purworejo,MBR-45978,,2026-04-27,BR-14,ACTIVE,2025-04-03T00:39:21+07:00
9c08f13c-8c7a-5024-83c3-984fd46c8e15,Indra Setiawan,081538199790,indra.setiawan126@example.id,10,M,Bantul,MBR-51976,GOLD,2025-07-03,BR-15,ACTIVE,2026-09-29T06:30:44+07:00
8b6dd6e2-b343-5d3f-bbf7-e9a95b238b20,Intan Wulandari,0842-7705-5965,intan.wulandari127@mail.id,4,M,Surabaya,MBR-11946,BRONZE,2026-08-13,BR-15,ACTIVE,2026-01-18T23:52:42+07:00
018125e7-4f61-5779-aa63-187224c768b7,Hana Setiawan,+6289245889732,hana.setiawan@mail.id,8,U,Malang,MBR-83005,PLATINUM,2026-02-07,BR-04,ACTIVE,2026-07-07T23:47:45+07:00
7c34199c-7d3c-5ff9-88b0-ffe3e73d376a,Intan Wulandari,080374520215,intan.wulandari.@inbox.id,1,F,Jember,MBR-23674,PLATINUM,2026-07-25,BR-09,ACTIVE,2025-06-05T13:39:07+07:00
2017ff52-61fc-5382-8b2c-690a214ea35f,Hana Anggraini,,hana.anggraini130@inbox.id,1,U,Kulon Progo,MBR-66902,GOLD,2026-02-20,BR-10,ACTIVE,2026-05-17T22:43:10+07:00
bc4e83d3-6658-56a0-b85b-37a89bd64658,Intan Permata,0838 4317 4867,intan.permata.131@inbox.id,11,F,Gunungkidul,MBR-17916,,2025-09-12,BR-09,ACTIVE,2026-05-10T04:22:02+07:00
960769bb-f68c-5282-9ac0-2155feda687b,Sari Mahendra,0845 6077 5072,sari.mahendra.132@example.id,9,U,Bandung,MBR-62220,GOLD,2026-08-15,BR-08,ACTIVE,2025-09-15T10:33:43+07:00
070608f3-3286-5db2-ab05-bdb1fef6ad9d,Wahyu Permata,+62833-3761-2820,wahyu.permata@example.id,6,M,Sleman,MBR-55663,GOLD,2026-05-07,BR-01,ACTIVE,2025-04-13T10:43:22+07:00
d8f55e9d-8a33-5e4b-bcd3-63f1e68c9941,Yuni Wulandari,+6280043428765,yuni.wulandari.@customer.test,5,M,Yogyakarta,MBR-74764,,2025-09-15,BR-08,ACTIVE,2026-04-28T06:41:15+07:00
6c69e204-2a75-5fbb-85e1-fe59588ac27b,Budi Putri,081120899779,budi.putri@example.id,3,F,Bandung,MBR-56164,PLATINUM,2026-01-04,BR-17,ACTIVE,2025-08-11T06:15:16+07:00
b356180b-0dd1-5b74-beec-5d697476b8a8,Nadia Permata,+6286574901115,nadia.permata@inbox.id,4,M,Yogyakarta,MBR-22926,PLATINUM,2026-08-20,BR-12,ACTIVE,2026-05-26T14:51:37+07:00
a342659d-30dd-5fcf-86b2-42db96bbd03f,Eka Adinata,+6288326864452,eka.adinata.137@mail.id,8,U,Depok,MBR-38517,,2025-07-03,BR-11,ACTIVE,2026-04-02T16:07:13+07:00
42b232be-73f0-59f9-8959-3fe4d4ecccfa,Yuni Wijaya,0845 8819 7527,yuni.wijaya@example.id,12,M,Yogyakarta,MBR-24110,GOLD,2026-06-08,BR-06,ACTIVE,2026-03-02T23:44:16+07:00
93526cc6-9a4e-560a-977d-ae5bdb265d28,Indra Adinata,+62878-1781-2952,indra.adinata139@inbox.id,12,M,Kediri,MBR-37072,,2025-07-19,BR-06,ACTIVE,2025-09-22T11:56:59+07:00
3ed78931-f67d-522a-868d-ea524e5eaf8e,Intan Wulandari,0874 4006 8697,intan.wulandari@customer.test,11,U,Malang,MBR-13476,SILVER,2026-01-04,BR-07,ACTIVE,2026-03-11T06:21:17+07:00
803054d1-2e18-5ced-83ea-77621be593f5,Sari Prasetyo,0840 2185 6796,sari.prasetyo@mail.id,9,U,Cirebon,MBR-50863,SILVER,2026-04-23,BR-07,ACTIVE,2026-02-11T19:34:26+07:00
868e1bf5-654e-52c7-919c-a967a7bbc9f4,Budi Kusuma,082514959993, budi.kusuma142@inbox.id ,2,M,Malang,,,2026-09-20,BR-10,ACTIVE,2025-05-23T05:20:03+07:00
b5d5c9f3-9d77-5e3d-b04f-bf30bb41b0ab,Raka Darmawan,080946561093, raka.darmawan.@inbox.id ,1,F,Yogyakarta,MBR-85194,PLATINUM,2026-08-14,BR-01,ACTIVE,2026-08-09T06:41:34+07:00
d320d61f-83cc-51e7-b106-ee51660182c3,Tari Prasetyo,0895 1320 1883,,8,U,Bekasi,MBR-32156,BRONZE,2025-05-01,BR-06,ACTIVE,2025-04-05T18:27:16+07:00
876f30d8-020e-58f8-ae7f-cd873b2114c3,Lina Permata,088312759991,lina.permata@customer.test,2,M,Jember,MBR-63618,,2026-02-18,BR-07,INACTIVE,2026-07-30T12:15:49+07:00
abddf951-2568-5ecb-80f6-dde850ecd235,Fitri Setiawan,+6288951343791, fitri.setiawan.@inbox.id ,4,F,Bandung,MBR-23675,GOLD,2026-03-10,BR-03,INACTIVE,2025-11-24T11:16:17+07:00
85030066-4c4d-5379-8eb5-acddc24552a3,Intan Wulandari,0834-6296-3423,intan.wulandari147@customer.test,8,U,Surabaya,MBR-22569,GOLD,2025-08-24,BR-04,ACTIVE,2026-04-16T14:33:44+07:00
619078e5-55d7-5797-89b2-d0126d589ec2,Lina Setiawan,+6289164262210,lina.setiawan148@mail.id,6,U,Sleman,MBR-29944,SILVER,2025-11-14,BR-13,ACTIVE,2025-04-09T12:23:41+07:00
7736ac87-7a97-5c3b-ad9d-137aa01dbd39,Made Hidayat,+62805-7512-4611,,2,U,Bekasi,,BRONZE,2026-01-14,BR-04,ACTIVE,2025-10-30T03:12:08+07:00
53ba8d8c-e9f3-5740-b1e6-7c188c155d5f,Lina Wulandari,080225948023, lina.wulandari.150@mail.id ,1,M,Jember,MBR-65858,,2026-05-06,BR-18,INACTIVE,2025-06-25T12:12:34+07:00
79b8db85-47a4-54e5-aa35-6654891f60c1,Yuni Adinata,+6283719348650, yuni.adinata@mail.id ,12,F,Purworejo,MBR-94804,GOLD,2026-05-29,BR-14,ACTIVE,2025-09-30T14:39:38+07:00
779ffef0-08cc-53e7-a551-7d9839b63db8,Fitri Anggraini,+62806 2065 6508, fitri.anggraini.152@mail.id ,1,F,Surabaya,MBR-73878,SILVER,2026-02-06,BR-10,INACTIVE,2025-04-11T19:30:55+07:00
701dbcca-8c5b-5243-bba4-1b21c2a82694,Hana Permata,0831 7330 1455,hana.permata153@customer.test,8,M,Cirebon,MBR-17688,BRONZE,2026-08-14,BR-01,INACTIVE,2025-12-23T03:29:40+07:00
e508543d-b22a-5dd1-bfcf-53460c43ef3b,Nadia Santoso,+6288143744361,nadia.santoso.154@mail.id,10,U,Purworejo,MBR-57016,,2025-12-15,BR-13,ACTIVE,2026-08-09T19:44:59+07:00
a54b6c9f-9b8d-5524-9763-1f4639d075a9,Tari Permata,+62831 3233 6462,tari.permata.@example.id,3,F,Bandung,MBR-49345,PLATINUM,2026-06-27,BR-14,ACTIVE,2026-08-28T01:16:47+07:00
80770db5-cc7b-58db-ac3d-f9c9f2a9bf76,Hana Kusuma,0803 3200 1267,hana.kusuma@mail.id,9,U,Bekasi,MBR-96441,GOLD,2025-11-06,BR-03,ACTIVE,2026-03-12T22:03:28+07:00
921bed97-76a1-5661-895f-9d1426ef6307,Nadia Utami,081397414513,nadia.utami.157@mail.id,2,F,Kulon Progo,MBR-68155,PLATINUM,2025-10-26,BR-11,ACTIVE,2025-05-19T07:47:43+07:00
5523dd67-0cc1-58f2-97a7-1e65301c60af,Sari Santoso,086982607958,,4,U,Bekasi,MBR-31184,PLATINUM,2025-10-28,BR-09,ACTIVE,2026-06-12T05:12:10+07:00
d7b8343b-a982-5a55-a162-bd6655285413,Adi Mahendra,+62862 1302 6534,adi.mahendra.159@inbox.id,9,U,Bandung,MBR-46491,PLATINUM,2026-02-23,BR-05,ACTIVE,2025-08-06T07:57:45+07:00
aae10036-24de-5288-95f7-3e9f60acc5a3,Eka Anggraini,0809-4264-4554,eka.anggraini.@example.id,12,M,Surabaya,MBR-88391,PLATINUM,2025-06-28,BR-17,ACTIVE,2026-02-04T18:11:20+07:00
3f3c24fe-8d18-5c25-8ae2-1af09255e3de,Wahyu Putri,088965361093,wahyu.putri161@example.id,3,U,Klaten,,,2025-08-12,BR-04,ACTIVE,2026-07-22T14:17:12+07:00
71b8ffad-cec3-5d0d-bca8-360e1a2759a2,Agus Hidayat,+6282578795617,agus.hidayat.162@inbox.id,1,F,Semarang,MBR-27299,GOLD,2025-10-17,BR-03,ACTIVE,2025-04-03T12:12:43+07:00
40f890da-1b3d-510f-bb9c-befb1a7681dc,Sari Santoso,084338023034,sari.santoso.163@example.id,6,M,Jember,MBR-15270,GOLD,2025-12-21,BR-09,CLOSED,2026-05-07T00:03:40+07:00
8de367d0-cdee-515d-ac88-aafdd0c53823,Hana Putri,+6285216082577, hana.putri.@example.id ,12,U,Solo,MBR-98287,SILVER,2026-03-18,BR-04,ACTIVE,2026-01-14T18:43:08+07:00
ff5058be-b7e0-52fb-9c43-dac9bfc883f4,Citra Darmawan,0893-3022-6895,citra.darmawan@mail.id,11,M,Bekasi,MBR-54448,SILVER,2025-09-06,BR-02,ACTIVE,2025-11-30T12:47:20+07:00
df560298-04b1-5dd2-be76-9871146a098e,Dewi Utami,+62824-5746-6664,dewi.utami166@inbox.id,6,M,Yogyakarta,MBR-80080,,2025-11-01,BR-10,INACTIVE,2026-01-06T02:19:54+07:00
db7c28ef-7a08-5cff-957f-e5603db8256f,Raka Wulandari,+62864-4315-5887,raka.wulandari167@example.id,1,U,Madiun,MBR-76947,PLATINUM,2026-07-16,BR-19,ACTIVE,2025-08-14T08:37:03+07:00
25296f7b-493a-542a-bf7d-a8b83c196f76,Eka Santoso,+6287370764897,eka.santoso168@example.id,3,M,Semarang,,GOLD,2026-01-14,BR-04,ACTIVE,2025-11-16T16:53:45+07:00
ae484360-8f96-52cc-8e13-f2c3b25f7f2b,Raka Setiawan,0851 2719 8468,raka.setiawan169@mail.id,6,U,Malang,MBR-37083,PLATINUM,2026-03-24,BR-11,ACTIVE,2025-07-28T21:47:26+07:00
087f479f-1942-5f14-9056-718303659556,Tari Putri,085282671137,tari.putri170@mail.id,11,U,Kulon Progo,MBR-98379,GOLD,2026-07-03,BR-04,ACTIVE,2026-08-03T02:23:30+07:00
60441943-fae4-5cb4-83de-b43a167e7278,Budi Wijaya,,budi.wijaya@inbox.id,11,M,Bekasi,MBR-12904,,2026-05-17,BR-13,ACTIVE,2026-04-26T03:00:10+07:00
90e0d7c8-6595-5bd1-8ac6-ffc3ae53b7bc,Tari Permata,0870 6795 1659,tari.permata@inbox.id,3,F,Kediri,MBR-63463,,2025-10-30,BR-07,ACTIVE,2025-06-11T05:30:38+07:00
ace3aa8e-16fc-538e-8e90-7e34028c98d0,Fitri Wijaya,0852-8015-0166,fitri.wijaya.173@customer.test,7,U,Cirebon,MBR-73150,GOLD,2026-09-23,BR-10,ACTIVE,2025-04-16T04:19:58+07:00
469ad56a-a3c7-561a-b76d-65664fe1b45a,Nadia Putra,+6289569389990,nadia.putra.174@inbox.id,7,U,Malang,MBR-53681,GOLD,2026-07-12,BR-20,ACTIVE,2026-08-29T08:45:04+07:00
0edd2034-531a-562e-a3d3-707ca73e103c,Tari Adinata,+6286493948756, tari.adinata175@inbox.id ,7,M,Bandung,MBR-85700,PLATINUM,2025-10-16,BR-09,ACTIVE,2026-05-18T03:56:44+07:00
69322318-a3b5-51da-a335-391e172f5746,Made Prasetyo,+6281407708876,,4,M,Bogor,MBR-31165,SILVER,2025-04-12,BR-07,ACTIVE,2025-11-23T00:51:49+07:00
28e8ebef-6e5d-5a71-9995-8de96276cf30,Budi Wijaya,+6283548041310, budi.wijaya.177@customer.test ,5,F,Kulon Progo,MBR-23748,SILVER,2025-10-04,BR-18,ACTIVE,2025-12-18T16:52:39+07:00
10e1974c-ee6f-5152-a0c2-adc88aebf77a,Made Hidayat,+62849 9801 2901,made.hidayat.178@inbox.id,12,U,Semarang,MBR-94435,GOLD,2025-12-09,BR-10,ACTIVE,2026-07-04T21:08:20+07:00
e57ee803-b519-58bc-b786-2dce77a04b53,Indra Darmawan,089652371378,indra.darmawan@example.id,9,U,Bantul,MBR-43800,GOLD,2025-06-26,BR-14,ACTIVE,2025-07-05T08:27:22+07:00
33555a9d-ed82-5a11-82bf-044121f6de89,Hana Permata,083313001998,hana.permata.@example.id,8,M,Klaten,,,2026-01-23,BR-05,ACTIVE,2026-09-21T07:25:59+07:00
7a148286-519f-5713-b51c-9cafc9295524,Tari Santoso,0842-6933-9221,tari.santoso@example.id,3,M,Bandung,,SILVER,2025-08-09,BR-14,ACTIVE,2026-01-01T01:52:24+07:00
e4e7eff4-d966-52ab-a2db-e917a70983e9,Indra Adinata,083755095380, indra.adinata@mail.id ,6,F,Semarang,MBR-20966,PLATINUM,2026-01-28,BR-03,ACTIVE,2026-08-30T19:23:30+07:00
c3ba8500-ecc1-5e1c-a2ab-985953c17079,Tari Hidayat,084842114137,tari.hidayat@mail.id,3,U,Yogyakarta,MBR-61393,BRONZE,2026-09-09,BR-03,ACTIVE,2026-03-19T08:02:25+07:00
9be1d750-5f48-5a7c-8fdf-8336582dfc0f,Raka Putra,+62805 6915 9140,raka.putra.184@customer.test,5,M,Bogor,MBR-84049,,2025-04-28,BR-18,ACTIVE,2025-09-28T13:40:43+07:00
d0be1ef4-ac06-55ae-9378-d869c911c8c0,Adi Kusuma,081133578774,adi.kusuma.@mail.id,11,F,Sleman,MBR-85116,SILVER,2026-01-18,BR-08,ACTIVE,2025-06-26T11:22:44+07:00
24a2b9b9-1d9c-51f1-8388-5db096ce5622,Raka Permata,082706101289,raka.permata.@mail.id,2,U,Klaten,,PLATINUM,2026-04-07,BR-19,ACTIVE,2026-08-29T06:40:56+07:00
5e24f69b-7680-5780-b8ef-8b67c333a19d,Eka Putra,+62860-0326-9881,eka.putra.187@inbox.id,5,F,Bogor,MBR-64045,SILVER,2026-08-20,BR-03,INACTIVE,2026-09-14T03:42:00+07:00
3d122a9c-a24d-5051-93d9-4eab07f0ca69,Wahyu Santoso,+62897-1412-4228, wahyu.santoso.188@mail.id ,7,U,Madiun,MBR-40298,SILVER,2026-07-20,BR-02,ACTIVE,2025-08-08T17:44:19+07:00
0e22ac8e-645f-58ae-97d3-6e1c42fcc42c,Made Putri,+62851-5922-2959,made.putri.189@customer.test,5,U,Gunungkidul,MBR-19843,SILVER,2025-12-21,BR-16,ACTIVE,2025-05-23T06:16:23+07:00
7f8f1906-5e4e-5bb0-b17f-5f9162d1915b,Indra Hidayat,,indra.hidayat190@customer.test,11,U,Surabaya,MBR-70955,BRONZE,2025-05-06,BR-19,ACTIVE,2026-06-09T07:18:15+07:00
1e1e0835-dc29-595a-8553-e1f835e702da,Adi Anggraini,+62810-5728-5345, adi.anggraini191@inbox.id ,5,F,Solo,MBR-70947,BRONZE,2025-10-11,BR-03,ACTIVE,2026-07-22T01:52:58+07:00
97dcea47-587a-5d8b-9081-6a9e98c4f4eb,Lina Santoso,+62871-0596-1546,lina.santoso@mail.id,7,M,Sleman,MBR-92818,,2026-03-13,BR-05,ACTIVE,2026-01-05T04:21:07+07:00
3013ef52-a871-5412-aa45-367ac71bb9f1,Nadia Putri,085316216866,nadia.putri.193@example.id,1,M,Madiun,MBR-46094,GOLD,2025-04-13,BR-10,ACTIVE,2026-06-22T19:00:09+07:00
9470c1f4-1f65-58b3-8221-7654322a398f,Tari Wijaya,+6280703638318,tari.wijaya@mail.id,12,U,Bantul,MBR-70798,,2025-10-07,BR-15,ACTIVE,2025-10-06T14:20:36+07:00
45cc6a73-24ce-574e-9bbc-b4b605a4ece2,Hana Setiawan,080321105193,hana.setiawan.@customer.test,7,U,Solo,MBR-70602,PLATINUM,2026-08-09,BR-04,ACTIVE,2025-04-17T04:01:14+07:00
460c3305-ed78-57b2-b31d-501aebd9f282,Raka Hidayat,,raka.hidayat.@inbox.id,9,M,Sleman,MBR-20445,BRONZE,2026-05-12,BR-11,INACTIVE,2025-09-24T10:21:35+07:00
bdb77a98-caa9-56f1-b26b-5701a02c65fc,Yuni Permata,0837 0011 8686,yuni.permata.@example.id,11,M,Kediri,MBR-28036,PLATINUM,2025-12-28,BR-14,ACTIVE,2026-02-11T15:37:49+07:00
a105e114-ced6-5f82-9668-8fc8e5796ed4,Yuni Mahendra,+62841 9020 9788,yuni.mahendra.@mail.id,10,M,Yogyakarta,MBR-92734,PLATINUM,2026-08-29,BR-04,ACTIVE,2026-02-16T22:44:31+07:00
f79c3fdc-0959-5bbc-8e3f-f18dcfc95fda,Lina Putri,0833 6130 4396,lina.putri199@inbox.id,4,F,Magelang,MBR-43331,,2026-01-17,BR-02,ACTIVE,2025-12-26T14:51:49+07:00
aa3c7702-ae53-5a81-9be4-c4d04cc184b9,Dewi Kusuma,085541047404,dewi.kusuma.200@customer.test,4,F,Klaten,MBR-59901,BRONZE,2025-11-26,BR-18,ACTIVE,2026-09-22T15:36:35+07:00
96232cbc-27a7-5842-9945-770eb0fa2ba1,Wahyu Permata,+62881 7267 9060,wahyu.permata201@customer.test,6,U,Gunungkidul,MBR-32003,SILVER,2026-08-16,BR-05,ACTIVE,2026-07-28T07:55:32+07:00
472aff56-8f0c-5232-a5e8-0a6da024175b,Intan Kusuma,,intan.kusuma.202@customer.test,7,F,Purworejo,,SILVER,2025-06-17,BR-16,ACTIVE,2025-06-25T20:19:47+07:00
9efeb203-cee8-503f-9300-b6d6338564d8,Nadia Hidayat,+62851 7304 6995,nadia.hidayat.@example.id,4,F,Kediri,,BRONZE,2026-01-18,BR-06,ACTIVE,2026-08-26T02:34:45+07:00
c3c185f0-1d78-54bc-b1b5-6ffce2967d93,Raka Wulandari,+62806-7018-0402, raka.wulandari.204@customer.test ,6,U,Bekasi,MBR-64239,BRONZE,2025-10-15,BR-19,ACTIVE,2026-07-16T00:53:02+07:00
1c7a3258-1d27-5f97-8918-5112a0d2e760,Agus Setiawan,084391827430,agus.setiawan@inbox.id,10,M,Madiun,MBR-44374,PLATINUM,2026-04-15,BR-13,ACTIVE,2026-06-18T13:55:24+07:00
042e3d9a-840d-5622-b9a8-5e481cd54903,Nadia Mahendra,+62802-6800-0935,nadia.mahendra206@example.id,3,M,Malang,MBR-17720,PLATINUM,2025-12-23,BR-01,ACTIVE,2026-09-17T08:33:35+07:00
7f806428-f075-58ee-9fbe-c70927ca7400,Yuni Wijaya,+6289570874347,yuni.wijaya.@mail.id,6,U,Klaten,,BRONZE,2026-09-05,BR-02,ACTIVE,2025-10-05T20:17:35+07:00
58cdc0e8-f084-57d7-b7b4-579942acfeee,Eka Kusuma,+62863 8769 7569, eka.kusuma208@inbox.id ,6,F,Kediri,MBR-40271,,2025-09-18,BR-03,ACTIVE,2025-08-05T20:26:30+07:00
d419e767-2ded-552b-a08c-0563c15344f5,Fitri Anggraini,+6288924263277, fitri.anggraini209@customer.test ,3,M,Klaten,MBR-42540,BRONZE,2026-02-19,BR-19,ACTIVE,2025-04-29T01:42:47+07:00
cd1ba0fc-9520-5877-9bbd-7171bd77b66b,Ayu Utami,0830-6540-8277,ayu.utami@inbox.id,2,U,Cirebon,MBR-72579,BRONZE,2026-07-03,BR-11,ACTIVE,2026-08-01T17:56:13+07:00
6d9a41da-e3dc-515d-97b5-c6d4854c532f,Yuni Santoso,082949058310,,8,F,Malang,MBR-55289,,2026-01-10,BR-01,INACTIVE,2025-05-25T23:55:01+07:00
2938ba11-1adf-5493-8a56-454b49d0b584,Adi Putri,0852-1873-9559,adi.putri.212@customer.test,5,F,Malang,,,2025-10-15,BR-05,CLOSED,2025-05-13T04:30:33+07:00
1f819519-00e6-5916-9860-0bb999cf4575,Agus Setiawan,+6289021019958, agus.setiawan.213@customer.test ,8,U,Bogor,,BRONZE,2026-04-06,BR-06,INACTIVE,2026-08-26T23:12:31+07:00
13567b5b-5f12-50d9-aa26-a4944320f5a5,Hana Mahendra,0830-5759-2674, hana.mahendra214@example.id ,3,F,Bekasi,MBR-68055,PLATINUM,2025-11-08,BR-18,ACTIVE,2025-10-23T18:48:41+07:00
9b10d761-01cf-5040-b537-f865bac5ef3b,Adi Setiawan,084921381612,adi.setiawan.215@inbox.id,5,F,Surabaya,MBR-65279,,2026-07-30,BR-04,ACTIVE,2025-08-15T11:42:10+07:00
49211893-b0dd-52da-a93d-ebce8bae8a1b,Yuni Adinata,0808-7859-4840,yuni.adinata.@customer.test,7,U,Bekasi,MBR-35040,,2026-05-06,BR-04,ACTIVE,2025-08-07T21:06:13+07:00
0a361f19-5fb8-5bf5-b0cb-f6d04322d0c0,Raka Putra,0842 2947 7269,raka.putra@example.id,7,M,Depok,,PLATINUM,2026-06-18,BR-07,ACTIVE,2026-03-17T23:59:18+07:00
374c776b-cc59-5993-be99-93c00c64690a,Tari Putra,0876 3723 1425,tari.putra@customer.test,1,F,Jember,MBR-34259,SILVER,2025-06-16,BR-03,ACTIVE,2026-01-21T00:34:32+07:00
e9909a1a-2b72-5ac2-a9df-d428c34059f3,Tari Putra,+62804 4124 7474,tari.putra.@customer.test,11,M,Purworejo,MBR-92104,PLATINUM,2025-05-21,BR-15,ACTIVE,2025-09-14T14:31:45+07:00
e6fb6b36-c964-5295-a765-a19b0a997e43,Budi Prasetyo,+6282303901190,budi.prasetyo@customer.test,10,M,Madiun,MBR-52825,PLATINUM,2026-07-09,BR-13,ACTIVE,2026-01-06T16:10:57+07:00
14b054ac-1a7f-580a-8b07-2c3beaff8c2e,Yuni Wulandari,086331606946, yuni.wulandari.221@mail.id ,8,M,Gunungkidul,MBR-22955,,2025-06-04,BR-11,ACTIVE,2026-08-09T13:26:09+07:00
6ae68594-aac4-5179-98e9-52e9bec95fee,Intan Adinata,+6284993053426,intan.adinata@inbox.id,2,M,Klaten,MBR-17605,,2026-06-26,BR-19,INACTIVE,2026-03-16T20:52:44+07:00
328c97c5-5884-58b0-a45f-4a466e1e7dfe,Agus Permata,0897 1253 3558, agus.permata.@inbox.id ,11,M,Bandung,MBR-86729,,2026-06-15,BR-20,ACTIVE,2025-07-14T15:35:43+07:00
1cdfd8ad-aef9-593d-b392-9bec2d4e752e,Fitri Putri,0809 3191 2504, fitri.putri.@example.id ,6,M,Yogyakarta,MBR-52106,SILVER,2025-05-22,BR-08,ACTIVE,2025-10-10T01:43:11+07:00
a179411f-616c-52c5-aa37-f902b5ffa898,Fitri Darmawan,088255928062,fitri.darmawan.@mail.id,1,F,Madiun,MBR-77938,GOLD,2025-08-03,BR-09,ACTIVE,2025-05-09T11:36:24+07:00
bb463ac2-c8af-55f6-882f-9ef9884a4ae5,Nadia Anggraini,0894-4939-7959,nadia.anggraini226@customer.test,9,U,Solo,MBR-17743,SILVER,2026-09-13,BR-10,ACTIVE,2025-07-12T10:06:52+07:00
82b5237d-be86-5efd-bf21-25f3ae9df0ac,Fitri Wijaya,+6289528184459, fitri.wijaya@mail.id ,11,F,Purworejo,,,2025-08-31,BR-03,ACTIVE,2026-05-11T15:01:57+07:00
f83e6b1a-62ac-56e6-b2c6-560a1a22643f,Ayu Santoso,0804 9545 3608,ayu.santoso.228@example.id,2,U,Madiun,MBR-55152,BRONZE,2026-03-13,BR-09,ACTIVE,2025-07-29T20:04:46+07:00
edfe9714-6482-5d38-8564-c186f729dbc8,Raka Setiawan,0868-4700-7724,raka.setiawan.@example.id,7,M,Cirebon,MBR-99629,,2025-03-31,BR-06,ACTIVE,2026-09-21T14:32:39+07:00
f40619b2-0706-5f8f-8471-1a5910911ba4,Yuni Setiawan,083779894855, yuni.setiawan230@customer.test ,5,F,Bantul,MBR-24429,,2026-07-05,BR-05,ACTIVE,2026-07-17T18:45:38+07:00
7447bb1b-cd1d-57bb-8058-b2387b7b432f,Dian Putra,+6282309456150,dian.putra.231@example.id,9,F,Purworejo,MBR-39142,BRONZE,2026-04-07,BR-07,ACTIVE,2025-12-19T13:33:03+07:00
3cf4a61c-1d41-534f-b440-1a8d9f6f290d,Tari Santoso,+6280458348691,tari.santoso.232@example.id,10,F,Malang,MBR-35606,GOLD,2025-11-18,BR-10,ACTIVE,2026-09-22T17:30:47+07:00
1f03f1dc-f678-5b6f-8f17-a2ff59032826,Yuni Prasetyo,0831-4023-0930,yuni.prasetyo.@example.id,5,U,Malang,MBR-29035,GOLD,2026-03-13,BR-04,ACTIVE,2025-09-08T17:30:12+07:00
d6ad687c-e1e4-569a-b729-1e8cb39d7726,Hana Wijaya,0893-0665-2696,,3,U,Sleman,MBR-91892,,2026-03-29,BR-12,ACTIVE,2025-09-21T16:06:43+07:00
1f4697fa-5251-5663-9618-3a27cc8420f3,Citra Putri,+6281814384016, citra.putri.@mail.id ,3,U,Bandung,MBR-12750,GOLD,2026-01-19,BR-09,ACTIVE,2025-07-19T01:31:14+07:00
9e1962d5-81bf-5972-9647-5a725284a426,Nadia Setiawan,0871 9507 7300,nadia.setiawan236@customer.test,6,U,Solo,MBR-90549,SILVER,2025-11-12,BR-06,ACTIVE,2025-07-07T10:34:44+07:00
7071bf09-2efb-5a6a-bde3-bcd5f3114d73,Made Putra,0883 7725 7466,made.putra@mail.id,1,M,Cirebon,MBR-93158,GOLD,2025-04-04,BR-04,ACTIVE,2025-12-02T04:12:34+07:00
03d480fb-b0ff-5a15-b9d4-790ab70a7d1a,Wahyu Darmawan,084025809395,wahyu.darmawan@example.id,12,M,Magelang,MBR-77205,GOLD,2026-09-28,BR-16,INACTIVE,2025-06-10T16:35:40+07:00
d1df7e3d-d072-56db-9b79-13761bcf5eb4,Raka Wulandari,+6281151214571,raka.wulandari.239@inbox.id,12,U,Cirebon,,,2025-12-22,BR-02,ACTIVE,2025-08-15T11:14:28+07:00
9eeb5472-37fb-519a-98a0-73a968a3761d,Hana Kusuma,+6284320626175,hana.kusuma.240@inbox.id,5,U,Sleman,MBR-96249,BRONZE,2026-03-30,BR-04,INACTIVE,2025-08-26T20:03:01+07:00
c60717c0-aaf4-5625-8027-02c964c49369,Raka Wulandari,0841-9044-2239,raka.wulandari241@mail.id,12,M,Semarang,MBR-33962,PLATINUM,2025-07-01,BR-14,ACTIVE,2025-08-24T14:18:13+07:00
05628dc8-c428-5bc1-8de2-c41a0aedc142,Adi Putri,+6289179545927,adi.putri242@inbox.id,11,F,Yogyakarta,,GOLD,2025-11-30,BR-07,INACTIVE,2025-07-20T11:54:36+07:00
5de7a3e5-1110-5534-9cfa-1c4555d8b1d9,Agus Darmawan,0830 2763 1379,agus.darmawan@inbox.id,8,M,Yogyakarta,MBR-31109,,2026-04-09,BR-13,ACTIVE,2026-03-06T06:14:05+07:00
4a3ff75e-a9d0-58f4-8468-7eb8910628c1,Made Santoso,081660099813, made.santoso.244@mail.id ,5,M,Bandung,MBR-82104,SILVER,2026-08-06,BR-10,INACTIVE,2025-11-19T00:44:38+07:00
8df92401-140d-5713-b03c-8987aa310599,Citra Hidayat,0819-8011-2994,citra.hidayat245@inbox.id,2,F,Gunungkidul,MBR-64025,SILVER,2026-01-23,BR-09,ACTIVE,2026-09-22T05:03:38+07:00
73e42a7b-b2d8-5807-8e08-dee38f2396ad,Intan Mahendra,+6282834498514,intan.mahendra246@example.id,8,F,Bandung,,,2025-04-20,BR-04,ACTIVE,2025-08-23T02:58:50+07:00
edb20ff1-a2a6-5253-b630-f59414423e38,Hana Santoso,+6281927811751, hana.santoso@customer.test ,3,M,Klaten,MBR-76836,BRONZE,2026-08-17,BR-20,ACTIVE,2025-04-10T12:00:25+07:00
00eeeb6f-b04e-52d3-94f2-81c566036eff,Nadia Utami,0835-2519-4972,nadia.utami@customer.test,7,M,Jember,MBR-60990,PLATINUM,2025-12-07,BR-06,INACTIVE,2025-12-27T04:03:59+07:00
8077a115-e20d-52bb-a011-6bee276740d8,Indra Utami,080133933841,indra.utami.249@customer.test,10,F,Magelang,MBR-58546,PLATINUM,2026-06-19,BR-11,ACTIVE,2025-05-02T17:51:03+07:00
bab3d237-e501-5072-a5cd-87cd928f7ae9,Hana Darmawan,+6288605249346,hana.darmawan.250@example.id,5,U,Sleman,MBR-59480,PLATINUM,2026-01-25,BR-17,ACTIVE,2025-06-21T04:34:56+07:00
37fc9303-2276-5e29-9a67-c80e673df49c,Raka Putra,0853-3411-7646, raka.putra@example.id ,9,M,Bandung,MBR-52240,,2025-12-01,BR-05,ACTIVE,2025-08-08T20:58:57+07:00
1275f734-3be1-5f49-b553-56aae6d26f26,Lina Putra,+62894 2066 4750,,11,F,Solo,MBR-37028,SILVER,2026-07-20,BR-02,ACTIVE,2025-10-20T05:20:46+07:00
a6841f88-44cf-5cfa-8c45-c2d744c0ed5a,Dewi Santoso,082936752183,dewi.santoso@example.id,6,F,Jember,,GOLD,2026-02-04,BR-08,ACTIVE,2026-08-04T23:23:09+07:00
d4c788e3-8fd9-54a0-85fd-82f7ab7cce73,Eka Mahendra,+62856 1364 3315,eka.mahendra@inbox.id,1,U,Gunungkidul,MBR-16740,SILVER,2025-04-04,BR-19,ACTIVE,2026-09-05T03:18:34+07:00
f8186e22-32bf-5ee5-a225-0ef691c1bf87,Yuni Darmawan,0896 1480 6691,yuni.darmawan@customer.test,8,M,Magelang,MBR-69320,SILVER,2025-10-05,BR-06,ACTIVE,2025-11-14T08:21:08+07:00
4adcb04d-f3b0-5f68-a5de-e121342b6eb1,Ayu Mahendra,+6280751780550,ayu.mahendra256@customer.test,9,M,Bandung,MBR-71792,PLATINUM,2025-04-26,BR-13,ACTIVE,2025-09-27T09:42:12+07:00
2d502fc8-7022-53a3-ac58-04c2a4962e26,Made Permata,+6281880313445,made.permata257@example.id,3,M,Kediri,MBR-72029,PLATINUM,2025-12-29,BR-09,ACTIVE,2025-11-13T16:37:56+07:00
f298c848-ba30-56e2-b47a-ef02f2530360,Hana Darmawan,081618240816,hana.darmawan.@inbox.id,6,M,Bogor,MBR-58960,BRONZE,2025-08-25,BR-17,ACTIVE,2026-01-29T08:15:22+07:00
39f3bde6-7155-5446-a7da-2026393e0553,Yuni Darmawan,0861-4196-8050, yuni.darmawan.@inbox.id ,3,M,Bekasi,,GOLD,2025-12-07,BR-15,INACTIVE,2025-06-19T03:08:03+07:00
aac4657d-6bdc-537b-a2b6-71788ef791d5,Intan Putra,+6283994844446,intan.putra.@example.id,6,F,Magelang,MBR-10769,PLATINUM,2025-05-26,BR-13,CLOSED,2025-05-21T01:37:07+07:00
21f2c23b-5c89-5c9f-9b3a-510682c9b9fd,Indra Putri,0826 9923 4583,indra.putri261@example.id,4,F,Magelang,MBR-31096,PLATINUM,2026-01-04,BR-11,ACTIVE,2026-01-21T12:14:46+07:00
2fb21d5d-228f-5794-9bae-ed465ce43e82,Nadia Mahendra,+62832 6634 6328,nadia.mahendra262@mail.id,9,M,Semarang,,GOLD,2025-08-17,BR-01,ACTIVE,2025-05-18T21:34:53+07:00
5fc89e98-91d3-5a0d-9dae-964b0955f20a,Tari Prasetyo,0892 4675 1985,tari.prasetyo263@inbox.id,12,M,Bogor,MBR-72060,PLATINUM,2025-08-31,BR-02,ACTIVE,2025-05-29T01:00:28+07:00
99eff8af-7c6b-5acd-afe1-116e0eb09daf,Hana Putri,0888 5361 5375,hana.putri@customer.test,5,M,Bogor,MBR-51261,,2026-01-18,BR-19,ACTIVE,2026-04-09T06:18:59+07:00
6a3a1de5-3b7d-576f-9b94-59ab613492cb,Intan Utami,0872 1932 0014,intan.utami@example.id,11,M,Yogyakarta,,,2026-01-29,BR-11,ACTIVE,2026-03-23T18:45:13+07:00
249577dd-2522-5e3a-a647-9bfd68d1ca98,Hana Putri,+6289456189980,hana.putri.266@inbox.id,3,U,Kulon Progo,MBR-74190,SILVER,2025-10-03,BR-08,ACTIVE,2025-09-25T17:48:41+07:00
7bd86d44-4047-5eb5-a07b-a9319f123037,Nadia Darmawan,0824 3364 5906,nadia.darmawan.267@inbox.id,1,U,Klaten,MBR-16592,GOLD,2025-10-30,BR-08,ACTIVE,2025-07-25T01:30:42+07:00
228294ba-ff9c-59fe-aa9d-5f138b35c1ec,Sari Prasetyo,+6289852303157,sari.prasetyo.268@inbox.id,2,F,Magelang,MBR-65658,PLATINUM,2026-09-09,BR-12,ACTIVE,2026-09-09T04:08:35+07:00
5a84fff7-0ba6-58fa-9011-781d37a113f1,Indra Permata,+6284258748326,,8,U,Bogor,MBR-31653,PLATINUM,2026-02-27,BR-03,CLOSED,2026-09-01T19:52:00+07:00
d3947e85-243a-5e5b-8577-d03d4a36603d,Ayu Kusuma,085495657953,,12,U,Bogor,MBR-99226,PLATINUM,2025-06-25,BR-18,ACTIVE,2026-01-10T09:02:03+07:00
37022ac3-af46-512f-bbd1-53459c1d8371,Adi Santoso,081910810595,adi.santoso.271@inbox.id,3,U,Kulon Progo,MBR-13738,BRONZE,2025-10-11,BR-17,ACTIVE,2026-03-14T23:22:13+07:00
d4e7a165-82e7-5c91-99e7-a65e5e7e59b8,Adi Adinata,,adi.adinata272@example.id,5,F,Bogor,,GOLD,2025-05-18,BR-10,ACTIVE,2025-05-15T16:43:11+07:00
cb8b2eea-7cab-575c-b6c1-78eaa095a9c1,Intan Kusuma,+6287961931502,intan.kusuma@inbox.id,2,M,Surabaya,MBR-90195,PLATINUM,2026-06-23,BR-15,ACTIVE,2025-08-18T00:58:05+07:00
825a8a11-ee87-5ba9-be2f-4dc05f3ea8f4,Ayu Setiawan,080900639176,ayu.setiawan@example.id,4,M,Sleman,MBR-18225,BRONZE,2025-08-25,BR-12,ACTIVE,2025-05-29T06:57:48+07:00
d60be382-ed87-56c1-b5cc-af5c142b5e9d,Agus Hidayat,085060973688,agus.hidayat.275@customer.test,11,U,Solo,,PLATINUM,2025-10-15,BR-05,ACTIVE,2026-05-09T08:46:54+07:00
73c8b169-ec4b-5452-8fc3-7f0fcc66edf5,Ayu Putri,+6287071587933,ayu.putri@customer.test,7,F,Yogyakarta,MBR-38466,BRONZE,2026-05-26,BR-09,INACTIVE,2026-07-11T08:18:46+07:00
65f3abb8-bef7-5c29-a6c7-7e694b6fd639,Eka Anggraini,+62805-3106-9399,eka.anggraini.277@customer.test,8,U,Malang,,SILVER,2025-11-07,BR-05,ACTIVE,2026-03-30T12:47:14+07:00
49afa51e-5680-5024-b34c-a66d0faa7f2f,Eka Anggraini,+62855 2087 4346,eka.anggraini@example.id,11,F,Gunungkidul,,BRONZE,2026-09-13,BR-01,CLOSED,2026-07-15T17:42:47+07:00
72bdef3c-6765-56b7-903c-e636eac17953,Yuni Prasetyo,081870765909,,7,M,Depok,MBR-71825,PLATINUM,2026-09-13,BR-05,ACTIVE,2025-05-25T05:57:31+07:00
94a16ea6-1a38-566a-8383-f87e8d470bab,Tari Darmawan,087278884884, tari.darmawan.280@mail.id ,11,M,Solo,MBR-23482,BRONZE,2026-08-11,BR-19,ACTIVE,2026-09-26T06:08:18+07:00
7e0befa8-076d-5219-90b2-be396b9e1a44,Wahyu Utami,+6287924456887, wahyu.utami.281@customer.test ,11,U,Magelang,,BRONZE,2026-04-09,BR-09,ACTIVE,2026-06-13T01:56:14+07:00
2f5e3d54-6835-5c25-bdff-9772a952004d,Yuni Utami,084264156275,yuni.utami.@example.id,7,U,Yogyakarta,,GOLD,2026-04-22,BR-12,ACTIVE,2026-01-22T13:06:27+07:00
85cf6d15-15e5-56bf-b8d9-05a77a06488b,Citra Prasetyo,+6287248316653,citra.prasetyo.283@inbox.id,4,F,Jember,MBR-12943,BRONZE,2026-04-23,BR-11,ACTIVE,2025-08-08T13:51:34+07:00
f0c4ac25-2e0b-5d82-8237-8814912a1d91,Citra Adinata,0817 7962 7978,citra.adinata284@inbox.id,4,U,Madiun,MBR-90564,SILVER,2026-01-09,BR-19,ACTIVE,2025-04-29T00:51:41+07:00
d4d5ffa6-6893-5e2f-bb9f-2982813181b1,Dian Putra,0802 0706 0828, dian.putra@mail.id ,3,M,Solo,MBR-45063,GOLD,2026-05-31,BR-17,ACTIVE,2026-01-13T01:46:35+07:00
6d1def2d-47c9-59d8-92c0-26be52e7945a,Intan Adinata,+6286143407982,intan.adinata.286@inbox.id,9,F,Sleman,MBR-71375,,2025-03-31,BR-08,ACTIVE,2025-06-21T18:50:59+07:00
a27f70ce-5525-5f6c-a242-dd652bbc5c9c,Intan Mahendra,0851-5559-1293,,7,U,Solo,MBR-26254,BRONZE,2026-06-30,BR-14,ACTIVE,2025-10-11T07:00:07+07:00
42b799bb-6ef8-5bb4-9b9c-ec9010891320,Dewi Hidayat,0860 9187 9126,dewi.hidayat288@inbox.id,1,F,Yogyakarta,MBR-85641,,2025-11-22,BR-06,ACTIVE,2025-11-18T11:44:04+07:00
32c3372e-87eb-546b-b7ea-b2481cdd1dfd,Intan Hidayat,+6289053302366,intan.hidayat.289@inbox.id,12,M,Jember,MBR-25267,BRONZE,2025-08-02,BR-19,ACTIVE,2026-08-15T05:15:32+07:00
7779e8ff-bc53-5d71-b0a0-b216f43f11af,Intan Santoso,0833 5081 7943,intan.santoso.290@example.id,12,F,Sleman,MBR-89123,PLATINUM,2026-05-27,BR-02,ACTIVE,2025-08-09T07:22:17+07:00
09bdbb5a-8774-51ac-95ec-e2d4511c8c82,Tari Wijaya,+62895 8579 4220, tari.wijaya291@customer.test ,3,U,Magelang,MBR-23674,,2025-05-29,BR-19,ACTIVE,2026-01-05T16:52:03+07:00
479744bb-a2f9-5502-950d-3e4af7443e8e,Dian Wijaya,0866-6202-9855, dian.wijaya292@inbox.id ,10,F,Solo,MBR-29842,BRONZE,2025-10-01,BR-16,ACTIVE,2025-10-20T03:37:49+07:00
fc3660ae-257b-5a92-ab0d-9db5f484b888,Raka Wulandari,0869 6009 9025,raka.wulandari.@inbox.id,6,M,Surabaya,,PLATINUM,2026-08-01,BR-20,INACTIVE,2026-04-21T16:00:31+07:00
8f0b5078-ae23-5ea5-9ce6-3f97858fc339,Hana Santoso,0883-1526-0629, hana.santoso.@customer.test ,8,U,Bandung,MBR-70490,PLATINUM,2025-06-27,BR-01,ACTIVE,2025-11-22T00:59:48+07:00
a9d872e7-9239-5d36-9332-2bee40a3b157,Ayu Setiawan,089527378577,ayu.setiawan.@inbox.id,4,U,Magelang,MBR-80821,,2025-07-16,BR-05,ACTIVE,2026-03-27T22:39:06+07:00
88bf8114-3bf1-592b-bcc3-454d7b1f153d,Dian Utami,080647414013,dian.utami@example.id,5,F,Bantul,MBR-37917,,2025-11-21,BR-19,ACTIVE,2026-07-02T18:53:54+07:00
8ccfcb74-ca70-5a0f-b4f5-298c04db5de9,Sari Putra,+6288824967839,sari.putra.297@customer.test,12,U,Madiun,,BRONZE,2025-05-30,BR-07,ACTIVE,2025-04-01T14:58:25+07:00
98d0160b-b78d-58a5-86c6-eede0cf8c227,Dewi Wulandari,+62882 1274 7956,dewi.wulandari.298@inbox.id,8,M,Surabaya,MBR-12000,SILVER,2026-09-29,BR-05,ACTIVE,2026-07-23T18:08:28+07:00
6055406e-e58e-54cf-815e-be15980e3a1d,Yuni Mahendra,+6282002394579,yuni.mahendra@example.id,1,M,Bogor,MBR-45310,GOLD,2026-06-30,BR-01,ACTIVE,2026-07-07T14:40:32+07:00
0db57e22-684f-5aa4-ab89-4e460dad5828,Hana Anggraini,089942686240, hana.anggraini.300@mail.id ,12,M,Semarang,MBR-27394,,2026-08-05,BR-19,ACTIVE,2026-08-27T05:07:12+07:00
f3b7abef-8c0f-5ad6-8c8e-9b8ced8d7238,Lina Kusuma,,lina.kusuma@mail.id,3,M,Malang,MBR-68742,BRONZE,2025-04-09,BR-02,ACTIVE,2025-05-31T22:46:37+07:00
66ccf44b-9c7d-5b0f-8cee-e088e3da9bf0,Indra Wulandari,0885-3389-9124,indra.wulandari.@inbox.id,3,F,Surabaya,MBR-42054,BRONZE,2025-05-26,BR-20,INACTIVE,2026-05-21T10:06:18+07:00
507d62fc-445f-5373-8036-b0c9a2794327,Raka Santoso,+62811-2789-1884,raka.santoso303@inbox.id,2,M,Jember,,PLATINUM,2026-02-14,BR-01,ACTIVE,2026-01-14T04:02:34+07:00
fa8368c2-4fcd-5236-bed3-538d524e0160,Hana Putri,+6281127891884,hana.putri304@customer.test,2,F,Bandung,MBR-45381,SILVER,2025-08-11,BR-01,ACTIVE,2025-04-26T02:16:02+07:00
d8a40a8b-f59c-5e53-9e0d-6856300b213e,Budi Kusuma,087508617673,budi.kusuma305@customer.test,9,M,Jember,MBR-13512,,2026-02-10,BR-01,ACTIVE,2025-10-19T03:12:50+07:00
48bed1d0-b741-52ce-ad37-0fd9ba6af62e,Lina Darmawan,082022931068,,1,U,Yogyakarta,MBR-27567,PLATINUM,2025-10-26,BR-16,ACTIVE,2026-03-12T09:48:51+07:00
6eb661ea-05fc-5db8-8582-7cbcffe2f793,Raka Setiawan,087217983158,raka.setiawan307@example.id,2,M,Purworejo,MBR-48051,GOLD,2025-11-10,BR-04,ACTIVE,2026-02-14T16:26:44+07:00
d704a7a5-b84f-5509-b0fe-248b7bfdea78,Dian Adinata,+6289831279998,dian.adinata@inbox.id,4,M,Depok,MBR-85509,,2025-09-12,BR-15,ACTIVE,2026-09-13T22:50:06+07:00
dc0ac90a-7d7b-5bc9-a787-8220d5dd3a9b,Raka Darmawan,+6289534756445,,3,U,Cirebon,MBR-87464,GOLD,2025-04-15,BR-08,ACTIVE,2025-11-21T23:46:50+07:00
6bd24a70-dae3-5217-983d-cce38f5ff2ef,Sari Adinata,+6282480984016,sari.adinata.@customer.test,3,M,Klaten,MBR-98953,SILVER,2026-04-09,BR-11,ACTIVE,2026-05-17T07:39:42+07:00
47df81b4-fdd5-5948-8200-187e1207a0df,Agus Wulandari,0885 4829 2322,agus.wulandari@customer.test,4,U,Surabaya,MBR-94355,SILVER,2026-02-22,BR-20,ACTIVE,2025-09-30T07:07:39+07:00
2b5ca6a9-e6f8-5367-b68e-9a28072b1f89,Fitri Wulandari,+6281924427966,fitri.wulandari@customer.test,5,F,Purworejo,MBR-60698,PLATINUM,2026-02-13,BR-17,ACTIVE,2025-12-11T11:40:13+07:00
ae0c66a7-227f-5cfd-a819-e12b7c8bceb4,Eka Mahendra,+6284670412823,eka.mahendra.@customer.test,6,F,Sleman,MBR-43325,GOLD,2025-06-11,BR-03,ACTIVE,2026-08-03T15:51:14+07:00
ac966022-41b5-5c66-acfd-5bc0999115ee,Dian Putra,086452094996,dian.putra314@inbox.id,6,M,Magelang,MBR-17645,,2026-03-27,BR-11,ACTIVE,2025-04-25T19:20:05+07:00
a27649bc-b6b1-5ddc-8921-162d3d07003b,Raka Prasetyo,0897 0777 7402,,4,F,Semarang,MBR-86829,BRONZE,2025-10-01,BR-04,ACTIVE,2025-08-04T16:50:19+07:00
9b84a14f-0689-5662-a7ed-29769d70d042,Eka Darmawan,0870 1850 1936, eka.darmawan.316@inbox.id ,7,M,Magelang,,,2025-11-05,BR-06,ACTIVE,2025-05-05T07:52:28+07:00
7bd7ac55-5f37-59dc-85e0-d2fc02748c89,Tari Santoso,083533652531, tari.santoso.317@customer.test ,2,M,Bandung,MBR-31343,GOLD,2025-09-08,BR-03,INACTIVE,2025-07-16T17:49:57+07:00
b6f58249-c8f3-5d10-bf53-bf98ef94a1d5,Hana Setiawan,+62877 0462 2577,,11,U,Yogyakarta,MBR-97752,SILVER,2025-06-03,BR-20,ACTIVE,2026-03-22T11:26:23+07:00
9f14edc5-d346-59d9-9b21-e266746a8846,Hana Santoso,+62891-3739-5298,hana.santoso.319@customer.test,6,F,Gunungkidul,MBR-18663,,2026-04-30,BR-04,ACTIVE,2026-05-25T05:49:40+07:00
9b3408aa-abc7-510e-849e-d0ae59a98b4d,Adi Adinata,+62851 4257 6958,adi.adinata.@mail.id,2,U,Bandung,MBR-62339,GOLD,2025-08-23,BR-01,ACTIVE,2026-07-24T11:57:57+07:00
fa9bbb56-7418-53e2-87d1-01e24ecbff37,Citra Mahendra,+62854 9420 1980,citra.mahendra.321@example.id,9,U,Jember,,PLATINUM,2025-08-27,BR-06,ACTIVE,2026-04-27T00:55:48+07:00
ca715ca5-35b8-53c0-97bc-c2799816e972,Intan Kusuma,080319349836,intan.kusuma.@inbox.id,2,M,Sleman,MBR-63275,GOLD,2026-08-22,BR-03,INACTIVE,2026-01-10T07:34:00+07:00
c20c6c0b-d35a-5c2c-a499-ec022e672291,Wahyu Wulandari,0894-7397-9815,wahyu.wulandari.@example.id,7,M,Kediri,MBR-33172,,2026-06-23,BR-20,ACTIVE,2025-09-28T02:47:23+07:00
e1391f0f-2a6c-5957-9b81-bb3e7c32678e,Made Wijaya,+6283094434298,,3,U,Madiun,MBR-48343,GOLD,2025-11-11,BR-02,ACTIVE,2025-08-07T10:37:57+07:00
61528b2b-f051-551a-bbf9-18d4f37ceba4,Wahyu Hidayat,0894 8066 9446, wahyu.hidayat.325@example.id ,3,F,Bogor,MBR-48899,,2026-02-24,BR-04,INACTIVE,2025-08-13T07:09:58+07:00
455265e8-39e2-5364-ba00-5be222eff037,Sari Prasetyo,0893 0831 8326,sari.prasetyo326@inbox.id,10,M,Cirebon,,SILVER,2026-09-12,BR-16,CLOSED,2026-04-23T10:22:11+07:00
aaa87cb1-f116-511a-9327-e0d69588a197,Sari Prasetyo,+62869 6971 4932,sari.prasetyo@customer.test,8,M,Malang,,,2026-05-22,BR-11,ACTIVE,2025-04-29T02:25:21+07:00
90faa440-dc15-561f-915c-60f01682f706,Intan Putra,0879 8163 3606,intan.putra@mail.id,5,F,Bandung,MBR-81652,,2026-03-30,BR-04,ACTIVE,2025-07-29T05:08:21+07:00
75f569e0-2234-5c51-81c7-0f63f5c18d0f,Lina Putri,+62851-8996-0701,lina.putri329@customer.test,6,F,Bekasi,MBR-75525,PLATINUM,2025-06-20,BR-10,ACTIVE,2025-08-02T11:47:07+07:00
fbabb3e7-4958-55ae-a8dd-dc775db64f35,Ayu Hidayat,,ayu.hidayat.@mail.id,12,M,Yogyakarta,MBR-16117,BRONZE,2026-06-13,BR-20,INACTIVE,2025-09-22T00:10:02+07:00
b6a33a19-b5fd-51c7-8abd-b30ae14f412f,Raka Hidayat,0849-8685-4834, raka.hidayat.331@mail.id ,10,M,Bandung,MBR-83826,BRONZE,2025-12-27,BR-01,ACTIVE,2025-12-04T21:46:20+07:00
ac9c1a46-26af-5abc-9546-feef9dce8874,Made Setiawan,0881-1427-5647,made.setiawan.@customer.test,7,M,Semarang,MBR-71691,SILVER,2026-08-14,BR-13,ACTIVE,2026-01-28T22:42:35+07:00
6ebede5b-e04c-5411-b5f0-ac42081290df,Adi Putra,086825826671,adi.putra333@customer.test,2,M,Bogor,MBR-97916,GOLD,2025-04-10,BR-05,ACTIVE,2025-05-25T11:32:26+07:00
e2b4dcaf-8113-5ec2-ae3d-ea8ef005bcf0,Made Santoso,+6287970798593,made.santoso@customer.test,5,U,Yogyakarta,,BRONZE,2026-02-13,BR-14,ACTIVE,2026-05-18T17:54:40+07:00
a6e2da62-9e4d-52db-90ac-23e32aa67b06,Lina Putra,0890 8952 3542, lina.putra@mail.id ,11,M,Klaten,MBR-62049,BRONZE,2025-12-06,BR-06,ACTIVE,2025-12-06T03:37:08+07:00
82ab11be-4149-59f2-a310-c2cb179f98ea,Intan Santoso,+62846 2114 5670,intan.santoso.@example.id,1,F,Magelang,,BRONZE,2026-02-24,BR-08,INACTIVE,2026-08-15T09:04:51+07:00
302c7be4-5549-5955-a3d6-58cac99501f3,Ayu Setiawan,+62870 1756 2914,ayu.setiawan.@inbox.id,2,F,Malang,MBR-15728,BRONZE,2025-10-31,BR-14,ACTIVE,2026-06-02T18:20:04+07:00
fc7ee55c-01f7-5f85-bb70-b466b47947bc,Ayu Darmawan,084238015511, ayu.darmawan.@mail.id ,1,M,Bekasi,MBR-35197,SILVER,2026-04-11,BR-11,ACTIVE,2025-10-01T12:45:28+07:00
9c35226b-c113-5d62-88f1-0f1307c2f055,Yuni Wulandari,0830-8487-2587, yuni.wulandari.@mail.id ,6,U,Klaten,MBR-99079,GOLD,2026-07-16,BR-08,ACTIVE,2025-11-28T03:25:01+07:00
5867b1ed-b599-51ca-8bc5-eef15ab4d51b,Eka Anggraini,+6288957262865,,12,F,Gunungkidul,MBR-42841,GOLD,2026-06-01,BR-14,ACTIVE,2025-05-03T08:51:08+07:00
ae35a13b-9e00-5808-8888-be626cfecf98,Intan Putra,081135245622,intan.putra341@mail.id,6,F,Bekasi,MBR-10370,GOLD,2026-06-18,BR-13,INACTIVE,2026-09-24T03:42:41+07:00
13185e90-4cc0-5ca2-8600-936b6aafbb59,Eka Utami,,eka.utami.@mail.id,11,M,Surabaya,MBR-34104,SILVER,2025-04-04,BR-09,ACTIVE,2026-02-26T11:42:35+07:00
52ed8b92-1516-55ef-8163-c9ffa42dd073,Ayu Setiawan,0883 9340 2498, ayu.setiawan.@mail.id ,11,F,Surabaya,MBR-29227,,2026-07-30,BR-16,ACTIVE,2026-04-09T00:24:25+07:00
815450fb-8115-514b-b127-bfed5459234f,Ayu Hidayat,0865 6005 1708, ayu.hidayat344@mail.id ,10,U,Yogyakarta,,PLATINUM,2025-06-06,BR-02,ACTIVE,2025-11-06T23:45:09+07:00
7c5eb950-46a3-5b1d-8d49-5a672b3d1670,Dian Putra,0824 5618 9263,,11,U,Gunungkidul,MBR-34268,,2025-08-01,BR-13,ACTIVE,2026-03-07T01:06:33+07:00
04b30a42-5bbc-5ae3-b66a-ec7512d6fbfc,Eka Darmawan,+6289888378861,eka.darmawan.@customer.test,5,F,Madiun,MBR-94708,,2026-05-05,BR-14,ACTIVE,2025-05-23T06:08:55+07:00
f60db5eb-7e15-5642-80f2-f3e3fe094e20,Intan Mahendra,087355587891, intan.mahendra.347@customer.test ,1,U,Cirebon,MBR-17753,SILVER,2025-05-11,BR-06,ACTIVE,2026-03-02T21:54:20+07:00
69e6d148-5e46-5697-87eb-2028b120da0e,Dian Putri,+62887 3910 6956,dian.putri@customer.test,6,M,Bogor,MBR-21235,BRONZE,2026-03-19,BR-10,ACTIVE,2025-05-05T15:17:42+07:00
ef38bc50-3c82-54b4-bb11-1f59b7a199f8,Budi Putri,083636283988,,7,M,Bogor,,,2026-08-21,BR-02,ACTIVE,2025-09-04T11:02:14+07:00
78eec0a8-fbba-501a-91ee-f92c60e33180,Wahyu Kusuma,0874-7871-3367, wahyu.kusuma@customer.test ,5,M,Semarang,MBR-43124,PLATINUM,2025-12-02,BR-06,ACTIVE,2025-11-14T22:23:53+07:00
a484e34f-d22c-5821-a189-b74f14b70724,Sari Setiawan,0868 2008 3747,,8,U,Bantul,MBR-45574,SILVER,2026-09-13,BR-03,ACTIVE,2026-05-13T23:30:08+07:00
8947b99b-fd60-5b47-9044-fd508f517116,Wahyu Setiawan,0820 3349 9761,wahyu.setiawan@example.id,6,F,Gunungkidul,MBR-37735,,2025-12-20,BR-15,ACTIVE,2026-05-20T22:44:48+07:00
94d991bd-6fc7-5864-8f8e-bfaf08e83b74,Adi Kusuma,+6282504304797,adi.kusuma.@mail.id,8,U,Gunungkidul,MBR-39011,GOLD,2025-11-28,BR-02,ACTIVE,2025-05-01T23:29:02+07:00
4376726a-f0ff-5c45-89f4-fd8db7f2ad4e,Sari Putri,0888 8183 6351,sari.putri@mail.id,3,U,Bantul,MBR-71009,BRONZE,2025-06-11,BR-02,ACTIVE,2025-07-30T06:37:28+07:00
4aed8e49-b1dd-56a6-840f-acd57238a8ba,Intan Santoso,+6280229481221,intan.santoso355@inbox.id,2,F,Solo,MBR-63344,SILVER,2025-09-15,BR-20,ACTIVE,2025-11-28T16:35:54+07:00
ec2c2003-b410-5b86-a8e0-ca124163c705,Yuni Putri,0888 9207 4233,yuni.putri.@example.id,2,M,Kediri,MBR-78304,BRONZE,2025-07-27,BR-16,ACTIVE,2025-09-19T11:21:39+07:00
99466363-7e41-54d1-b86c-73aafb06df88,Fitri Anggraini,+6283937752122,,7,U,Jember,MBR-23975,,2025-10-08,BR-07,CLOSED,2025-07-31T15:27:14+07:00
965b4226-3ce6-5d81-9b41-100af5b93a9d,Sari Darmawan,085251448533, sari.darmawan358@example.id ,2,U,Gunungkidul,MBR-49770,PLATINUM,2025-07-18,BR-03,ACTIVE,2025-11-24T05:29:24+07:00
77de8363-018a-50f3-9b28-f9d94825db50,Citra Hidayat,+62817-3128-8260,citra.hidayat.359@example.id,12,M,Purworejo,MBR-89813,PLATINUM,2026-08-09,BR-03,INACTIVE,2025-08-19T03:46:57+07:00
fd61af4d-5245-529a-81eb-f40d73d5c763,Budi Utami,084868721520,budi.utami360@example.id,2,M,Bogor,MBR-18929,PLATINUM,2025-12-02,BR-14,ACTIVE,2026-07-30T02:25:35+07:00
29f011dd-e99b-54f0-848e-97cb2615b9f4,Adi Anggraini,+62884-5241-9125,adi.anggraini.@mail.id,11,F,Surabaya,,BRONZE,2025-10-28,BR-01,ACTIVE,2025-10-05T15:21:08+07:00
35599a4f-5691-5731-8c68-e7406f06027a,Fitri Anggraini,087098345469,fitri.anggraini.362@example.id,4,U,Purworejo,MBR-12247,SILVER,2025-11-15,BR-16,ACTIVE,2025-05-10T10:46:07+07:00
67eda0d4-84f9-5a05-b995-8e4f085d4946,Indra Adinata,+62839-1112-4381,indra.adinata363@example.id,9,U,Madiun,,GOLD,2026-01-23,BR-11,ACTIVE,2025-12-19T09:12:13+07:00
e8463dcf-0c54-58a9-84b8-5b353a2f5e52,Intan Putri,086592969272,intan.putri.@customer.test,2,M,Sleman,MBR-95463,,2025-11-03,BR-19,ACTIVE,2026-08-14T08:59:10+07:00
2deed93a-42fb-53fe-b47c-d5b6af09cea0,Eka Anggraini,+62835-6721-3857, eka.anggraini365@example.id ,2,F,Surabaya,MBR-29756,SILVER,2025-07-03,BR-16,CLOSED,2025-04-02T00:58:13+07:00
6ad4173a-c214-595d-b1c4-3da93a82673f,Hana Kusuma,087594860460,hana.kusuma.@mail.id,3,M,Kulon Progo,MBR-30889,PLATINUM,2025-10-27,BR-10,ACTIVE,2025-09-28T20:33:40+07:00
32a6139e-d095-5eba-a511-365f56d9c6ee,Tari Wijaya,+62894-1614-8663,tari.wijaya367@customer.test,3,M,Semarang,MBR-23796,,2025-12-31,BR-06,ACTIVE,2026-01-24T18:34:49+07:00
2cda54ee-b030-5dc4-b59b-d370aa34c32d,Sari Santoso,+6281116616086,sari.santoso@inbox.id,7,F,Cirebon,MBR-62860,PLATINUM,2025-10-15,BR-12,ACTIVE,2025-12-06T10:33:20+07:00
e4a5cf19-0fb3-565a-a9b2-68e984429094,Yuni Utami,+6285983501589,yuni.utami369@customer.test,10,U,Sleman,,,2025-07-27,BR-02,ACTIVE,2025-08-01T18:09:31+07:00
23d0eb5e-be3f-5b54-b1eb-1d407bd71420,Budi Darmawan,+6280998557105,budi.darmawan@customer.test,10,F,Yogyakarta,MBR-13220,GOLD,2026-04-13,BR-10,CLOSED,2025-12-22T10:49:35+07:00
d8df09b9-ab31-532c-b6b7-f594488b9794,Sari Santoso,+62825-1195-7798,sari.santoso@example.id,7,U,Purworejo,,SILVER,2026-04-20,BR-14,ACTIVE,2025-08-17T13:28:30+07:00
9a093dc9-df00-5ddf-b3c8-204c15ad18a3,Intan Santoso,0881-9277-6649,intan.santoso.372@inbox.id,6,F,Sleman,MBR-71944,BRONZE,2025-04-06,BR-07,ACTIVE,2025-07-27T04:28:29+07:00
e023d6ff-cdf3-5652-9106-742fa2c2f548,Made Setiawan,080392537841, made.setiawan.@inbox.id ,2,M,Surabaya,MBR-94053,,2026-07-20,BR-14,ACTIVE,2026-02-21T00:39:35+07:00
d5eef626-5cb9-54b4-9a24-2eb7de8353d4,Wahyu Wijaya,+6280632260785,wahyu.wijaya@customer.test,5,U,Madiun,MBR-55733,,2025-04-14,BR-08,ACTIVE,2026-05-05T13:10:10+07:00
a56a542f-9827-5190-b96c-530c822a9571,Dian Anggraini,+6285532962755, dian.anggraini.375@mail.id ,11,M,Bekasi,,BRONZE,2025-06-11,BR-15,ACTIVE,2026-05-14T23:17:41+07:00
90662bce-3372-52c0-b6d2-c40947e21560,Tari Prasetyo,0893 1411 8572,tari.prasetyo.@mail.id,9,U,Bantul,MBR-38207,GOLD,2025-04-21,BR-01,ACTIVE,2026-04-22T01:12:20+07:00
416399d7-a5a9-5d31-8eb8-c585ad2168fb,Adi Adinata,084941438124, adi.adinata377@customer.test ,8,U,Solo,MBR-71080,GOLD,2026-06-26,BR-15,ACTIVE,2025-09-09T04:51:13+07:00
763db24d-921e-5085-ba41-9d6f861399c6,Dian Kusuma,+6281650326690,dian.kusuma378@customer.test,7,U,Semarang,MBR-79999,PLATINUM,2026-09-04,BR-02,ACTIVE,2026-07-02T13:55:18+07:00
c0401da9-037c-5ae2-af94-58dedb226a17,Yuni Wulandari,+6281109952095, yuni.wulandari.379@mail.id ,1,F,Purworejo,,SILVER,2025-09-28,BR-06,ACTIVE,2025-06-22T15:46:13+07:00
5d8e23d6-3c77-5c41-bb6b-1a1e8f029c9b,Agus Santoso,086414894700,agus.santoso@mail.id,12,U,Kediri,MBR-60730,BRONZE,2025-05-04,BR-07,ACTIVE,2026-09-05T05:15:25+07:00
d865c36e-c747-5b77-84a0-422f1f5f8ec2,Hana Hidayat,080821842825,hana.hidayat381@mail.id,10,F,Jember,,BRONZE,2026-01-28,BR-01,ACTIVE,2025-10-16T04:48:11+07:00
f9c7a025-cdac-53c5-a1c8-961da5810830,Adi Santoso,+62815-6895-9261,adi.santoso@example.id,5,F,Depok,MBR-16721,GOLD,2025-12-24,BR-09,ACTIVE,2026-05-26T20:15:33+07:00
585a127f-9cfa-5663-a1e6-d8b3b901f509,Sari Adinata,085206467144,sari.adinata383@mail.id,5,M,Kediri,MBR-92764,SILVER,2025-06-28,BR-11,ACTIVE,2025-07-26T17:37:55+07:00
b03124a2-db90-541d-9c2b-646e1f4ddb4a,Budi Darmawan,+6285330969081,,4,M,Kulon Progo,,SILVER,2026-09-17,BR-05,INACTIVE,2025-11-14T02:57:47+07:00
b97a1ea7-18ba-5c9e-a739-d340d567624c,Budi Wulandari,0830-1489-1064, budi.wulandari.@mail.id ,9,M,Malang,MBR-28295,SILVER,2025-09-04,BR-05,ACTIVE,2025-09-15T07:47:23+07:00
e925fb81-04b1-52a2-aeba-21e7382ee809,Hana Wijaya,+6285000674703, hana.wijaya.@inbox.id ,11,U,Bandung,MBR-93233,,2026-06-15,BR-18,ACTIVE,2025-04-09T11:11:59+07:00
51980a0b-b83a-5d76-846a-0beb8c4b6e5b,Ayu Anggraini,+6288995007146,ayu.anggraini.@customer.test,2,F,Jember,MBR-91545,PLATINUM,2025-04-08,BR-14,INACTIVE,2026-03-15T17:26:11+07:00
6ca9df98-d479-531b-a473-7e4d890c12eb,Tari Permata,+6283455381543, tari.permata.388@customer.test ,12,U,Yogyakarta,MBR-26275,PLATINUM,2025-06-09,BR-20,ACTIVE,2026-06-24T12:03:54+07:00
fcba6123-9ca2-523a-9975-cbdeed9f8c38,Wahyu Wulandari,0852-9316-6382,,5,U,Klaten,MBR-90302,GOLD,2026-07-09,BR-08,ACTIVE,2026-03-26T06:58:34+07:00
ae420e25-f673-5941-9db4-dc2e111a93c5,Indra Utami,+62848-7523-9935,indra.utami@inbox.id,9,U,Yogyakarta,MBR-13643,,2025-06-03,BR-05,ACTIVE,2025-07-25T10:02:33+07:00
a3dee2d0-7025-597e-919b-e8807510229b,Made Setiawan,+6288705985266,made.setiawan@customer.test,5,M,Bandung,MBR-52997,,2026-02-25,BR-11,INACTIVE,2025-08-05T23:01:57+07:00
335d7b18-09ab-51c6-92f3-1e158cdf54a9,Intan Permata,0840-7561-7775,intan.permata.392@mail.id,8,F,Magelang,,SILVER,2025-05-31,BR-16,ACTIVE,2025-06-22T02:25:43+07:00
d9c35d8a-fb0f-5e8d-ae29-93ec1e5cfda5,Adi Putri,+62837 2045 9247,adi.putri@inbox.id,10,M,Sleman,,,2026-02-20,BR-17,INACTIVE,2026-06-08T10:46:47+07:00
0aa529fa-9d7b-5ebb-aba9-e948772ef7c8,Indra Mahendra,0871 5303 2921,indra.mahendra@customer.test,6,F,Depok,MBR-40251,BRONZE,2025-04-12,BR-17,ACTIVE,2026-01-08T22:01:04+07:00
64bbc42a-13bf-552f-8f2f-c4103af07d91,Budi Kusuma,+6288252190722,budi.kusuma.@inbox.id,4,F,Magelang,,BRONZE,2026-07-31,BR-20,INACTIVE,2025-06-27T21:34:01+07:00
737d1282-3ef7-5b32-b43d-fe69d91243cf,Fitri Hidayat,086423018125,fitri.hidayat.@inbox.id,7,M,Bantul,,PLATINUM,2026-04-10,BR-01,ACTIVE,2026-04-01T00:13:22+07:00
66d7de5c-0c4d-5fe3-b110-fdde2717254e,Intan Utami,+6288143570160,,4,F,Depok,,PLATINUM,2025-08-21,BR-17,ACTIVE,2026-05-08T07:13:21+07:00
195ad6dd-a0be-557d-b701-03fd2485f4b7,Wahyu Darmawan,0843-3476-9952,,4,M,Madiun,MBR-85085,GOLD,2026-02-23,BR-04,ACTIVE,2025-07-30T10:53:14+07:00
88a803d7-667f-5da0-a451-472aa2d1288c,Made Putra,+6280160167059,made.putra399@customer.test,7,M,Bekasi,MBR-48566,GOLD,2026-02-14,BR-04,ACTIVE,2026-04-07T11:01:19+07:00
027bc168-b33b-5118-b3b4-25472c52e167,Yuni Wulandari,0851 3336 9478,yuni.wulandari.400@customer.test,4,U,Sleman,MBR-78100,SILVER,2025-11-05,BR-02,ACTIVE,2026-05-05T16:58:13+07:00
05f1d5ac-80f0-524a-8825-4540e4f93b83,Lina Hidayat,+62840-5887-4388,,3,F,Yogyakarta,,PLATINUM,2026-01-13,BR-20,ACTIVE,2025-11-15T20:48:53+07:00
c0b15c7a-1427-5990-8e30-078984d5128d,Raka Permata,080153608460,raka.permata@customer.test,5,M,Bekasi,,PLATINUM,2025-12-29,BR-09,ACTIVE,2026-04-16T09:22:21+07:00
2317fa87-107e-5d24-8554-eaaee3d21373,Yuni Mahendra,080173653269,yuni.mahendra.@inbox.id,11,F,Bantul,MBR-58970,,2026-06-01,BR-02,ACTIVE,2025-09-27T21:46:04+07:00
8f7a83fc-8bcf-5bca-804e-bf1163c7b3f6,Indra Wijaya,+6280173653269,indra.wijaya@example.id,10,M,Cirebon,,SILVER,2026-03-13,BR-11,ACTIVE,2026-01-17T18:13:40+07:00
56fd882e-5c36-5ee4-9cf1-d72e50875ed8,Wahyu Kusuma,0828 0225 1136, wahyu.kusuma.405@example.id ,4,U,Depok,MBR-71962,PLATINUM,2026-09-13,BR-14,ACTIVE,2026-05-31T04:31:53+07:00
9fac9050-0fd6-5234-8b4e-fafc45d97b0a,Ayu Permata,0822 5907 3853, ayu.permata.406@mail.id ,10,U,Malang,MBR-19995,GOLD,2026-03-03,BR-20,ACTIVE,2025-10-02T14:18:56+07:00
8a77edfe-e64c-5e30-aa3e-d1d4b04739dd,Citra Hidayat,089896482689,citra.hidayat407@mail.id,8,F,Malang,,BRONZE,2026-04-13,BR-01,INACTIVE,2025-11-26T17:21:34+07:00
c3ad5517-1ea9-5ffe-b975-4e03e9f681e2,Made Wulandari,+6287625683588,made.wulandari.408@mail.id,10,U,Bantul,MBR-52978,PLATINUM,2025-07-14,BR-02,ACTIVE,2026-05-04T05:08:14+07:00
cc096fb9-cdb9-58ee-be33-ca9e79668e24,Agus Putri,080105943512,agus.putri.409@customer.test,1,M,Bandung,MBR-29149,SILVER,2026-02-05,BR-06,ACTIVE,2026-08-20T13:46:59+07:00
75800026-bee6-557d-af78-479f3a0d995e,Ayu Setiawan,+6282397779597,ayu.setiawan.@customer.test,7,U,Kulon Progo,MBR-52658,GOLD,2025-06-19,BR-10,ACTIVE,2025-09-16T16:43:46+07:00
054ae20b-fb21-5647-ae8d-eab958f5ee76,Nadia Darmawan,0840-2889-7044, nadia.darmawan411@inbox.id ,12,M,Malang,MBR-47920,BRONZE,2026-06-21,BR-06,ACTIVE,2026-03-04T09:13:39+07:00
08f334b3-9dd6-5be8-8039-4c1c8da62125,Fitri Darmawan,+6288748342347,fitri.darmawan412@mail.id,5,M,Magelang,MBR-70189,,2025-12-04,BR-03,ACTIVE,2026-05-31T01:35:54+07:00
3eae4ba5-428a-596b-9212-92dc2ebf12ed,Adi Prasetyo,+62843-8337-0964,adi.prasetyo.@example.id,2,U,Bogor,MBR-36115,GOLD,2026-04-26,BR-05,ACTIVE,2025-05-30T00:11:11+07:00
470fa1a9-a0ba-5b9a-8f2e-7311dfb3163e,Agus Wijaya,089627371800,,4,M,Sleman,MBR-59357,SILVER,2026-05-24,BR-07,ACTIVE,2026-05-16T09:18:14+07:00
894821ba-905d-5817-ad6c-00054cd35a39,Budi Adinata,+6286591945560,budi.adinata.@inbox.id,6,M,Klaten,MBR-84670,BRONZE,2025-06-30,BR-14,ACTIVE,2026-08-16T22:51:15+07:00
cee9eaba-cdb4-50fe-82d9-54631aca10e4,Yuni Utami,0883 8988 1148, yuni.utami.416@mail.id ,12,U,Malang,MBR-19286,SILVER,2026-05-14,BR-02,ACTIVE,2025-11-19T21:55:30+07:00
762bd83b-e22a-54f0-831f-67fa81ae7905,Agus Kusuma,+6280434265339,,5,F,Semarang,MBR-29583,SILVER,2026-07-14,BR-12,ACTIVE,2026-02-28T11:01:44+07:00
ffff360a-3641-5158-9d39-0ce1ff867c13,Made Prasetyo,,made.prasetyo@mail.id,4,U,Bandung,MBR-66467,,2026-03-20,BR-07,ACTIVE,2025-08-27T06:03:11+07:00
2d5cbaff-e4c1-57cb-8d66-dd2b117169c5,Made Putri,+62815 9248 0548,made.putri.@mail.id,2,M,Magelang,,GOLD,2025-10-03,BR-10,ACTIVE,2025-06-11T03:00:54+07:00
b3be2e26-3839-5c10-a3b2-874f21bb4b5e,Adi Adinata,083882125392,adi.adinata@example.id,4,U,Sleman,MBR-56080,PLATINUM,2026-02-25,BR-13,ACTIVE,2026-02-04T04:18:57+07:00
65126950-416d-5f97-afbe-4f6a2f8d6514,Eka Prasetyo,+6280652336928,eka.prasetyo421@inbox.id,2,U,Bandung,,,2025-09-08,BR-14,ACTIVE,2026-07-31T02:00:53+07:00
f163e40c-6e36-52dc-a568-724a80fe3920,Citra Utami,0889-5351-0861,citra.utami.422@mail.id,1,F,Solo,MBR-55350,GOLD,2026-03-16,BR-09,ACTIVE,2026-01-11T16:18:17+07:00
d1279512-f22d-5a84-bdb0-63c6b7a911da,Adi Prasetyo,0847 1422 4226,adi.prasetyo423@mail.id,8,U,Bekasi,,GOLD,2025-11-16,BR-09,ACTIVE,2026-08-12T20:02:34+07:00
e3e2127a-0f99-56d9-abaf-46b842138ec2,Hana Wulandari,+6285034245190,hana.wulandari.@mail.id,2,F,Jember,MBR-89682,SILVER,2026-08-19,BR-15,ACTIVE,2025-04-01T06:33:35+07:00
0ba41d8a-5bd5-5091-8852-b3a9f940b69a,Dian Permata,+6285407045212,dian.permata@mail.id,1,M,Madiun,MBR-23788,SILVER,2026-06-24,BR-20,ACTIVE,2025-10-19T00:47:18+07:00
076f8f48-4aa7-58ac-a049-d51e7c5824ae,Intan Adinata,+62866 0594 6233,intan.adinata.426@customer.test,1,U,Jember,,PLATINUM,2026-06-12,BR-08,ACTIVE,2025-09-07T12:10:58+07:00
e8d25f56-675c-5891-be74-db573882bf1a,Indra Setiawan,+6280970282936,,12,F,Magelang,,SILVER,2026-01-15,BR-09,ACTIVE,2025-04-04T01:08:21+07:00
7e027735-c82b-5de8-a107-abcb512a5573,Raka Adinata,+62846 5412 7721,raka.adinata428@inbox.id,4,U,Malang,,BRONZE,2026-01-15,BR-14,ACTIVE,2026-05-31T17:39:24+07:00
cfbaeed0-0314-58e4-b131-df7cd3bb646e,Sari Darmawan,+6287649575529,sari.darmawan429@inbox.id,10,M,Cirebon,,BRONZE,2025-06-14,BR-13,INACTIVE,2025-12-23T14:02:31+07:00
41e81a13-ee12-5244-917b-fe0e2a4a9ac1,Tari Utami,0828 3028 3005,tari.utami.@inbox.id,3,M,Kulon Progo,MBR-42007,PLATINUM,2025-09-09,BR-08,ACTIVE,2026-02-14T23:19:08+07:00
73ae93ad-f0c8-5c3d-bdb7-1917da453de4,Citra Mahendra,0883-1620-1316, citra.mahendra@customer.test ,7,F,Solo,,SILVER,2025-11-27,BR-05,ACTIVE,2025-08-21T07:09:31+07:00
036e2f2e-0356-58cc-83af-06678ecd0876,Dewi Hidayat,081251755301,dewi.hidayat.@customer.test,4,F,Bandung,MBR-53436,BRONZE,2026-06-21,BR-19,ACTIVE,2025-09-12T21:19:34+07:00
aa63cc3a-7adf-5f4d-8f2f-74e47dce7ec1,Yuni Darmawan,+6282483776924,yuni.darmawan.433@example.id,6,U,Yogyakarta,,BRONZE,2025-07-10,BR-13,CLOSED,2025-06-29T20:55:35+07:00
f76ca3e2-a569-5214-8420-b60b6aa369e4,Budi Darmawan,+62877-3409-0699,budi.darmawan.434@mail.id,12,F,Depok,MBR-78852,GOLD,2026-03-06,BR-06,ACTIVE,2025-05-01T08:14:44+07:00
9d88cdd8-4128-5e71-a9a9-47fe4d3197a7,Raka Prasetyo,0825 3786 3167,raka.prasetyo435@mail.id,7,F,Madiun,,,2025-12-14,BR-15,ACTIVE,2026-07-23T19:12:18+07:00
789becd9-d7ef-590e-93b1-e2479d98b371,Nadia Permata,+6281685431793, nadia.permata@mail.id ,7,M,Klaten,MBR-36068,SILVER,2025-05-19,BR-03,ACTIVE,2026-02-02T23:29:31+07:00
c4a1b19f-7826-52ff-99f0-fb49d189f462,Indra Putra,+62811-0326-7986,indra.putra@inbox.id,2,M,Madiun,MBR-92829,BRONZE,2026-01-26,BR-02,ACTIVE,2026-03-11T07:10:35+07:00
bc824b11-8f63-5a1a-94f6-19d3799e2211,Wahyu Utami,086998643407, wahyu.utami.@inbox.id ,8,U,Bekasi,MBR-79376,,2025-06-07,BR-03,ACTIVE,2026-04-25T13:09:07+07:00
210e67d4-4032-59f7-a4a4-65e4a907a18f,Adi Darmawan,088535194852,adi.darmawan.@customer.test,12,M,Semarang,MBR-67122,,2025-05-30,BR-14,ACTIVE,2026-09-14T18:50:17+07:00
0f0887d6-b361-58a9-8580-51e90995cee9,Yuni Adinata,+62870 6315 7209,yuni.adinata@inbox.id,7,U,Yogyakarta,MBR-52442,,2025-03-31,BR-02,INACTIVE,2026-04-26T17:47:28+07:00
f99d5b5f-18c7-53bc-8b12-3367d34e5d46,Indra Mahendra,0853-7983-6753, indra.mahendra@inbox.id ,10,U,Cirebon,MBR-56629,SILVER,2026-04-11,BR-11,CLOSED,2025-10-09T04:09:28+07:00
d8f2d40e-2bbb-5fe7-a7c0-ff8dbabeed74,Citra Putri,082334492387,citra.putri.@inbox.id,8,M,Solo,MBR-52829,PLATINUM,2026-01-30,BR-11,ACTIVE,2025-12-15T04:30:24+07:00
9ac7c465-f4f8-5812-87e3-de0a9a9a84a1,Citra Putri,+62858-9768-5322,citra.putri443@mail.id,4,M,Cirebon,MBR-60578,,2026-07-11,BR-04,ACTIVE,2025-07-01T01:25:26+07:00
cb557f74-6bcf-541d-93cd-2a32afd06bc6,Budi Utami,0850-7098-1292,budi.utami.@inbox.id,9,M,Solo,,PLATINUM,2026-07-06,BR-02,ACTIVE,2025-10-30T15:59:03+07:00
0bc1aa0a-cfe1-588b-9271-6c54a1a5d166,Indra Wulandari,+62816-3218-9782,indra.wulandari.445@customer.test,3,M,Yogyakarta,MBR-30543,BRONZE,2026-01-18,BR-16,ACTIVE,2026-03-16T17:28:07+07:00
4c9dd243-9233-5621-bfa5-1149e8c4cedc,Raka Hidayat,0809-1892-8102,raka.hidayat@mail.id,6,F,Sleman,,SILVER,2026-03-02,BR-09,ACTIVE,2025-10-09T23:13:56+07:00
d25288aa-fa94-56ed-bef4-bdc497d1cd7a,Hana Permata,0877 1147 8789, hana.permata@example.id ,12,F,Yogyakarta,MBR-26171,PLATINUM,2026-03-21,BR-16,INACTIVE,2025-07-23T00:55:23+07:00
5806fec7-82a6-5049-b1f5-f05c97e7671d,Eka Prasetyo,0880-6536-6537,eka.prasetyo448@inbox.id,6,F,Sleman,,,2025-06-13,BR-11,ACTIVE,2025-11-26T06:14:24+07:00
ee118e2c-cf31-5fda-8d8c-0d2887988165,Dian Darmawan,+62822 3449 2606, dian.darmawan.449@example.id ,1,U,Semarang,MBR-70344,,2025-06-15,BR-11,ACTIVE,2026-09-25T10:12:30+07:00
ff4b2924-47da-594f-a131-1d5d7ebedd88,Indra Utami,0835 0556 8271,,7,F,Bandung,MBR-78504,SILVER,2025-11-29,BR-09,ACTIVE,2025-08-13T16:56:44+07:00
7cb1f744-f8de-5386-b7f1-9de19f7cb605,Tari Prasetyo,084324785275, tari.prasetyo@inbox.id ,12,M,Depok,,PLATINUM,2026-01-15,BR-11,ACTIVE,2025-07-08T05:35:55+07:00
ba7707f8-6393-5f21-8281-fc281b3e6104,Eka Anggraini,+6287804205546,eka.anggraini.452@customer.test,7,M,Surabaya,MBR-71935,GOLD,2025-07-24,BR-09,ACTIVE,2025-08-27T02:12:33+07:00
b2465deb-b829-5dd2-ad41-270277b60005,Dian Putra,+62870-4086-1789,dian.putra.@customer.test,3,U,Solo,MBR-98127,,2026-05-26,BR-08,ACTIVE,2026-08-14T23:26:34+07:00
99de8690-fc51-5daf-a53d-424f8709adc6,Yuni Putra,+62891-7190-6080,yuni.putra.@example.id,1,F,Magelang,MBR-32115,BRONZE,2025-11-15,BR-12,ACTIVE,2025-10-04T01:42:35+07:00
fe63990e-6166-5b20-92cb-632c2dadaed0,Dewi Permata,+6282151833890,dewi.permata455@customer.test,5,M,Depok,MBR-52400,BRONZE,2025-10-24,BR-03,ACTIVE,2025-11-07T23:33:39+07:00
9103eb96-d997-5f2c-9435-dc1936c9a735,Adi Darmawan,0826-5537-2824,adi.darmawan.456@mail.id,2,F,Bogor,MBR-89399,PLATINUM,2026-07-17,BR-16,INACTIVE,2025-09-20T09:38:04+07:00
bf19c25d-c025-5870-8215-a2f554cd2642,Adi Permata,+6280877696321,adi.permata.457@mail.id,2,U,Bekasi,MBR-58239,BRONZE,2026-02-25,BR-09,ACTIVE,2026-02-16T12:15:44+07:00
999ad308-cb70-5940-b1e3-38ef883a80e2,Citra Mahendra,+62846-7360-2544,citra.mahendra.458@mail.id,12,F,Malang,MBR-87857,,2025-10-03,BR-13,ACTIVE,2025-07-19T18:49:20+07:00
562e6ccb-0679-5e2d-ac8c-25ace4fc202f,Indra Utami,086110589459,,11,F,Magelang,MBR-30751,,2025-12-28,BR-18,ACTIVE,2025-04-12T21:06:37+07:00
f8c27203-dcf4-59f2-b34b-faf67799d4d2,Budi Anggraini,0814 4770 6433,budi.anggraini460@inbox.id,10,M,Depok,MBR-30832,BRONZE,2026-05-14,BR-10,ACTIVE,2025-04-19T01:55:19+07:00
8a92243c-b35f-5fa0-b0b0-728732058aa4,Adi Utami,088659533360,adi.utami.@customer.test,11,U,Jember,MBR-58484,,2026-05-07,BR-03,ACTIVE,2026-04-12T08:28:20+07:00
e2a34c63-2742-5524-9b8e-99ed4a2ec19b,Fitri Putra,+6280701048184,fitri.putra.@mail.id,4,M,Sleman,,PLATINUM,2025-08-16,BR-15,ACTIVE,2026-07-10T15:02:44+07:00
a0b94600-eac3-55f1-877e-b9986f8ff988,Eka Putri,083697926820, eka.putri@example.id ,12,U,Depok,MBR-33322,SILVER,2026-01-31,BR-20,ACTIVE,2025-10-15T07:07:05+07:00
38e92384-8dc2-5f58-8632-c6a6e08ac589,Nadia Anggraini,088735724139,nadia.anggraini@example.id,11,F,Bantul,,PLATINUM,2026-01-21,BR-05,ACTIVE,2026-02-05T12:18:50+07:00
acc3a02e-847d-5a26-b6cb-0428499c3c2d,Tari Permata,082160125156,tari.permata465@mail.id,6,M,Jember,MBR-41706,BRONZE,2025-07-27,BR-05,ACTIVE,2026-04-28T09:30:54+07:00
714b65f2-1d49-5780-aa99-aa5d9fbf7744,Budi Hidayat,0868-0821-9260, budi.hidayat@example.id ,5,U,Semarang,MBR-72362,GOLD,2025-06-01,BR-10,ACTIVE,2025-07-18T06:12:54+07:00
41580e78-5861-5f47-8d93-7a7cd233bb28,Made Wijaya,+6282976231924,made.wijaya467@customer.test,4,U,Gunungkidul,MBR-40857,PLATINUM,2025-08-29,BR-07,ACTIVE,2025-11-28T06:18:39+07:00
e8f12ce7-9aab-5473-9797-0f4367677d6c,Budi Hidayat,, budi.hidayat.@customer.test ,3,M,Bantul,MBR-14384,PLATINUM,2025-08-08,BR-10,ACTIVE,2026-05-27T08:11:02+07:00
fec6a1d5-3e1d-5b30-8a61-d563741a2280,Sari Utami,089259549731,sari.utami@inbox.id,12,M,Cirebon,,,2026-01-07,BR-03,ACTIVE,2025-09-17T21:53:22+07:00
1dbeeaef-17f3-5b18-acc6-8dbc38e5e3a1,Raka Putra,+6283371763749,raka.putra470@mail.id,5,U,Sleman,,GOLD,2026-02-27,BR-12,ACTIVE,2025-06-26T09:52:05+07:00
5f59a5f9-9a2e-5801-a90a-8151caa9597a,Dian Wulandari,+62888 9549 5833,dian.wulandari.@customer.test,11,U,Kediri,MBR-59014,PLATINUM,2025-11-30,BR-20,ACTIVE,2026-05-22T22:14:38+07:00
ab5a3829-7a17-5126-bab3-c703b6eafacb,Ayu Hidayat,+62889-3272-3745,ayu.hidayat@mail.id,5,M,Malang,MBR-96962,SILVER,2026-08-09,BR-19,ACTIVE,2025-12-30T05:54:25+07:00
498006d0-d247-587c-aea5-45dcd7ddf419,Fitri Santoso,086850177287,fitri.santoso.473@inbox.id,2,M,Cirebon,MBR-54881,BRONZE,2025-04-18,BR-08,ACTIVE,2025-09-30T02:28:37+07:00
b22c3d21-f9c7-5fb0-98bc-36bdcb7c93eb,Fitri Utami,082163640900,fitri.utami.474@example.id,11,M,Bogor,,PLATINUM,2025-08-12,BR-04,ACTIVE,2026-09-19T12:32:02+07:00
1f62104d-caf2-5388-a156-32a53bf34b8d,Yuni Setiawan,085798212604,yuni.setiawan.475@inbox.id,3,F,Surabaya,MBR-59605,PLATINUM,2025-11-21,BR-12,ACTIVE,2026-04-24T08:30:04+07:00
c8365066-034f-50bf-a3b8-53c919bb324a,Adi Santoso,0872-2115-7257,adi.santoso.@example.id,3,M,Purworejo,MBR-33564,,2025-10-18,BR-17,ACTIVE,2026-03-28T00:09:40+07:00
9d77a02b-ce02-5873-a5ae-c54dcfa19f2f,Lina Wijaya,, lina.wijaya@inbox.id ,11,M,Gunungkidul,MBR-66558,BRONZE,2025-05-16,BR-01,ACTIVE,2026-05-04T12:46:16+07:00
6f2bcaa5-ae63-52ea-b48b-af1bf344839b,Wahyu Utami,+6286051417026,wahyu.utami.@customer.test,8,M,Bekasi,MBR-41440,PLATINUM,2025-08-14,BR-09,ACTIVE,2026-01-30T12:35:55+07:00
80e96afc-70af-5251-8ac0-c9638fdbca85,Tari Mahendra,+62816-4729-3691,tari.mahendra@example.id,3,M,Surabaya,MBR-90033,PLATINUM,2025-09-04,BR-06,ACTIVE,2026-09-18T04:05:55+07:00
8f2d1a55-cc42-5e1c-9f5c-a49d0a73a39a,Sari Wulandari,+62861 0654 1721,,8,F,Yogyakarta,,BRONZE,2025-09-08,BR-13,INACTIVE,2025-09-25T04:15:29+07:00
40e7ba4c-96cc-5bff-a1c5-9ca41236673f,Yuni Putri,+6283235679489,yuni.putri481@inbox.id,7,F,Cirebon,MBR-18754,GOLD,2025-10-29,BR-01,ACTIVE,2025-06-20T02:03:35+07:00
2d68a99e-edf9-57b5-bb9e-0dc826e75586,Ayu Prasetyo,0875 9955 7728,,12,F,Jember,MBR-74828,,2025-07-21,BR-04,ACTIVE,2026-06-28T11:03:00+07:00
f84d6451-a43d-5728-b392-872ef32edabe,Fitri Mahendra,0814 6786 9762,fitri.mahendra.483@example.id,2,F,Bogor,MBR-65313,PLATINUM,2026-07-05,BR-17,ACTIVE,2026-02-09T09:36:26+07:00
dfc40a2a-0069-5390-98ab-65ac818b6ded,Wahyu Wijaya,0863 1363 8985,wahyu.wijaya.@customer.test,8,U,Yogyakarta,MBR-22763,,2025-07-10,BR-06,ACTIVE,2026-08-29T05:27:23+07:00
418876da-c8e5-53e0-bf4f-2aba9c65255b,Ayu Adinata,+62861 8289 0851,ayu.adinata485@inbox.id,9,U,Malang,MBR-39406,PLATINUM,2025-12-19,BR-14,ACTIVE,2026-03-04T22:26:33+07:00
80258b8a-8550-59e7-9e5b-1594425174f7,Budi Permata,0803-3677-9389,budi.permata.486@customer.test,10,F,Bantul,MBR-81146,,2026-07-22,BR-13,CLOSED,2025-07-09T20:51:19+07:00
bda477d3-7952-5a82-9818-8eb5e1f278af,Citra Darmawan,088774342624,citra.darmawan@customer.test,3,F,Bekasi,MBR-17447,GOLD,2026-09-09,BR-09,ACTIVE,2026-01-23T15:39:06+07:00
6cb21e67-6f09-50cc-aedf-8425acb1fe10,Budi Putra,+6288027444531,budi.putra.488@inbox.id,4,U,Bekasi,MBR-16919,BRONZE,2025-09-29,BR-17,ACTIVE,2026-06-13T19:53:53+07:00
e0ba290e-4c37-597b-ad43-7d360f88688b,Tari Setiawan,0830 6884 2675, tari.setiawan489@inbox.id ,10,F,Bekasi,MBR-34269,GOLD,2026-01-05,BR-08,ACTIVE,2026-02-03T16:03:32+07:00
1ac0ee0c-c05a-5e35-9100-f96b51f75680,Lina Setiawan,0816 0702 6700,lina.setiawan@mail.id,11,U,Depok,MBR-62805,BRONZE,2025-04-30,BR-06,INACTIVE,2025-12-07T08:00:18+07:00
1a0c636b-ec40-50cd-9cb5-9c3b2ab0a9ff,Dian Putra,0803 8828 6734, dian.putra.491@mail.id ,8,M,Bogor,MBR-32439,,2026-07-14,BR-01,ACTIVE,2025-06-10T10:21:14+07:00
50a76442-abc2-5e41-8334-b498d80ed9b0,Made Permata,0858 0677 2928, made.permata.492@example.id ,12,U,Solo,MBR-89992,PLATINUM,2025-12-04,BR-11,ACTIVE,2025-07-07T16:50:36+07:00
bb89dbd3-cbbb-5221-8c8e-6cc45b8a4206,Eka Setiawan,0866 4687 3884,eka.setiawan@inbox.id,3,F,Depok,MBR-92346,PLATINUM,2025-11-27,BR-10,ACTIVE,2026-09-21T16:06:28+07:00
a4430cb0-6929-5323-91d2-93280dbd6cd7,Sari Hidayat,+6284051930423,,10,F,Bogor,MBR-39892,BRONZE,2025-05-23,BR-18,ACTIVE,2025-12-07T16:07:37+07:00
77a2f459-a3b2-5e87-9024-6c4aa42c1c9a,Ayu Wulandari,0899-1328-8703,ayu.wulandari@example.id,6,F,Kediri,,GOLD,2026-02-14,BR-18,INACTIVE,2026-05-14T10:02:57+07:00
a9784620-e919-56bf-9a1c-7b9b28b8067e,Hana Hidayat,+62828 8960 2409,hana.hidayat496@mail.id,7,F,Purworejo,MBR-63245,GOLD,2025-06-06,BR-09,INACTIVE,2026-08-24T18:34:57+07:00
a343c5bd-ddc1-5c0e-a0c3-b3114891016b,Raka Prasetyo,+62871-1462-3590,raka.prasetyo.@inbox.id,10,U,Cirebon,MBR-19488,PLATINUM,2025-11-20,BR-10,ACTIVE,2026-04-21T18:22:46+07:00
fa10b378-805e-5d4f-9746-eead156339e7,Agus Kusuma,+62807-4544-1253,agus.kusuma.498@mail.id,6,F,Bandung,MBR-83521,SILVER,2025-10-30,BR-10,INACTIVE,2026-05-08T15:43:06+07:00
48690230-67a5-5aba-b27a-413d71fdfb8e,Budi Wulandari,0889 4381 1987,budi.wulandari.@inbox.id,12,M,Jember,MBR-44148,PLATINUM,2026-03-02,BR-13,CLOSED,2025-04-27T01:10:25+07:00
a932086d-4b3b-5c0e-bc8f-3db3b5a4c05e,Made Adinata,0843 2565 4707,made.adinata.@mail.id,1,U,Cirebon,MBR-49760,SILVER,2026-08-29,BR-17,ACTIVE,2026-09-13T20:03:36+07:00
6e9a3f83-559c-59a8-9882-e3e7fb70cfec,Intan Putri,084427403562,intan.putri@inbox.id,3,F,Klaten,MBR-61400,BRONZE,2025-07-12,BR-15,ACTIVE,2026-05-16T22:24:55+07:00
98949e41-d628-5d5c-9e03-c729b13ace24,Nadia Putra,089467725331,nadia.putra.@example.id,7,F,Kediri,,BRONZE,2025-11-24,BR-10,ACTIVE,2025-12-31T02:38:20+07:00
2e9c6a82-86c9-5273-bd14-5c1ff89e65ab,Dewi Putri,0852-0070-3762, dewi.putri.503@inbox.id ,9,U,Madiun,MBR-77704,BRONZE,2026-06-07,BR-19,ACTIVE,2026-04-13T05:25:19+07:00
bd7e447c-0347-5bd5-b65b-2c0bc580275f,Intan Darmawan,+6285200703762, intan.darmawan.@example.id ,2,M,Cirebon,MBR-82670,GOLD,2026-05-22,BR-16,CLOSED,2025-09-02T02:06:32+07:00
448c053b-304d-57ba-86d0-aabdf7de0129,Budi Prasetyo,+62807-7041-2475,budi.prasetyo@mail.id,11,M,Cirebon,MBR-69548,GOLD,2025-06-23,BR-10,ACTIVE,2025-12-20T21:26:42+07:00
bf9d9ba9-ab94-558d-a2a2-59cead4adbf6,Dian Mahendra,+62832-8635-4385,dian.mahendra@mail.id,2,F,Solo,,BRONZE,2026-07-11,BR-10,ACTIVE,2025-09-17T05:07:49+07:00
6a35c48c-9be2-5be3-9ad7-5e1130627a51,Made Setiawan,0806 7461 9705,made.setiawan.@mail.id,3,M,Bogor,MBR-69452,PLATINUM,2026-06-15,BR-20,ACTIVE,2026-01-13T14:01:29+07:00
9fc25675-4ee6-56b7-b43d-591dcb635772,Dewi Kusuma,084695355218,dewi.kusuma.508@customer.test,4,F,Kediri,MBR-25965,,2026-09-29,BR-05,ACTIVE,2025-05-31T06:01:58+07:00
99e530fb-4d27-55e7-9f39-5e1b1ca12b69,Wahyu Darmawan,086927242817, wahyu.darmawan509@mail.id ,7,U,Madiun,MBR-34583,,2026-06-03,BR-05,ACTIVE,2026-04-05T04:35:38+07:00
c9fbd3cb-46c3-520d-bedf-220177678589,Yuni Putra,+62826 2635 9267, yuni.putra510@inbox.id ,11,U,Jember,MBR-35885,PLATINUM,2026-07-10,BR-14,ACTIVE,2025-12-13T13:47:51+07:00
5ad2f2c5-c68b-5087-99f7-4ab878f4cf21,Indra Anggraini,+62820 0288 9550,,12,M,Magelang,MBR-55380,SILVER,2025-08-06,BR-06,INACTIVE,2025-10-30T01:28:00+07:00
48bcc7e5-fc24-5d66-b5e2-bfcc617f87b1,Intan Hidayat,+6287369741307,intan.hidayat.512@customer.test,12,M,Semarang,MBR-15695,PLATINUM,2025-08-18,BR-02,ACTIVE,2026-03-09T02:58:56+07:00
574582d9-037f-56ff-9fe0-f33d378e6953,Wahyu Kusuma,089804940080,wahyu.kusuma@mail.id,9,U,Jember,MBR-41986,GOLD,2026-08-27,BR-12,ACTIVE,2025-12-04T08:39:16+07:00
a9383f17-52d0-5fc6-ab21-8cd120b084db,Intan Mahendra,+62898 5905 5449,intan.mahendra514@example.id,12,M,Yogyakarta,MBR-47600,,2026-02-02,BR-16,ACTIVE,2025-05-20T18:30:58+07:00
2d3f832f-4e1f-5628-bdcd-f2ae67f53efb,Tari Prasetyo,+6282225932844,tari.prasetyo515@mail.id,9,F,Surabaya,MBR-61080,BRONZE,2025-10-23,BR-15,ACTIVE,2026-04-21T20:20:54+07:00
2a6de064-74ce-5fd1-ab18-5f0b9006cbe3,Eka Wijaya,+6283184071873, eka.wijaya516@inbox.id ,4,F,Kediri,,SILVER,2025-08-16,BR-15,ACTIVE,2026-07-31T10:25:14+07:00
8ac389b6-3a19-5d77-a012-dfd06183aa2c,Dewi Putra,+6288832255891, dewi.putra.@customer.test ,11,U,Magelang,MBR-23841,,2025-10-02,BR-02,ACTIVE,2026-05-19T20:23:19+07:00
49d684fb-3521-5198-9178-ed97e188afdc,Indra Anggraini,080336732621,indra.anggraini@customer.test,6,U,Magelang,MBR-90631,,2025-11-04,BR-09,ACTIVE,2025-11-25T03:54:19+07:00
c499489c-d7bc-5820-8521-0aa88d11d436,Citra Setiawan,0877-4977-6244,citra.setiawan.@mail.id,1,U,Bekasi,MBR-14252,,2026-04-12,BR-13,CLOSED,2026-07-18T12:44:27+07:00
468ed859-d4c7-5b8d-9174-991eb134f337,Made Hidayat,082245098665,made.hidayat520@inbox.id,10,F,Malang,MBR-20413,,2026-07-23,BR-02,ACTIVE,2025-08-18T10:04:18+07:00
52eab823-1054-50c8-b74c-e88384901f73,Sari Mahendra,+62868 3837 7353,sari.mahendra.@inbox.id,12,U,Bandung,,GOLD,2026-04-24,BR-18,ACTIVE,2025-06-20T00:35:22+07:00
caf490a3-372a-5962-9bd9-51e5bdf08e4f,Ayu Santoso,+6281582559302,ayu.santoso.522@example.id,9,U,Jember,MBR-93560,PLATINUM,2025-12-30,BR-12,ACTIVE,2025-11-05T15:31:21+07:00
2f9110f8-a3ee-5acf-9599-bf04a3768a7d,Tari Wulandari,+6289770169169,tari.wulandari.@example.id,10,U,Malang,,SILVER,2026-07-24,BR-02,ACTIVE,2025-05-24T02:55:24+07:00
83d10e43-8fb9-5291-8b24-22da9371d53f,Eka Santoso,,eka.santoso@mail.id,11,U,Purworejo,MBR-73083,PLATINUM,2025-12-25,BR-10,ACTIVE,2026-02-12T16:22:19+07:00
ec9f6b23-c997-5b0a-a04f-8584bc4db386,Citra Putra,,citra.putra.@customer.test,1,U,Jember,MBR-82429,GOLD,2026-07-02,BR-17,ACTIVE,2026-05-08T22:48:29+07:00
0d745c4d-df66-53fd-b2e9-d1b19fdb766e,Eka Wulandari,+6280156326597,eka.wulandari.526@inbox.id,3,M,Purworejo,MBR-34257,SILVER,2025-07-06,BR-13,ACTIVE,2025-04-09T08:17:43+07:00
06620d5b-2826-5ca7-8d12-f702c37403a9,Sari Setiawan,+6282539872539,sari.setiawan527@inbox.id,9,M,Jember,MBR-26635,,2026-09-24,BR-03,ACTIVE,2025-10-04T13:28:17+07:00
847fdd57-491f-5c9e-a81b-ef33e3f2c7cc,Nadia Kusuma,+6286877230642,nadia.kusuma528@customer.test,12,U,Malang,MBR-90753,GOLD,2025-10-27,BR-09,ACTIVE,2025-05-02T16:46:28+07:00
47541f42-861c-5727-825f-62fdf2069c03,Agus Santoso,081516391611,agus.santoso.@example.id,5,M,Klaten,MBR-85312,SILVER,2025-07-16,BR-08,ACTIVE,2026-09-16T22:58:57+07:00
eed3c893-ee97-5fe2-8f9f-01aa6a6cd75a,Ayu Darmawan,086360679287,ayu.darmawan@example.id,10,U,Surabaya,MBR-31991,BRONZE,2025-08-15,BR-10,ACTIVE,2026-04-12T20:40:43+07:00
c6d128f3-5312-5c7c-96f2-ff6b4e7f5e2d,Adi Darmawan,087776989632,adi.darmawan.@mail.id,2,F,Kulon Progo,MBR-43663,GOLD,2026-05-25,BR-09,ACTIVE,2026-09-20T06:35:55+07:00
a1f65eb0-fd5e-592c-bded-9ae786ea68b7,Made Putri,0806-4112-2217,made.putri.532@example.id,10,U,Solo,MBR-17632,PLATINUM,2025-06-04,BR-12,ACTIVE,2025-04-29T18:37:05+07:00
e3e03433-fadd-50d6-8539-5a534cb478e4,Nadia Wijaya,,,5,M,Gunungkidul,MBR-36890,SILVER,2025-10-27,BR-06,ACTIVE,2025-10-30T18:44:21+07:00
3be39280-299f-576a-bf66-102f7c89bb8a,Tari Anggraini,+62831 0348 3957, tari.anggraini@customer.test ,6,U,Kulon Progo,,PLATINUM,2025-05-04,BR-12,ACTIVE,2026-07-05T02:54:06+07:00
f2c831e4-ff69-5001-a872-2ccaa3ac2b2c,Lina Hidayat,0895 4765 1668, lina.hidayat.@mail.id ,9,M,Bekasi,MBR-72374,BRONZE,2025-10-15,BR-09,ACTIVE,2025-10-16T03:38:37+07:00
a901bde1-0305-5521-be0a-59eeef65fd27,Indra Putra,+62843-5969-4690, indra.putra.536@mail.id ,8,U,Kulon Progo,MBR-96469,,2026-07-17,BR-10,ACTIVE,2026-06-10T12:21:37+07:00
ab168bfc-dd39-50f5-a241-dbe3214593fb,Yuni Santoso,089920141923, yuni.santoso@mail.id ,10,M,Kediri,MBR-41530,SILVER,2025-09-05,BR-16,INACTIVE,2026-09-24T10:42:46+07:00
a903f83e-1893-5174-b596-e73630344740,Tari Putra,080305710173,tari.putra@inbox.id,2,M,Jember,MBR-35260,BRONZE,2026-01-11,BR-20,ACTIVE,2025-12-22T04:05:06+07:00
d40bc7cd-f31d-5497-a7ab-a4ad2c55f6fe,Adi Setiawan,+62893 7171 3967, adi.setiawan.539@mail.id ,2,U,Bogor,,BRONZE,2026-05-26,BR-07,ACTIVE,2025-04-11T13:55:22+07:00
655ba3bf-e3eb-5661-bac8-5420317cd5cd,Indra Kusuma,,indra.kusuma.@customer.test,8,U,Bantul,MBR-36425,,2025-06-30,BR-15,ACTIVE,2026-01-18T11:36:36+07:00
8e6bf71c-4a05-502d-8be3-e8e519141e55,Sari Darmawan,083722116128,sari.darmawan.@customer.test,10,M,Yogyakarta,MBR-35973,PLATINUM,2026-08-29,BR-02,ACTIVE,2025-07-29T00:12:58+07:00
0ec6f68f-5963-53fa-88e3-123e9f7e7389,Hana Putri,+6285475258590,hana.putri@customer.test,10,F,Surabaya,MBR-63162,BRONZE,2025-10-26,BR-10,ACTIVE,2026-02-25T20:24:20+07:00
f0c28f83-21d8-5133-8313-7e3ef0f5613c,Tari Wulandari,082832924631,tari.wulandari.543@example.id,7,F,Semarang,MBR-85954,BRONZE,2026-07-30,BR-07,INACTIVE,2026-06-23T20:29:03+07:00
66deda35-9d75-565f-a46b-80696e5e13cb,Tari Putra,+62859-4181-5747,tari.putra.544@inbox.id,5,M,Malang,MBR-35131,BRONZE,2025-06-03,BR-07,ACTIVE,2025-08-09T04:47:06+07:00
c12dfd7a-8271-585f-9fc9-aba5c73df46a,Made Putri,087053253343,made.putri.@mail.id,12,F,Bogor,MBR-46688,PLATINUM,2026-01-11,BR-06,ACTIVE,2026-03-12T12:41:05+07:00
dc7858da-98ea-564a-b4bf-8b92d575b8c3,Dewi Utami,+6288676099810,dewi.utami.546@example.id,7,M,Jember,MBR-77060,BRONZE,2026-07-18,BR-11,ACTIVE,2026-02-01T23:52:44+07:00
b65512e4-4698-5127-99ab-0fa99c4afe00,Sari Setiawan,+6284893916983,sari.setiawan.547@inbox.id,7,F,Kediri,MBR-70779,SILVER,2025-12-26,BR-10,ACTIVE,2026-06-07T05:49:31+07:00
5c51583b-3f66-5143-a4e4-390825b41344,Tari Permata,+6281309653229,,9,F,Kulon Progo,MBR-84600,GOLD,2025-05-09,BR-19,ACTIVE,2025-08-04T16:30:27+07:00
e3b8c4b0-2394-528e-b49e-e3008addd3d5,Made Darmawan,085866196928,,9,F,Yogyakarta,MBR-99960,SILVER,2025-12-16,BR-01,ACTIVE,2026-09-09T16:13:47+07:00
acc9ae48-c7c8-5721-ad18-76b3db5cc3f1,Fitri Setiawan,+62863 5284 2601,fitri.setiawan@mail.id,1,F,Kulon Progo,MBR-73894,,2026-08-26,BR-06,ACTIVE,2025-11-23T15:17:47+07:00
68e9102b-fda9-5811-abf1-f34cb63ddc8e,Ayu Setiawan,0828-4589-9297, ayu.setiawan.@customer.test ,9,M,Semarang,,,2025-10-19,BR-19,ACTIVE,2026-02-02T12:57:50+07:00
204665b3-05f6-5596-93c3-9291108dffed,Raka Putra,0890-3984-9269, raka.putra.552@example.id ,2,F,Sleman,MBR-57338,,2026-01-24,BR-14,ACTIVE,2026-03-07T09:40:25+07:00
708c4fc8-fc46-538b-8feb-c0ce81aceee8,Adi Setiawan,+62888-1672-1138, adi.setiawan.@customer.test ,11,M,Bekasi,MBR-51879,GOLD,2025-10-02,BR-14,ACTIVE,2025-11-24T03:32:31+07:00
af838343-52bd-5af3-a343-fff180216193,Dian Santoso,0841-3833-9798,,9,U,Solo,MBR-30499,BRONZE,2026-02-10,BR-07,ACTIVE,2025-12-03T23:10:43+07:00
495c5a24-d8eb-5446-a978-831ef60c3baf,Yuni Utami,+62890-6637-0812,yuni.utami@example.id,6,F,Klaten,MBR-41203,GOLD,2025-06-16,BR-16,ACTIVE,2026-03-31T14:37:34+07:00
c06f3bae-7fb3-5268-a6f4-340ed910b5ac,Raka Wulandari,+62833-7576-6509,raka.wulandari556@inbox.id,9,U,Solo,MBR-84112,BRONZE,2025-06-29,BR-13,ACTIVE,2025-04-19T06:53:45+07:00
ebbdd763-ac1f-5296-8c14-e0002c2e46b8,Adi Wulandari,080899964510,adi.wulandari557@inbox.id,9,M,Madiun,MBR-32341,BRONZE,2025-04-06,BR-14,ACTIVE,2025-10-11T20:09:32+07:00
09bc247a-40f8-54a9-b34e-7bad0052b758,Tari Prasetyo,,tari.prasetyo.@mail.id,5,U,Bantul,MBR-88295,SILVER,2025-07-11,BR-19,CLOSED,2026-05-07T07:36:15+07:00
b9a2b2ce-3046-581f-a39a-acfe7428e452,Eka Anggraini,+6281433417518, eka.anggraini.559@inbox.id ,5,F,Yogyakarta,MBR-84937,SILVER,2025-06-08,BR-05,ACTIVE,2026-08-31T07:51:29+07:00
f067005d-a15a-5c88-8d86-91eb6d820221,Raka Hidayat,0846-1866-2651, raka.hidayat@mail.id ,4,M,Gunungkidul,MBR-87510,SILVER,2026-07-10,BR-19,ACTIVE,2025-08-29T23:51:24+07:00
577e6925-e06e-5256-80dc-c069a6462740,Dian Mahendra,0897 5412 9068,dian.mahendra.@mail.id,7,U,Bandung,MBR-24881,BRONZE,2026-03-08,BR-06,ACTIVE,2026-08-05T12:48:20+07:00
c5987fc8-f6c0-5c4f-b483-845672c84843,Indra Prasetyo,+6288410967089,indra.prasetyo562@mail.id,7,F,Bantul,MBR-50359,GOLD,2025-10-03,BR-14,ACTIVE,2026-08-08T00:25:39+07:00
a2ffdd4d-5451-5dd4-8d75-b87f12b19361,Agus Mahendra,0855-3369-0642,agus.mahendra.@inbox.id,2,U,Magelang,MBR-60988,PLATINUM,2025-12-27,BR-10,ACTIVE,2025-12-24T16:13:38+07:00
14e2e712-d978-5065-be71-cc6cfd9b2bd8,Dewi Darmawan,0896-1337-6262,dewi.darmawan@inbox.id,6,F,Purworejo,MBR-72054,BRONZE,2026-06-22,BR-13,ACTIVE,2025-07-04T18:06:19+07:00
271c27ab-600d-5bb1-a3c9-109b48bea7bc,Made Putri,085597773569,made.putri.@example.id,8,F,Magelang,MBR-91388,PLATINUM,2025-12-28,BR-11,ACTIVE,2025-06-11T13:38:52+07:00
07bab7da-ba8c-5758-9dbb-12fe99e23857,Eka Setiawan,+6280033108660,eka.setiawan.566@customer.test,11,M,Magelang,MBR-74483,,2025-07-22,BR-03,ACTIVE,2026-03-30T21:26:28+07:00
3aa4447f-63d0-571d-9b8a-cc7542f90c07,Dewi Prasetyo,+6285498121803, dewi.prasetyo@mail.id ,12,F,Malang,MBR-72985,,2026-01-21,BR-10,ACTIVE,2026-06-04T20:53:31+07:00
4b54f9ba-5b9a-5599-81be-20ee501027d5,Dewi Putra,+62899-1805-2817, dewi.putra568@customer.test ,8,M,Purworejo,MBR-64237,GOLD,2025-09-19,BR-08,ACTIVE,2026-07-25T00:25:13+07:00
d43d796a-d960-5729-9116-b4ae8092ffd0,Wahyu Setiawan,+62848-3949-8177, wahyu.setiawan.569@inbox.id ,4,U,Solo,MBR-82106,,2026-08-16,BR-04,ACTIVE,2026-06-27T09:04:51+07:00
619d2219-5ed8-5659-85f1-00acd1a6e589,Hana Putri,086533762801,hana.putri.@mail.id,11,F,Madiun,,PLATINUM,2025-04-23,BR-15,INACTIVE,2025-07-18T21:26:33+07:00
3fb97503-e9c8-52ee-a66c-e13e5c404e28,Budi Kusuma,+6284002371065,budi.kusuma.@example.id,12,F,Purworejo,MBR-21609,,2025-11-10,BR-07,ACTIVE,2026-07-20T02:07:07+07:00
7e7e4759-c0a3-5735-ad8f-0f6851f2250e,Adi Hidayat,+6283997605383,adi.hidayat@mail.id,3,M,Surabaya,,,2025-12-13,BR-12,ACTIVE,2025-08-16T18:36:08+07:00
7976ec68-00c3-594d-968b-5f9f14af7ef8,Budi Adinata,0872-7723-1391,budi.adinata.@customer.test,8,M,Sleman,MBR-11736,BRONZE,2026-08-27,BR-18,ACTIVE,2026-08-13T10:11:05+07:00
dcc6534a-6436-540e-a9c3-29c17351f85c,Lina Utami,082240553534, lina.utami.574@inbox.id ,2,U,Klaten,MBR-59236,BRONZE,2025-04-21,BR-02,ACTIVE,2025-07-03T13:17:40+07:00
78e4b37a-baa0-5805-80f9-0bd7cf2e2453,Hana Putri,087307085667, hana.putri.575@customer.test ,7,M,Surabaya,MBR-98447,GOLD,2025-05-29,BR-04,ACTIVE,2026-03-26T05:42:22+07:00
096c1323-3dac-5d9f-86fd-3ce7c87c242e,Fitri Putra,082638653887, fitri.putra.576@customer.test ,4,U,Bekasi,,BRONZE,2026-03-03,BR-14,ACTIVE,2025-11-05T07:27:56+07:00
7c5f6ac8-493d-5a4c-b6ea-2f421e555903,Ayu Putri,083472542326,ayu.putri.577@mail.id,3,M,Bogor,MBR-35956,,2025-10-07,BR-16,ACTIVE,2025-08-31T18:30:20+07:00
f9c8de03-beab-5799-9868-4bd7fe40022f,Lina Permata,,lina.permata578@customer.test,3,F,Surabaya,MBR-73583,GOLD,2026-04-27,BR-11,ACTIVE,2026-02-09T17:45:28+07:00
47998c79-7fa7-51b4-8ea0-00ea5de244a5,Dewi Prasetyo,0882 4745 3765, dewi.prasetyo.@example.id ,6,F,Cirebon,MBR-72152,,2025-09-07,BR-11,ACTIVE,2026-04-10T03:28:19+07:00
e8975832-840c-5693-92b3-7a7e93a85223,Intan Wijaya,084022588390,intan.wijaya.@inbox.id,2,M,Sleman,MBR-49237,,2026-05-25,BR-09,ACTIVE,2025-12-12T20:01:18+07:00
1675846b-3b9d-51e5-a0e7-661748df1a7f,Lina Putri,082664269590,lina.putri@customer.test,6,F,Klaten,MBR-75657,PLATINUM,2026-03-29,BR-17,ACTIVE,2025-05-26T10:15:22+07:00
3920c24b-de20-5be5-87cd-2ba890a6c21b,Raka Mahendra,+6283083371145,raka.mahendra.582@customer.test,9,F,Bantul,MBR-56570,SILVER,2026-03-27,BR-19,INACTIVE,2026-09-05T13:20:00+07:00
e155f841-efc4-514d-adf0-04cc00eed217,Sari Prasetyo,0872-5805-6992,sari.prasetyo583@inbox.id,4,U,Klaten,MBR-56377,BRONZE,2026-06-03,BR-18,ACTIVE,2025-05-04T00:46:01+07:00
d617f22e-45a4-57b8-a574-149c311c28a2,Dewi Setiawan,,,7,M,Yogyakarta,MBR-14744,,2026-01-22,BR-03,ACTIVE,2026-02-13T08:44:21+07:00
dc2d9d5c-68ba-5030-8658-e43162cb27e8,Dian Wulandari,+62875-2596-1872,dian.wulandari585@inbox.id,10,F,Bantul,MBR-21218,BRONZE,2026-08-14,BR-19,CLOSED,2026-09-03T11:17:10+07:00
df0bf55b-4a01-5c2b-8a16-2e2a0502c2ed,Dewi Santoso,0828-8234-3506,dewi.santoso.586@inbox.id,9,M,Surabaya,,PLATINUM,2025-07-14,BR-07,INACTIVE,2026-05-26T14:31:24+07:00
dc3f58e3-b178-518e-bd2c-8a73b80d981a,Sari Adinata,0817 1508 7171,sari.adinata.587@customer.test,9,M,Surabaya,,BRONZE,2026-06-12,BR-09,ACTIVE,2026-04-09T12:34:49+07:00
471c5a22-4c8f-5875-b1b3-1da195388da9,Nadia Hidayat,089244023971,,4,F,Madiun,MBR-77719,GOLD,2025-10-21,BR-06,ACTIVE,2025-07-12T10:53:27+07:00
fecc8bfd-de2a-54d3-abf5-10490ffc03cd,Indra Setiawan,0869 8622 9857,indra.setiawan@customer.test,1,M,Jember,MBR-70385,SILVER,2025-05-09,BR-15,INACTIVE,2026-06-21T11:49:20+07:00
e3bb7f0e-31f6-5e05-ad4d-b6a14cb0e699,Indra Wijaya,+6287760450861,indra.wijaya.@example.id,3,U,Surabaya,MBR-34761,GOLD,2025-07-07,BR-08,ACTIVE,2025-10-29T22:47:36+07:00
b96994f4-0871-56a3-a920-dbfe1cca23b8,Sari Hidayat,085139244803, sari.hidayat.@mail.id ,4,F,Purworejo,,BRONZE,2025-10-01,BR-13,ACTIVE,2026-03-02T10:11:30+07:00
9c3fcaa3-8f6b-5b50-82f9-397cbd8dd37e,Agus Darmawan,084738892731, agus.darmawan592@customer.test ,8,F,Madiun,MBR-93916,BRONZE,2026-04-08,BR-18,ACTIVE,2026-08-14T16:47:30+07:00
6cb08e0c-85b0-5c71-9c33-0126cc63d546,Ayu Putri,+6287070553196,ayu.putri.593@example.id,3,F,Bogor,MBR-81548,GOLD,2025-04-09,BR-09,ACTIVE,2026-05-04T15:35:23+07:00
bf0b6e7e-0921-5290-8a44-165921f35acf,Indra Anggraini,+6281401476976,indra.anggraini@customer.test,10,F,Bekasi,,BRONZE,2026-09-27,BR-05,ACTIVE,2026-02-18T15:36:51+07:00
2180768e-ebd2-5476-a7c7-516bbbb35cea,Indra Santoso,089503491200,indra.santoso595@example.id,3,F,Yogyakarta,,SILVER,2025-12-11,BR-02,ACTIVE,2026-02-22T09:35:28+07:00
0f61aee4-3484-5ac0-af8e-eae7444242fc,Dewi Kusuma,+62834-2863-7014,,7,U,Surabaya,,SILVER,2025-11-09,BR-03,ACTIVE,2026-04-11T18:48:04+07:00
aea6e516-798f-551b-a832-db33188a32b2,Nadia Prasetyo,081166280594,nadia.prasetyo.@inbox.id,1,F,Cirebon,MBR-82826,SILVER,2025-07-20,BR-02,ACTIVE,2025-12-11T14:47:17+07:00
222ecf9c-b22d-5668-b108-fcf1e9f97405,Budi Mahendra,+6284402798427,,3,U,Gunungkidul,MBR-32051,PLATINUM,2025-12-15,BR-05,ACTIVE,2025-09-26T22:18:55+07:00
320b1567-6757-5362-873c-03c087de06da,Made Santoso,+6284512571134,,7,M,Depok,MBR-74818,GOLD,2025-07-02,BR-17,ACTIVE,2026-06-30T01:32:02+07:00
592b9020-799e-53f7-9fa2-7b250b673a3a,Yuni Anggraini,+62848-7061-3128,yuni.anggraini.600@example.id,8,F,Bekasi,MBR-50897,PLATINUM,2026-03-17,BR-13,ACTIVE,2026-01-07T09:40:59+07:00
99f5b445-8aae-538a-a2e7-8bc863a62b6d,Hana Putra,+6280326890009, hana.putra@inbox.id ,2,M,Surabaya,MBR-94431,GOLD,2026-06-06,BR-01,ACTIVE,2026-07-30T22:30:42+07:00
d7f0735b-48c7-55f1-a047-cbd0e5388619,Dian Permata,0882 0234 6108,dian.permata.602@customer.test,7,U,Cirebon,MBR-61196,PLATINUM,2026-04-13,BR-11,ACTIVE,2026-07-02T13:30:34+07:00
05941b41-fabc-573a-8997-4ab082b5c6b4,Sari Anggraini,089938650949,sari.anggraini.603@example.id,5,F,Jember,MBR-23507,,2026-03-04,BR-14,ACTIVE,2025-10-20T17:44:10+07:00
4c069a5b-e0c5-51b5-9db1-e1050c7fb82d,Yuni Wijaya,+62833-1197-8392, yuni.wijaya@mail.id ,1,F,Bogor,MBR-61824,,2025-08-29,BR-04,INACTIVE,2025-10-10T01:35:23+07:00
bac7c8aa-70a5-52fb-a29f-ae32c1c29ea9,Ayu Anggraini,0838-5491-0562,ayu.anggraini@inbox.id,3,U,Gunungkidul,MBR-85571,BRONZE,2026-05-07,BR-17,ACTIVE,2025-10-07T18:35:03+07:00
a3879a19-89b8-54e9-800b-dbeeb9508ad0,Ayu Permata,+62866-8158-5710,ayu.permata.@customer.test,2,M,Gunungkidul,MBR-72012,,2026-05-13,BR-14,INACTIVE,2026-09-22T03:09:55+07:00
5c0491ad-085a-5ad2-bd0c-2e879105a39d,Nadia Wulandari,+6282922143476,nadia.wulandari607@example.id,4,F,Magelang,MBR-11639,SILVER,2026-04-21,BR-10,ACTIVE,2026-01-21T16:10:25+07:00
c9dcc1bb-c483-5cfa-b6a8-7057c96a8fe0,Budi Darmawan,+62811 9750 3835, budi.darmawan.@inbox.id ,9,U,Bandung,MBR-97031,SILVER,2025-08-31,BR-16,ACTIVE,2026-01-19T21:09:36+07:00
d288a8d6-04a2-57f6-a86a-dcf7ba95ac44,Budi Utami,0844-7256-1547,,1,U,Depok,,BRONZE,2025-06-06,BR-01,ACTIVE,2025-10-12T15:50:53+07:00
4963ba75-2806-59db-a0f4-c784e7625ede,Budi Santoso,+62878 4815 8883,budi.santoso.610@example.id,7,F,Bantul,MBR-82126,GOLD,2025-07-04,BR-14,CLOSED,2025-06-01T21:11:27+07:00
e4aeba4d-b419-5b84-9496-188c0f27ed46,Wahyu Anggraini,0851 6838 4286,wahyu.anggraini.611@customer.test,4,F,Madiun,MBR-67964,SILVER,2025-12-05,BR-04,ACTIVE,2025-06-10T07:53:19+07:00
40f96807-9bea-599b-b4a2-4c4bdfd3391c,Lina Wijaya,+62891-6267-7919, lina.wijaya@mail.id ,8,M,Jember,MBR-91601,,2025-05-01,BR-04,ACTIVE,2026-06-13T08:48:05+07:00
2ad96cd3-626e-5f71-b1f3-1849cee89a85,Wahyu Putri,085540918038,wahyu.putri613@mail.id,8,M,Bogor,MBR-71858,PLATINUM,2025-09-14,BR-09,ACTIVE,2026-05-04T14:22:31+07:00
e569a218-6591-5f8d-88bb-0e3061c35a13,Budi Kusuma,0820-8186-0479,budi.kusuma.@inbox.id,9,U,Purworejo,MBR-85114,PLATINUM,2025-08-25,BR-17,ACTIVE,2025-08-15T15:18:51+07:00
ce1e9a17-9b09-55e5-aa6b-053b6ba0d6f5,Yuni Wulandari,+6282679981442,yuni.wulandari.615@example.id,4,F,Jember,,GOLD,2025-09-13,BR-01,ACTIVE,2026-01-11T08:51:33+07:00
3671a92a-97a5-55d5-9708-5c81a7a5e3d8,Nadia Anggraini,084339881988,nadia.anggraini@customer.test,6,F,Sleman,MBR-11513,GOLD,2026-05-21,BR-06,ACTIVE,2026-09-13T20:20:16+07:00
adde9152-548a-5f7f-8e36-346d63604b26,Agus Permata,+62802-3884-8477, agus.permata.617@inbox.id ,12,F,Jember,MBR-81798,BRONZE,2026-01-09,BR-06,ACTIVE,2026-02-02T21:12:20+07:00
a17991c6-1941-53fc-90a2-dea27617fd99,Dewi Utami,0853 4104 5810,dewi.utami@mail.id,5,F,Surabaya,MBR-64061,PLATINUM,2026-07-27,BR-20,ACTIVE,2025-07-15T09:56:55+07:00
563fa82e-e271-5fc6-b69a-2e683090da4a,Citra Putra,088689675378, citra.putra.@customer.test ,7,F,Cirebon,MBR-71178,GOLD,2026-04-09,BR-18,ACTIVE,2026-05-22T13:57:07+07:00
159a8254-663a-51af-8e37-dc54c45cd9a9,Dian Mahendra,089191220622,dian.mahendra.@inbox.id,11,U,Cirebon,,PLATINUM,2025-06-18,BR-17,ACTIVE,2025-11-08T09:14:40+07:00
3e015644-fb40-5ab8-86c3-e8cd4ca5db06,Adi Putra,+62828 6217 5878,adi.putra.@example.id,8,F,Bandung,,GOLD,2025-04-30,BR-03,INACTIVE,2025-04-26T09:30:38+07:00
b22a1530-512b-53b0-8d10-93c9c8723f1d,Ayu Utami,+62812-8503-9073,ayu.utami.@example.id,7,U,Jember,MBR-33669,SILVER,2026-02-19,BR-03,ACTIVE,2025-09-20T16:52:47+07:00
bce36f9a-4927-5570-bbed-47926c11d67f,Intan Utami,0827 8609 6617,intan.utami.@inbox.id,2,U,Bogor,MBR-94947,PLATINUM,2026-02-09,BR-08,ACTIVE,2025-12-11T18:07:58+07:00
36ce2e44-fdec-52ff-a71a-0233a77bb328,Sari Putra,+6281338133506,,5,U,Bantul,MBR-59105,GOLD,2026-08-16,BR-09,ACTIVE,2025-11-06T01:56:12+07:00
68dbe0dc-7582-5eb8-a103-f42f54bb1604,Indra Anggraini,+6289040750870,indra.anggraini@mail.id,10,M,Kulon Progo,MBR-30751,BRONZE,2025-10-21,BR-19,ACTIVE,2026-04-02T07:23:12+07:00
bbef0175-4e63-5e42-a403-d45a3383199f,Intan Anggraini,084737923321,intan.anggraini.626@example.id,4,F,Surabaya,,SILVER,2025-06-22,BR-08,ACTIVE,2025-05-14T05:15:54+07:00
d479fc8b-a517-5bdd-877f-2acfed47c771,Citra Prasetyo,+62835-6630-3934,,7,F,Sleman,MBR-75280,,2026-07-14,BR-17,ACTIVE,2025-04-17T12:39:44+07:00
a607cb5a-b891-5ac5-ae8b-b5fcf1f16aad,Dian Santoso,+6285351568208,dian.santoso.@inbox.id,8,F,Sleman,,BRONZE,2025-10-04,BR-15,INACTIVE,2025-10-01T20:15:10+07:00
d138465a-08b6-52e1-bb71-631c27291626,Citra Santoso,0896 8919 1440,citra.santoso629@example.id,2,F,Yogyakarta,MBR-36069,PLATINUM,2025-12-10,BR-16,ACTIVE,2026-01-25T05:45:42+07:00
1f326904-9629-59ea-8195-6480a936d464,Indra Prasetyo,0839 4607 5813,indra.prasetyo630@mail.id,12,M,Magelang,MBR-51332,BRONZE,2026-07-16,BR-18,ACTIVE,2025-08-31T10:37:22+07:00
c2ba4571-f645-52a8-b404-43b818b882d9,Wahyu Mahendra,+62842-1400-0354,wahyu.mahendra631@example.id,2,F,Malang,MBR-22710,GOLD,2025-12-16,BR-19,ACTIVE,2025-06-16T07:56:22+07:00
d85f3452-e40f-5731-8b2a-3a69d9562625,Fitri Kusuma,+62839-8262-8160, fitri.kusuma632@example.id ,7,U,Klaten,MBR-71654,PLATINUM,2026-03-16,BR-14,ACTIVE,2026-01-07T05:15:59+07:00
403a7f39-7fe0-58a8-b2b0-ebb94e1358f3,Budi Putra,+6280829545533,budi.putra.633@mail.id,6,F,Magelang,MBR-86057,,2025-10-31,BR-05,ACTIVE,2026-04-12T06:45:04+07:00
6b6453ac-1f29-570c-9e38-b4fef85e61bb,Adi Mahendra,0889 5601 3937,adi.mahendra.634@inbox.id,10,U,Yogyakarta,MBR-46978,GOLD,2026-03-01,BR-09,INACTIVE,2025-05-28T03:39:36+07:00
3d8b877a-681d-5482-9a4d-28509520e649,Fitri Santoso,0892 0802 4789,fitri.santoso.635@inbox.id,5,U,Cirebon,MBR-46782,GOLD,2025-08-28,BR-04,ACTIVE,2026-06-18T18:40:55+07:00
80fc3940-aab7-50cc-bffa-d352b7a71ce3,Tari Anggraini,+62830-2737-3829,tari.anggraini636@mail.id,9,M,Gunungkidul,,BRONZE,2025-07-06,BR-20,INACTIVE,2026-08-01T19:42:00+07:00
aed2842d-2292-5732-a192-7abdcfefd166,Dian Adinata,087194918296,,1,U,Kulon Progo,MBR-31231,,2025-10-18,BR-19,ACTIVE,2025-04-13T14:27:43+07:00
f0f8eeb3-bfc6-5ec0-a91b-e16dd88b60f3,Agus Putri,084749633862,agus.putri@customer.test,7,F,Kulon Progo,MBR-58095,BRONZE,2025-09-20,BR-01,ACTIVE,2025-11-16T23:06:01+07:00
b1e750f5-b397-525d-aae1-96f926735f26,Eka Anggraini,+62804-6933-9544,,2,U,Kulon Progo,,BRONZE,2025-09-01,BR-14,ACTIVE,2026-03-16T14:05:54+07:00
678d6471-ae8b-5692-a9b8-6c378d6c214d,Intan Utami,082393780026,intan.utami.640@mail.id,10,F,Madiun,MBR-87481,BRONZE,2026-06-25,BR-06,ACTIVE,2026-08-03T14:01:56+07:00
3c6aedae-641a-5efc-ac5f-d9e1d2fff060,Tari Anggraini,088643311195,tari.anggraini.641@example.id,3,M,Semarang,MBR-65412,GOLD,2025-09-14,BR-17,ACTIVE,2026-09-10T18:49:03+07:00
b4a98941-3fc3-57a0-b094-be79284b290b,Ayu Putri,+6287746670703,ayu.putri.@mail.id,12,M,Gunungkidul,,BRONZE,2026-03-30,BR-02,INACTIVE,2026-02-24T12:35:42+07:00
be1379e2-1c83-5ec6-9544-376c3ca0ad26,Fitri Hidayat,+6287756753363, fitri.hidayat.@inbox.id ,3,M,Magelang,MBR-80893,GOLD,2025-10-31,BR-20,ACTIVE,2025-04-25T07:48:44+07:00
fc1b98b5-a332-5e11-8032-a0469d88f8aa,Adi Kusuma,+62872 5216 0959,adi.kusuma.644@inbox.id,11,U,Cirebon,,SILVER,2025-12-03,BR-09,ACTIVE,2025-09-13T06:43:41+07:00
6383b479-fb6c-5378-ab4a-170a47581f0d,Tari Permata,084181072274,tari.permata@customer.test,3,M,Kulon Progo,MBR-21912,SILVER,2026-08-24,BR-06,ACTIVE,2026-09-29T10:02:15+07:00
89235536-e327-53b0-98c6-e6b558d6ab15,Adi Kusuma,+6287144930664,adi.kusuma646@mail.id,11,M,Depok,MBR-10623,GOLD,2026-09-03,BR-07,ACTIVE,2026-06-19T12:52:57+07:00
6d2bcc1a-898b-5d53-997d-b6a58eef060e,Yuni Putri,0855 4143 4393,yuni.putri.@customer.test,10,F,Jember,,GOLD,2025-07-29,BR-03,INACTIVE,2025-06-26T07:18:28+07:00
aa6b4697-c1ac-556f-9dae-46fac35d5298,Wahyu Anggraini,0891 3120 1236,wahyu.anggraini648@customer.test,2,F,Bantul,,PLATINUM,2025-11-05,BR-12,ACTIVE,2026-08-20T11:06:44+07:00
9e725e32-a33f-593d-8a45-c183fcc7e9ad,Sari Kusuma,087910531203,sari.kusuma649@example.id,9,M,Solo,MBR-80769,PLATINUM,2026-04-25,BR-17,ACTIVE,2025-12-04T10:36:33+07:00
cbb69bf1-1bf6-518f-b7b3-fd2ef1043f1c,Adi Wijaya,089498292938,adi.wijaya.@inbox.id,10,U,Jember,MBR-19067,BRONZE,2025-07-12,BR-17,ACTIVE,2026-01-22T15:04:26+07:00
6a261e1c-11d2-50dc-9b85-364f8ce5a49a,Dewi Anggraini,083072589256,dewi.anggraini.@mail.id,1,U,Jember,MBR-95273,SILVER,2025-10-19,BR-08,ACTIVE,2025-06-21T23:48:09+07:00
fad5b7a6-204c-5622-ad21-5924419ca24f,Ayu Prasetyo,+6288581829793,ayu.prasetyo.@mail.id,9,U,Purworejo,,SILVER,2025-11-13,BR-10,ACTIVE,2026-02-16T20:33:49+07:00
80c93ac0-e79c-54c6-9765-195f34dc3f92,Tari Putra,+6282013021837, tari.putra653@customer.test ,3,U,Bogor,MBR-50965,GOLD,2025-12-31,BR-08,ACTIVE,2025-12-31T03:05:27+07:00
3eca0513-9ea6-502b-b9f2-44bec3529403,Nadia Mahendra,084885971810,nadia.mahendra@inbox.id,9,U,Kulon Progo,MBR-93813,,2026-01-26,BR-04,ACTIVE,2026-01-28T08:46:46+07:00
b6f1decb-b243-5b5f-870a-36af749a0a0e,Dewi Prasetyo,+6281308254539,dewi.prasetyo.@example.id,6,U,Solo,,GOLD,2025-05-09,BR-10,ACTIVE,2025-08-10T01:15:50+07:00
0cdacf32-cb4f-5caf-bf10-c86cfcb97ff8,Raka Putri,+62850-7122-0582,,6,U,Purworejo,,BRONZE,2025-06-11,BR-11,ACTIVE,2025-12-21T13:13:56+07:00
74320798-9f98-5e63-b804-6b310da84f73,Lina Wulandari,+6289437947043,lina.wulandari.@example.id,11,F,Kediri,MBR-23737,PLATINUM,2025-12-06,BR-05,ACTIVE,2026-04-01T18:03:11+07:00
d610a0d2-3cee-5d63-862c-e2e6eb4b7f65,Citra Setiawan,081984712129,citra.setiawan@example.id,4,F,Kulon Progo,MBR-98665,BRONZE,2025-12-09,BR-03,ACTIVE,2026-04-19T10:08:13+07:00
5a5d8770-d068-530e-bb49-e32c76b8838e,Dian Wijaya,0804-5499-6601,dian.wijaya659@mail.id,9,M,Solo,,BRONZE,2026-03-15,BR-13,ACTIVE,2025-05-26T13:56:33+07:00
63a0c615-3f49-5ae3-a284-ec6d4d0aefa2,Budi Adinata,0804-0470-8167, budi.adinata@mail.id ,9,U,Cirebon,MBR-83310,PLATINUM,2025-09-26,BR-13,ACTIVE,2025-08-17T02:01:29+07:00
21e791bc-0cc1-5238-981e-dda6be358d5d,Ayu Wijaya,0897 6952 3449,ayu.wijaya.@mail.id,2,F,Bandung,MBR-41340,,2026-09-21,BR-17,ACTIVE,2026-05-10T11:52:45+07:00
66233d66-c9fe-5612-859e-ba750fc241b0,Made Putra,0839-1197-8434,made.putra.@inbox.id,9,U,Depok,,GOLD,2025-12-14,BR-02,ACTIVE,2026-09-07T04:43:52+07:00
373b9119-c691-564b-951e-a70933d41380,Adi Hidayat,+6285537951789,adi.hidayat663@mail.id,6,F,Klaten,MBR-39048,SILVER,2025-10-30,BR-14,ACTIVE,2025-12-23T15:10:41+07:00
95216a36-3aec-5330-ad32-10df210303ee,Citra Putra,+6287010649364,citra.putra664@example.id,6,M,Kulon Progo,,PLATINUM,2026-03-28,BR-19,ACTIVE,2026-03-23T16:35:56+07:00
fc7c5a37-1553-5dcc-b9e4-065540df2bad,Intan Adinata,080891583269,intan.adinata.@customer.test,6,M,Bekasi,MBR-94936,,2025-12-23,BR-12,ACTIVE,2026-04-18T12:10:30+07:00
3032f644-1a7d-59fe-a7e5-ca4185785470,Nadia Mahendra,0832 7473 1004,,8,M,Jember,,GOLD,2025-05-05,BR-17,ACTIVE,2026-05-15T21:38:02+07:00
ab889f74-608e-5089-8c32-17c8f487c3e9,Dewi Permata,+6282880378300,dewi.permata.667@example.id,1,U,Malang,MBR-33105,SILVER,2025-04-18,BR-03,ACTIVE,2026-05-10T06:02:51+07:00
3baa4fa6-618d-586e-8a0c-d3d2021ddbd4,Hana Hidayat,087383802945,hana.hidayat.668@customer.test,9,M,Bandung,,GOLD,2025-11-25,BR-07,ACTIVE,2026-02-11T01:20:36+07:00
b2038a96-1771-5e42-b1f9-39df40b100cb,Adi Mahendra,085634143424,adi.mahendra@inbox.id,5,U,Bekasi,MBR-31023,,2026-01-21,BR-03,ACTIVE,2026-05-28T12:51:42+07:00
e03fb8a9-da52-5e3f-a5e1-fcb5dd3090a6,Citra Kusuma,083343036881,citra.kusuma.670@mail.id,6,M,Depok,,GOLD,2025-12-01,BR-20,ACTIVE,2025-11-21T16:15:34+07:00
0d3ca586-db8d-59aa-b1ce-e415f4fe788b,Intan Santoso,0828-0647-4432,intan.santoso@example.id,9,U,Purworejo,MBR-16779,PLATINUM,2025-11-17,BR-20,INACTIVE,2025-05-14T08:08:34+07:00
fcda6ec7-b890-5e14-826e-9c2877c8ddfc,Dewi Prasetyo,0889-0005-8522,dewi.prasetyo@inbox.id,11,F,Solo,MBR-88191,GOLD,2025-11-08,BR-02,ACTIVE,2025-07-31T12:07:50+07:00
3c20d881-bd9b-5ac8-b222-c8c5fcd5eaee,Fitri Utami,+62810-9106-4808,fitri.utami.673@example.id,9,M,Malang,MBR-40403,,2025-09-28,BR-03,ACTIVE,2026-04-06T06:32:01+07:00
1c815b3a-b7c8-5412-b8a5-d236b03bce89,Wahyu Wijaya,+6283422577066,wahyu.wijaya.@mail.id,9,M,Semarang,MBR-81732,,2026-01-25,BR-12,ACTIVE,2026-08-17T19:58:24+07:00
d43f16b1-f169-526c-97ab-ccb1d24bc13c,Lina Setiawan,+62866-7161-4908,lina.setiawan.@example.id,6,F,Bekasi,,PLATINUM,2025-07-17,BR-14,ACTIVE,2026-01-29T21:39:27+07:00
2f3f417b-723f-5062-b53d-9810db362c6c,Budi Wulandari,0877 2406 3226,budi.wulandari.676@customer.test,3,M,Kediri,MBR-78992,SILVER,2025-08-22,BR-02,ACTIVE,2025-04-27T08:16:27+07:00
248b1d48-e4bb-5f6d-8d10-9d5c8c231066,Agus Wulandari,+62849-3791-6426,agus.wulandari.677@inbox.id,5,M,Magelang,,GOLD,2026-01-14,BR-04,INACTIVE,2025-05-04T13:33:24+07:00
11a7bc08-e090-5e45-be8c-254dd0d6cd34,Intan Wulandari,080296694107, intan.wulandari@example.id ,12,M,Bantul,MBR-36239,GOLD,2026-09-04,BR-09,INACTIVE,2026-03-13T02:40:26+07:00
7ddfefc0-c5bf-5b60-b7c7-dac23c64dfcf,Citra Putri,0898-6752-8477,citra.putri.679@customer.test,6,M,Bantul,MBR-78423,SILVER,2026-06-12,BR-02,ACTIVE,2026-05-01T19:10:45+07:00
c1a56f88-eec8-509a-a467-587e926fa984,Citra Santoso,0825 8730 5826,citra.santoso.@mail.id,8,M,Kediri,MBR-93724,SILVER,2025-09-06,BR-10,ACTIVE,2025-10-21T13:57:04+07:00
9a2dde10-0e76-5e3b-9df8-daa362cc7935,Wahyu Hidayat,081435600196,wahyu.hidayat.@customer.test,12,M,Bogor,MBR-13168,,2026-08-05,BR-06,ACTIVE,2025-09-07T23:26:48+07:00
f354f819-e83d-5993-95a9-cc0f9e946555,Fitri Putra,+6285344357717,fitri.putra682@inbox.id,3,M,Gunungkidul,MBR-44852,BRONZE,2025-04-21,BR-05,ACTIVE,2026-03-02T13:54:59+07:00
4df5bb9f-0c2c-5ae6-afca-bd40fe2e1a29,Dian Adinata,+62815-1300-2151,dian.adinata.@inbox.id,1,M,Bantul,,BRONZE,2025-06-10,BR-01,ACTIVE,2026-02-01T16:19:28+07:00
b080b436-f83e-5745-805f-e5f791b81329,Lina Putri,+62826 3784 4177,lina.putri.@inbox.id,8,U,Malang,MBR-73812,GOLD,2026-05-04,BR-11,ACTIVE,2025-08-21T18:00:44+07:00
28e7da3f-255c-52f9-9a02-0ad7e93203a0,Indra Putra,+6284910786238,indra.putra.685@mail.id,2,U,Yogyakarta,MBR-46289,BRONZE,2025-11-22,BR-20,ACTIVE,2026-03-02T00:26:04+07:00
3ec89714-b04c-569f-b884-50f4230444c6,Eka Putri,+62887 5801 4282, eka.putri686@customer.test ,3,M,Gunungkidul,MBR-84735,,2026-07-31,BR-09,INACTIVE,2026-08-05T16:01:33+07:00
a1e2f51b-2249-59bf-9a87-4c1456ead638,Raka Permata,+6286571122902,raka.permata687@mail.id,5,M,Bogor,MBR-36601,,2025-06-25,BR-02,ACTIVE,2025-09-07T08:44:10+07:00
db1fd925-df37-596b-8f8a-0e1578ed0c98,Adi Mahendra,0890 9151 2603, adi.mahendra688@inbox.id ,9,F,Solo,MBR-32359,,2025-10-16,BR-20,ACTIVE,2025-07-14T13:17:12+07:00
d2243584-349a-5f10-a348-4ce16e217d99,Indra Wulandari,+62882-7696-1127,indra.wulandari.689@mail.id,6,M,Kediri,MBR-84525,SILVER,2026-04-26,BR-19,ACTIVE,2026-08-07T18:53:35+07:00
ef839ac9-2797-52e2-b8f6-3fce56e7b583,Nadia Hidayat,+6280472777365,nadia.hidayat.690@inbox.id,7,F,Bogor,MBR-88189,SILVER,2025-09-22,BR-03,ACTIVE,2026-09-11T12:42:05+07:00
55b9fa3d-e400-5fb5-952f-d2c4a6a6ae16,Hana Permata,0877-2580-3137,,1,U,Purworejo,,GOLD,2026-01-14,BR-10,ACTIVE,2025-07-10T16:02:39+07:00
8183471b-1d6d-5cb4-af73-34019ced408c,Hana Utami,,,3,M,Bandung,MBR-54575,GOLD,2025-09-11,BR-03,ACTIVE,2025-11-11T22:46:05+07:00
3e64ed36-c48d-5db2-bf59-b61e3c587e7c,Made Mahendra,082052775359, made.mahendra@mail.id ,7,F,Bandung,,SILVER,2026-05-03,BR-04,ACTIVE,2025-12-11T10:23:30+07:00
a733fc1f-48ca-5235-b7f8-0b59b62ccb0d,Budi Permata,0896-1632-5616, budi.permata.694@example.id ,7,M,Kulon Progo,MBR-74005,,2025-06-02,BR-12,ACTIVE,2026-03-03T13:31:09+07:00
7e9f7be8-ddde-5a92-8573-d6a42703cdea,Citra Darmawan,084805553622,citra.darmawan695@example.id,9,U,Bogor,MBR-91652,BRONZE,2026-08-08,BR-18,CLOSED,2025-10-11T11:20:48+07:00
73250b73-6dfd-50a3-b033-4cac7b0b51f4,Agus Utami,082992947785,agus.utami.696@example.id,8,F,Malang,MBR-36357,GOLD,2025-06-12,BR-02,ACTIVE,2025-10-17T12:00:08+07:00
269a672b-4fbb-5695-8b9b-a17903d6e6ab,Yuni Putri,+62846 6282 7287,yuni.putri.697@example.id,5,U,Klaten,MBR-28730,PLATINUM,2025-03-31,BR-06,ACTIVE,2025-09-24T08:01:39+07:00
3b6bd647-e90a-58e4-8eb0-969a694778c4,Nadia Wijaya,+62850-8841-2255,,11,M,Jember,MBR-75654,PLATINUM,2026-02-25,BR-13,ACTIVE,2025-11-03T00:47:40+07:00
37eff56d-82e3-56e8-8411-4d635df84bd6,Made Mahendra,085669363792,made.mahendra@customer.test,12,F,Kulon Progo,MBR-19334,SILVER,2025-12-05,BR-04,ACTIVE,2025-04-05T18:29:14+07:00
201bfece-9a16-50e0-a631-3043935a0292,Nadia Santoso,+62831-9088-2403,nadia.santoso.700@example.id,4,U,Kediri,MBR-62044,GOLD,2025-06-25,BR-08,ACTIVE,2025-08-15T16:04:39+07:00
f3483a33-966f-5a65-9069-a2304a26a149,Yuni Putri,0851 2837 0173, yuni.putri.@example.id ,8,M,Malang,MBR-62471,PLATINUM,2026-06-07,BR-04,ACTIVE,2026-09-11T21:10:13+07:00
44f4c769-c650-592d-8bbb-4623b51a1ab6,Adi Wijaya,0813 3068 1539, adi.wijaya.702@customer.test ,5,F,Cirebon,MBR-54854,PLATINUM,2026-08-25,BR-11,ACTIVE,2026-05-16T23:05:07+07:00
0e24167a-0ebf-5ccd-a358-0f7106172b46,Ayu Wijaya,+62819 2319 8366, ayu.wijaya703@example.id ,11,U,Surabaya,MBR-32740,GOLD,2025-08-28,BR-06,ACTIVE,2026-03-15T18:52:58+07:00
78536d6c-639a-55e0-912c-3a40b9c0640a,Sari Kusuma,+6282025304387, sari.kusuma.@example.id ,12,U,Bogor,MBR-62109,GOLD,2026-05-08,BR-12,ACTIVE,2026-05-25T17:35:39+07:00
65f95756-c3f7-5e0e-ab86-6a3f3d533098,Budi Anggraini,+62848-9159-1587,budi.anggraini.@mail.id,6,F,Bekasi,MBR-54926,,2026-05-31,BR-04,ACTIVE,2026-09-10T08:49:54+07:00
06928ffd-79a9-5d71-b654-724323b474cf,Fitri Wulandari,080365564610, fitri.wulandari.706@mail.id ,4,F,Klaten,MBR-45174,SILVER,2026-04-11,BR-07,ACTIVE,2025-11-23T09:54:50+07:00
aea071a1-d49c-5b7b-a67e-6bf8d43d002d,Budi Putri,0832-3912-6974,budi.putri707@customer.test,6,U,Surabaya,,BRONZE,2025-12-15,BR-20,ACTIVE,2026-08-13T23:04:47+07:00
924fb629-5de5-596f-a8ed-4993df2515f8,Intan Putri,087263737650,intan.putri@customer.test,2,F,Solo,MBR-80466,BRONZE,2026-02-06,BR-10,ACTIVE,2026-07-04T08:28:30+07:00
6cee9a91-894f-5b0e-adff-3e2d8b52188a,Sari Adinata,+6280706701808, sari.adinata709@customer.test ,3,M,Gunungkidul,MBR-75664,SILVER,2025-12-09,BR-14,ACTIVE,2025-10-01T23:05:39+07:00
bf60176f-8ea9-5272-a992-39e1f267a101,Lina Hidayat,086044821935,lina.hidayat@customer.test,2,U,Bekasi,MBR-53962,GOLD,2025-08-05,BR-01,ACTIVE,2026-02-02T14:56:31+07:00
d445b0a0-1f83-5eaf-99da-a4be89481f3d,Citra Utami,0811-8496-0092, citra.utami@example.id ,2,M,Madiun,MBR-24389,GOLD,2026-03-12,BR-11,ACTIVE,2026-03-15T11:49:15+07:00
0b907058-2e85-5220-af54-de891748d7b2,Intan Utami,082398293473,intan.utami.@example.id,5,F,Surabaya,MBR-79896,BRONZE,2025-07-17,BR-15,ACTIVE,2026-08-28T06:09:53+07:00
a9308e77-332a-54a0-8711-8e582848abba,Hana Wulandari,086635684327,hana.wulandari713@inbox.id,1,F,Madiun,MBR-96370,GOLD,2026-08-17,BR-11,ACTIVE,2025-05-12T22:17:03+07:00
7d90029c-e894-5a0b-a265-fd374d8a6595,Eka Adinata,0824-5585-1735,eka.adinata@inbox.id,10,M,Bogor,MBR-27731,PLATINUM,2026-08-28,BR-08,ACTIVE,2026-03-16T21:50:41+07:00
85981417-5bb3-509d-ad34-08b9c05acc3f,Eka Setiawan,+6280270683006,eka.setiawan.@example.id,12,U,Cirebon,MBR-38744,BRONZE,2026-02-17,BR-08,ACTIVE,2025-10-27T03:15:13+07:00
46b3c766-7f76-50b8-829f-a9d0e7a73bfb,Fitri Wulandari,+6289366368138,fitri.wulandari716@customer.test,12,U,Gunungkidul,MBR-98021,GOLD,2025-10-17,BR-03,ACTIVE,2026-03-15T05:58:25+07:00
6459d099-07f6-541c-8501-be6cad761c3d,Citra Darmawan,089555698154,citra.darmawan.@customer.test,12,M,Magelang,,GOLD,2025-06-10,BR-11,ACTIVE,2026-05-11T05:18:34+07:00
fca24662-3e7f-562f-9bf8-0eb92e998c9a,Budi Putra,085459929762,budi.putra718@example.id,8,F,Solo,MBR-79358,,2025-10-16,BR-10,ACTIVE,2026-03-20T09:58:56+07:00
40aee02a-c18d-5002-a095-19b4c7841b7a,Ayu Wulandari,085714711124,ayu.wulandari.719@mail.id,12,F,Yogyakarta,,SILVER,2026-02-18,BR-09,ACTIVE,2026-09-08T16:50:33+07:00
d3e0060f-ba41-5b41-a01c-a6c5679a5985,Eka Darmawan,+6285248335506,eka.darmawan.@inbox.id,9,F,Malang,MBR-93475,GOLD,2025-10-30,BR-13,INACTIVE,2025-11-27T16:25:41+07:00
a58b0d42-0429-59cb-ab82-94de12fd83c0,Made Putri,+62837-6597-2800,made.putri.721@customer.test,6,F,Jember,MBR-90062,GOLD,2025-12-01,BR-13,ACTIVE,2026-07-14T16:19:59+07:00
c9e70396-aeea-5eed-b734-3df1ee6604c7,Raka Darmawan,088587566593,raka.darmawan.@example.id,5,U,Bandung,MBR-90214,GOLD,2026-02-01,BR-06,ACTIVE,2026-05-27T03:41:34+07:00
d815e278-c5bf-5cbd-af9e-8d26c3865424,Wahyu Setiawan,086215098579,wahyu.setiawan723@mail.id,3,U,Magelang,MBR-84242,,2026-09-01,BR-14,ACTIVE,2025-12-05T11:26:01+07:00
a42e33f2-e5bd-5281-9e78-47320487fac9,Tari Mahendra,0844 8078 5037,tari.mahendra724@customer.test,3,F,Depok,MBR-89627,PLATINUM,2026-06-15,BR-08,ACTIVE,2025-10-24T18:47:49+07:00
9d9d89e7-5418-51c5-86f3-d1da59668aec,Adi Prasetyo,086055632494, adi.prasetyo725@mail.id ,2,F,Kediri,,PLATINUM,2026-01-29,BR-02,ACTIVE,2025-11-04T03:35:20+07:00
4b12d953-a71a-53fb-a627-d3c9dcfe3c7b,Yuni Putri,+6283379235957,yuni.putri@customer.test,3,F,Kediri,MBR-81633,GOLD,2026-02-03,BR-04,INACTIVE,2026-04-28T17:30:37+07:00
c542f0c1-b415-5c29-b53d-dd40745c5624,Budi Santoso,088442128954,budi.santoso727@customer.test,2,U,Kulon Progo,,GOLD,2025-10-09,BR-14,ACTIVE,2026-08-30T21:38:03+07:00
e4606a2a-a8a1-5e5e-8ce2-9585015ea634,Lina Anggraini,+6287247719274,lina.anggraini@mail.id,2,F,Gunungkidul,,PLATINUM,2025-12-01,BR-05,ACTIVE,2025-11-25T09:53:10+07:00
accd085a-d56a-51cf-9e98-95b5274234b3,Indra Mahendra,0899 3713 8502,indra.mahendra@inbox.id,8,F,Bogor,,SILVER,2025-08-20,BR-10,ACTIVE,2026-06-01T07:18:51+07:00
87ca023e-ba2b-590a-85e0-f7c827205183,Budi Prasetyo,082937016615,,1,M,Solo,MBR-28309,BRONZE,2026-04-17,BR-11,ACTIVE,2025-10-07T08:40:51+07:00
40ede7d0-4d50-52e8-adcb-9a50ea454d07,Agus Permata,+6285041473902, agus.permata.731@inbox.id ,9,U,Kediri,MBR-10706,,2025-05-17,BR-13,ACTIVE,2026-05-26T09:15:54+07:00
9fce881d-1b4a-5322-9ddf-f57acf1bd484,Raka Darmawan,0848-9449-3409,,2,F,Bekasi,MBR-65268,GOLD,2026-08-02,BR-03,ACTIVE,2025-10-09T05:56:19+07:00
21e3f7a2-527c-5fe4-a19d-500e6b13f228,Agus Putra,+62852 6601 8756,agus.putra.733@customer.test,2,M,Kediri,MBR-71886,GOLD,2026-03-22,BR-20,CLOSED,2026-07-17T17:23:52+07:00
a60694c5-a5d1-5288-b58c-95d6c3a7a864,Wahyu Wulandari,0862-7343-8622,wahyu.wulandari@customer.test,8,F,Yogyakarta,MBR-32754,SILVER,2026-01-23,BR-17,ACTIVE,2026-06-06T08:10:44+07:00
b9c80027-2fb2-52a8-ad91-1786ed3d4b00,Adi Wulandari,+62829 2398 1932, adi.wulandari.735@mail.id ,8,F,Kediri,,,2025-08-29,BR-15,ACTIVE,2026-09-13T11:08:28+07:00
dfa3f0eb-49d5-5e92-b9ac-6ac2bdf91d00,Wahyu Santoso,0870 9517 2941,wahyu.santoso.736@example.id,7,U,Surabaya,MBR-45323,,2026-08-04,BR-03,ACTIVE,2026-08-17T15:34:30+07:00
fba87153-6ab1-5f0c-a301-a0269ff91bb1,Budi Mahendra,0828 4509 5917,budi.mahendra.@mail.id,3,F,Semarang,MBR-46295,GOLD,2025-10-08,BR-17,ACTIVE,2026-05-01T10:03:46+07:00
ba3af344-1c98-5442-9703-b899bee22206,Hana Permata,086217721175,hana.permata.@mail.id,1,M,Bekasi,,SILVER,2026-07-16,BR-16,CLOSED,2026-04-11T19:12:09+07:00
d9756ef5-914a-5455-88b2-35e1153fabc0,Hana Wulandari,085251599515,hana.wulandari.739@inbox.id,8,F,Gunungkidul,MBR-99454,SILVER,2026-03-30,BR-11,CLOSED,2026-05-06T17:43:46+07:00
9e313928-3fe7-5aca-92f1-90b0172e2b31,Budi Anggraini,+62868 7494 9861,budi.anggraini740@customer.test,12,F,Purworejo,MBR-90783,,2026-09-27,BR-03,ACTIVE,2026-08-14T14:40:02+07:00
d175a79d-be6b-52a1-8ba1-874989457b33,Hana Santoso,0897 7125 5535,hana.santoso.741@example.id,12,M,Sleman,MBR-77943,SILVER,2026-05-03,BR-12,ACTIVE,2026-05-02T13:23:45+07:00
0dda6041-a802-5ff3-ba2c-ee637d287d8c,Dewi Setiawan,0824-3840-3362,dewi.setiawan.@customer.test,11,M,Madiun,MBR-32795,PLATINUM,2025-04-09,BR-16,ACTIVE,2026-05-10T10:54:59+07:00
d20984c8-aca3-51a1-b7a7-5b75c3595423,Budi Utami,0865 6489 9812,budi.utami@inbox.id,9,M,Magelang,MBR-82869,GOLD,2025-04-26,BR-16,ACTIVE,2025-06-07T14:15:22+07:00
f5538af8-ba30-5af5-b884-9573de407933,Adi Setiawan,+6281992289676,,5,M,Yogyakarta,,SILVER,2026-09-19,BR-01,INACTIVE,2026-09-03T19:38:47+07:00
bb01c234-a681-59e9-8c61-21b948e81c8f,Eka Kusuma,,eka.kusuma745@customer.test,6,U,Bandung,MBR-92069,,2025-06-02,BR-02,ACTIVE,2025-05-27T17:04:09+07:00
4809c80d-67fd-57ed-8a7a-8f91ab1bcb2e,Citra Hidayat,,citra.hidayat.@customer.test,4,M,Madiun,MBR-90480,BRONZE,2026-04-06,BR-11,INACTIVE,2025-10-01T11:17:54+07:00
5ce17b79-07ae-56bb-8e78-11a0df191391,Dewi Mahendra,085402196174,dewi.mahendra.@example.id,11,F,Jember,,GOLD,2026-04-29,BR-19,ACTIVE,2026-01-26T03:27:07+07:00
ba9ad6c3-596f-5496-b317-f2745a9fa124,Eka Setiawan,+62827 2548 2302, eka.setiawan748@customer.test ,1,F,Klaten,MBR-91353,PLATINUM,2025-11-08,BR-07,ACTIVE,2025-10-30T11:46:39+07:00
2d95a0f2-3bcf-5325-8a96-f20272e94de7,Raka Kusuma,0809-5712-6668,raka.kusuma@example.id,7,M,Depok,MBR-98540,SILVER,2026-05-05,BR-13,ACTIVE,2025-11-09T13:36:18+07:00
bccb0c16-7046-58aa-a704-789501d33e27,Indra Santoso,,indra.santoso.@customer.test,1,F,Jember,MBR-45718,PLATINUM,2025-12-29,BR-12,ACTIVE,2025-11-01T09:38:48+07:00
95b9891d-b311-5a6b-9b48-7176e51d04ca,Citra Setiawan,0853 9938 9773, citra.setiawan.751@mail.id ,9,U,Bandung,MBR-77918,SILVER,2026-08-13,BR-02,INACTIVE,2025-09-04T01:55:31+07:00
5e89e769-08da-54e1-8f60-f222ce3e6e1c,Tari Setiawan,0833 4982 1870,tari.setiawan@customer.test,10,M,Gunungkidul,MBR-89664,GOLD,2025-07-30,BR-03,ACTIVE,2025-05-01T18:30:49+07:00
4ab4a0e8-eb0d-54fe-8ee1-93f37d90828e,Adi Darmawan,0816-4663-3242,adi.darmawan@customer.test,7,F,Gunungkidul,MBR-12220,BRONZE,2026-07-13,BR-08,INACTIVE,2026-07-23T17:23:48+07:00
0cb9c5a5-bf45-5af3-be3c-6af1c1ccb749,Citra Adinata,+6286353881191,citra.adinata754@mail.id,6,U,Kediri,MBR-98023,GOLD,2025-04-26,BR-19,ACTIVE,2025-04-12T09:06:30+07:00
7639f2ff-a0ab-50ca-a884-04606d0cdffc,Citra Putra,0833 9160 9941, citra.putra.@mail.id ,3,F,Depok,,,2025-12-25,BR-20,ACTIVE,2025-05-18T19:36:59+07:00
a5dd4b29-6679-5599-899c-b48d6ba037da,Wahyu Putra,081458841140,wahyu.putra.756@example.id,11,F,Semarang,MBR-36871,BRONZE,2026-02-14,BR-11,ACTIVE,2026-05-22T18:27:05+07:00
9c219b56-976f-59ce-b18e-ccca68ac565b,Nadia Permata,0858 7467 7223,nadia.permata@inbox.id,5,F,Jember,MBR-45543,BRONZE,2026-06-11,BR-05,INACTIVE,2025-12-11T13:48:22+07:00
cdb26e43-8896-5ba0-9f0a-c344667177fd,Fitri Santoso,+6286659023497, fitri.santoso.@customer.test ,10,F,Bekasi,,,2025-10-27,BR-02,ACTIVE,2025-12-09T04:18:41+07:00
83e6dd9f-8dc6-54e1-86ff-bf53c5557aa7,Dewi Putri,+62815 9826 9193,dewi.putri759@mail.id,5,F,Bekasi,MBR-12307,BRONZE,2025-12-18,BR-03,ACTIVE,2025-10-30T10:44:32+07:00
4960d0c8-d426-5ed1-89da-d311f9a0733e,Adi Mahendra,0897 3210 2955,adi.mahendra760@mail.id,9,U,Malang,MBR-27660,PLATINUM,2026-05-25,BR-10,ACTIVE,2026-09-25T01:36:19+07:00
b2bedcce-baec-58f4-b1f8-5bd0c8508cd3,Budi Hidayat,0852-8619-9856, budi.hidayat.@mail.id ,1,M,Bantul,MBR-66441,GOLD,2026-02-08,BR-06,INACTIVE,2026-03-14T23:08:44+07:00
19646331-4f1d-5919-8d6f-4aae026cb6c1,Wahyu Utami,081623404030,wahyu.utami.@mail.id,6,U,Kulon Progo,MBR-85986,GOLD,2025-05-11,BR-06,ACTIVE,2026-09-22T22:47:15+07:00
b73c1cf4-338a-5ccd-9ade-ba550dfdae6e,Agus Permata,+6284296577062,agus.permata.763@customer.test,1,U,Madiun,MBR-46604,SILVER,2025-11-14,BR-07,ACTIVE,2025-09-24T09:00:20+07:00
aafc81be-3b7f-5d32-a2e3-bc07e31d7db2,Ayu Adinata,088125892688,ayu.adinata.764@example.id,1,F,Depok,MBR-13474,SILVER,2025-11-01,BR-13,ACTIVE,2026-05-21T23:49:41+07:00
526c4bc3-56fe-5271-ba22-d8050fc9011b,Indra Wulandari,0816 8279 7124,indra.wulandari.765@example.id,6,U,Magelang,MBR-96950,BRONZE,2026-07-04,BR-17,ACTIVE,2026-03-23T06:25:21+07:00
0e51cf18-440a-50a2-8a49-65b3aeda5bc2,Sari Adinata,0834-5091-2875,sari.adinata.@inbox.id,1,U,Kulon Progo,,,2025-11-23,BR-06,ACTIVE,2025-04-29T10:06:47+07:00
ea2314b5-6d02-5247-8c75-dd7845e0d49e,Ayu Santoso,+62825-0209-6364,ayu.santoso@mail.id,7,M,Kediri,MBR-61150,GOLD,2026-03-19,BR-19,ACTIVE,2026-07-30T09:42:39+07:00
e4746d3e-edd0-58da-a76c-8641ee8c95d1,Eka Hidayat,088775773777,eka.hidayat@mail.id,7,F,Purworejo,MBR-16090,BRONZE,2026-06-25,BR-07,INACTIVE,2026-02-27T10:06:20+07:00
a5089f83-ab55-57e3-872b-34e3b02c8c93,Sari Wulandari,+62817-6523-9956, sari.wulandari@mail.id ,12,U,Gunungkidul,,,2026-09-08,BR-14,INACTIVE,2025-08-07T12:49:20+07:00
cf8b930e-eb61-5dda-811a-fa1ab591a953,Raka Anggraini,+6286632156376,raka.anggraini770@example.id,10,F,Depok,MBR-15572,SILVER,2025-09-14,BR-14,INACTIVE,2026-04-07T03:00:25+07:00
b47c382c-9bea-5665-8573-8c2c95eca90d,Sari Prasetyo,+6284193213372,sari.prasetyo771@example.id,2,M,Jember,MBR-54765,GOLD,2025-10-28,BR-07,ACTIVE,2026-04-06T21:14:25+07:00
8d431df5-0b83-5064-a05f-5679468ca0b6,Fitri Darmawan,082961389695,fitri.darmawan.772@customer.test,2,U,Purworejo,MBR-85682,,2026-01-06,BR-01,ACTIVE,2025-06-11T08:57:25+07:00
0f63230a-f750-51ff-9def-9b12b1cad885,Lina Putra,0808 1412 0044,lina.putra773@mail.id,1,U,Bogor,MBR-39364,BRONZE,2026-05-25,BR-02,ACTIVE,2025-12-17T22:58:07+07:00
99f17839-b193-5329-a375-94b5ced78da9,Yuni Putri,+6280547678239, yuni.putri774@inbox.id ,5,M,Magelang,MBR-28585,,2025-05-17,BR-11,ACTIVE,2026-01-08T03:38:07+07:00
b44753c1-11bc-5ce9-809a-d11d4e215be5,Tari Utami,+62819-2632-9045,tari.utami775@customer.test,11,F,Solo,MBR-75844,PLATINUM,2025-07-14,BR-17,ACTIVE,2025-10-09T07:06:05+07:00
f543bda5-534c-5bc8-8f91-f741f92b4b43,Tari Permata,0843-9095-0881, tari.permata.776@example.id ,7,U,Bogor,,,2025-07-09,BR-15,INACTIVE,2025-05-04T14:56:31+07:00
31f7b56b-b052-53e2-99af-cfaaae361345,Intan Darmawan,0868 8859 9429,intan.darmawan.@example.id,5,U,Yogyakarta,MBR-47641,SILVER,2026-01-24,BR-15,ACTIVE,2025-05-10T03:42:50+07:00
e8f0893c-0e36-52d9-8ad6-1961cb18b901,Tari Wijaya,+6289380934365,tari.wijaya@mail.id,9,M,Madiun,,PLATINUM,2025-07-28,BR-11,ACTIVE,2025-08-13T00:02:58+07:00
5ae6e78b-b6f2-57a4-af99-f93561006008,Lina Darmawan,0834-4534-9849,lina.darmawan.779@inbox.id,8,F,Bogor,MBR-34626,GOLD,2026-08-22,BR-12,ACTIVE,2026-02-03T12:12:31+07:00
7da06ba4-9a32-5c21-997b-d2a6c81a905b,Agus Wijaya,,agus.wijaya.@mail.id,9,F,Depok,MBR-36679,PLATINUM,2026-09-06,BR-15,ACTIVE,2025-06-24T12:32:37+07:00
8c75c119-55ee-5228-8b8c-559f0b3a987f,Yuni Adinata,081677418303,yuni.adinata@example.id,4,F,Kulon Progo,MBR-87229,SILVER,2026-08-30,BR-20,ACTIVE,2025-05-19T02:46:41+07:00
02c794c4-140f-5e43-ae20-fd6fdea3710c,Intan Permata,+6285572995654, intan.permata@mail.id ,9,U,Solo,MBR-98470,BRONZE,2026-07-03,BR-04,INACTIVE,2025-12-14T18:57:24+07:00
b4dc31d2-5e76-51e0-8b32-3c1c5c7ba54a,Adi Santoso,082338866964,adi.santoso@example.id,8,F,Malang,MBR-17594,,2026-03-17,BR-02,ACTIVE,2026-05-29T00:57:04+07:00
4fdaa752-4819-50ef-a8af-7fd51c71db3b,Fitri Santoso,+6284732573378,fitri.santoso.784@inbox.id,12,F,Solo,MBR-78253,SILVER,2025-05-16,BR-05,ACTIVE,2026-04-09T20:56:05+07:00
b51efc8c-541d-57ac-88a0-198a7bf8b9d8,Made Utami,+6282630333258,made.utami.@example.id,10,U,Jember,MBR-31497,PLATINUM,2025-05-08,BR-13,ACTIVE,2026-05-27T03:16:52+07:00
0016a69e-3e4e-5ed7-ad78-4b232cb2b19c,Raka Wulandari,+62839-3351-9738,raka.wulandari.786@mail.id,2,M,Magelang,,,2026-01-22,BR-14,INACTIVE,2026-09-15T22:54:30+07:00
70c139b1-f44a-59fc-b54e-28888f8dbd38,Agus Putra,+62877 1243 6361,agus.putra.@inbox.id,2,F,Gunungkidul,MBR-10221,,2026-08-26,BR-14,ACTIVE,2026-03-29T04:33:49+07:00
d11e524c-108a-564c-8de7-fa6957657cf6,Tari Anggraini,0800 2546 7250,tari.anggraini.788@mail.id,12,M,Kulon Progo,MBR-31538,,2025-12-30,BR-12,INACTIVE,2026-08-09T18:19:58+07:00
54f6e208-5fda-5f0a-8869-00ebfdf5a46e,Nadia Wijaya,+62818 9735 4458,nadia.wijaya@inbox.id,8,M,Bandung,MBR-11657,GOLD,2026-02-01,BR-15,ACTIVE,2026-09-10T16:48:58+07:00
0f1aaaf9-890a-52f7-a37e-7ded782c322c,Intan Setiawan,+62855 4327 4986,intan.setiawan790@example.id,5,F,Jember,MBR-56147,GOLD,2026-02-09,BR-18,ACTIVE,2025-06-22T16:50:25+07:00
d49fce76-ba74-5435-9e5f-c6f9dc429f96,Raka Kusuma,0884-9887-0230, raka.kusuma.791@example.id ,5,U,Sleman,MBR-71946,BRONZE,2026-01-30,BR-12,ACTIVE,2025-11-28T00:05:55+07:00
f206fb14-7d7c-5192-ab23-b4d8c32c3917,Dian Permata,0834 3755 3052,dian.permata.@mail.id,1,F,Kediri,,,2026-08-20,BR-07,INACTIVE,2025-09-27T02:59:02+07:00
ea3de1af-e218-5213-b54b-0c1a768ec8c6,Tari Prasetyo,088913275516,tari.prasetyo.793@inbox.id,5,M,Bekasi,MBR-24579,BRONZE,2025-07-28,BR-19,ACTIVE,2026-04-14T07:46:23+07:00
3884e7ac-f562-5a8d-bcc1-de0f1c5e6f5e,Yuni Wulandari,+62877 6023 4461,,6,F,Gunungkidul,MBR-89937,,2025-09-11,BR-02,ACTIVE,2026-05-14T00:09:29+07:00
7f5e3a76-0054-5d24-a617-beb73d60a494,Hana Mahendra,+6285167300514,hana.mahendra.@example.id,4,U,Yogyakarta,MBR-70720,GOLD,2026-03-07,BR-06,ACTIVE,2026-04-19T01:31:15+07:00
6efdbdd1-f201-52ad-87ed-cefd6908326f,Citra Hidayat,089494229119,citra.hidayat796@example.id,8,U,Bogor,MBR-28478,BRONZE,2025-08-31,BR-06,ACTIVE,2025-12-24T20:59:22+07:00
1760d4af-cab1-5ccb-bb59-fc6ec11cea8e,Fitri Mahendra,083858555309, fitri.mahendra.797@customer.test ,2,U,Jember,MBR-48704,BRONZE,2026-04-01,BR-07,ACTIVE,2026-05-28T20:02:30+07:00
3cecf9f3-f7fd-583f-9c2e-52a9393fd15e,Citra Setiawan,085066549797,citra.setiawan.798@inbox.id,11,U,Sleman,MBR-88165,GOLD,2025-08-15,BR-07,ACTIVE,2025-10-09T20:51:49+07:00
2261287d-5e3b-535d-946c-ea358cb4d45d,Yuni Kusuma,0827 9881 3683,yuni.kusuma799@inbox.id,7,F,Cirebon,MBR-22365,,2026-01-24,BR-13,ACTIVE,2025-05-30T14:13:16+07:00
ebded0bd-3895-5bfd-b550-d6c4f2328c11,Dewi Wulandari,+6288941828551,dewi.wulandari.@inbox.id,10,F,Malang,MBR-89520,PLATINUM,2026-09-20,BR-02,ACTIVE,2026-05-24T02:50:37+07:00
8b5681f3-cae3-50fa-945b-9910d50eda27,Hana Darmawan,+6285235802041,hana.darmawan.@mail.id,11,U,Cirebon,,PLATINUM,2026-05-22,BR-01,ACTIVE,2025-09-19T20:34:20+07:00
02ef0b8f-b90e-583f-803e-cbe981194f72,Intan Santoso,+6280704666502,intan.santoso802@inbox.id,3,M,Bantul,MBR-37688,BRONZE,2025-04-06,BR-18,ACTIVE,2025-05-19T09:44:02+07:00
e027fc69-2d49-5820-9ec1-9708bd7d04d5,Intan Putri,+6288792756225,intan.putri@customer.test,2,F,Cirebon,MBR-97085,SILVER,2026-08-17,BR-08,ACTIVE,2025-10-27T09:38:39+07:00
6901e09a-f051-5323-bb17-0e42f682a9f1,Adi Prasetyo,0817 2890 2892,adi.prasetyo804@inbox.id,12,F,Solo,,SILVER,2025-09-05,BR-13,ACTIVE,2025-05-13T06:45:50+07:00
cd79df8a-6da7-50fe-a1fa-aa8f9924a42d,Dewi Setiawan,080538497856,dewi.setiawan805@inbox.id,5,M,Malang,MBR-32475,BRONZE,2025-11-23,BR-02,ACTIVE,2025-04-06T01:18:01+07:00
0ec3cd3e-9db4-5e10-9655-28e88b90fe6f,Tari Hidayat,+62871-0376-6422,tari.hidayat.@mail.id,10,F,Bandung,MBR-12818,GOLD,2025-07-10,BR-11,ACTIVE,2026-08-08T10:44:09+07:00
543f6b5d-a97d-51bb-a14d-f8997bff1067,Dewi Utami,083179373970,dewi.utami.@mail.id,12,M,Purworejo,MBR-98263,SILVER,2026-04-27,BR-05,ACTIVE,2025-03-31T05:50:12+07:00
5dc4bd3c-29b1-5ebc-8958-55114c0e3dda,Dian Utami,+6281106739835,dian.utami808@mail.id,4,M,Malang,MBR-91968,PLATINUM,2026-02-21,BR-19,ACTIVE,2025-11-05T11:56:19+07:00
4cc7f419-5434-5819-871e-d221814b00ad,Citra Darmawan,,citra.darmawan.809@example.id,3,M,Gunungkidul,MBR-55635,BRONZE,2025-06-07,BR-07,ACTIVE,2025-04-30T05:39:09+07:00
373a4ca9-753b-5ff5-8dcd-34e5cfdb5cff,Citra Santoso,0895-7089-8414, citra.santoso810@mail.id ,4,M,Cirebon,,,2025-07-17,BR-08,ACTIVE,2025-10-26T01:01:53+07:00
5ab48e95-908e-56de-aace-820f9c2248b4,Intan Putra,083286498492,intan.putra.@example.id,1,F,Semarang,MBR-80887,BRONZE,2026-09-01,BR-19,ACTIVE,2026-07-14T16:24:17+07:00
ace5ccd0-180c-5939-91c9-197a282fdb35,Ayu Utami,0829 2705 5728,,9,U,Depok,MBR-44961,GOLD,2025-08-04,BR-11,ACTIVE,2026-08-06T02:42:10+07:00
1a02c463-1687-5ec9-934d-ba91ed453706,Dewi Hidayat,+62877 5432 1546,dewi.hidayat813@example.id,8,M,Kediri,MBR-75743,BRONZE,2026-03-16,BR-13,ACTIVE,2026-06-16T03:25:10+07:00
a9662e33-023e-533c-b1b8-384cfb9353c6,Nadia Santoso,0812 6630 5256,nadia.santoso@mail.id,4,F,Malang,MBR-90322,PLATINUM,2025-04-17,BR-15,ACTIVE,2026-02-21T07:04:19+07:00
ffc9621b-370e-5679-a3e3-98c1beb6885b,Budi Setiawan,+6285997694630,budi.setiawan815@customer.test,1,M,Yogyakarta,,SILVER,2025-06-29,BR-18,ACTIVE,2025-12-20T09:54:49+07:00
7290b2c3-2d87-510d-a9cc-cb4d38d01e06,Wahyu Hidayat,081568722269, wahyu.hidayat.@inbox.id ,10,M,Surabaya,MBR-32123,PLATINUM,2026-09-19,BR-09,ACTIVE,2026-01-06T06:19:46+07:00
7a959827-6765-5659-a897-6f1932b41d99,Made Setiawan,,made.setiawan@inbox.id,5,U,Kediri,MBR-13142,BRONZE,2026-01-13,BR-08,CLOSED,2025-11-13T10:33:54+07:00
de777d29-8d60-5a32-9be7-e88eae8e8ab4,Sari Kusuma,+62840-8931-9982,sari.kusuma@mail.id,9,M,Solo,MBR-85285,,2025-05-20,BR-15,ACTIVE,2026-01-26T17:17:17+07:00
0bd279ed-5c66-5ddc-8fe3-d9bfd154b759,Raka Wulandari,086509818441,raka.wulandari@customer.test,3,F,Bantul,MBR-93520,SILVER,2025-08-19,BR-04,CLOSED,2025-12-30T20:54:21+07:00
a27f24bb-30b3-5fa4-bfb3-58d233f7e60a,Fitri Utami,+62818-3370-8278,fitri.utami.820@inbox.id,3,M,Cirebon,MBR-10934,GOLD,2026-02-21,BR-14,ACTIVE,2026-09-28T17:37:41+07:00
80e838b8-0064-588d-8817-d25b189c0176,Yuni Adinata,0867-2024-2278, yuni.adinata.@inbox.id ,8,F,Semarang,MBR-96532,PLATINUM,2025-07-29,BR-19,ACTIVE,2026-02-06T16:09:59+07:00
e1dd3eb7-4ad0-59be-a842-b24a2c9ad846,Dian Anggraini,+6284918579657,dian.anggraini.822@inbox.id,12,M,Malang,MBR-31778,PLATINUM,2026-07-29,BR-05,ACTIVE,2026-05-09T07:25:13+07:00
15a61120-40d6-5d1b-ad82-8541d6ab77e1,Made Adinata,0895-5426-0902,made.adinata@inbox.id,9,U,Solo,,GOLD,2026-09-10,BR-19,ACTIVE,2026-04-05T16:22:34+07:00
6a56ab90-b4e9-5c54-9065-8ade653cbc53,Nadia Mahendra,081654170851,nadia.mahendra824@customer.test,10,F,Klaten,,BRONZE,2025-08-23,BR-19,ACTIVE,2026-09-13T23:19:29+07:00
4ef9e14c-9f55-5189-8d8f-84e8205dc4c8,Made Putri,+6281653522820,made.putri@inbox.id,8,U,Magelang,MBR-41637,PLATINUM,2026-03-06,BR-02,ACTIVE,2026-05-17T06:00:34+07:00
83631f3d-d8cd-5ba2-9548-e39eaac79691,Intan Hidayat,0821 4340 0498, intan.hidayat826@mail.id ,7,U,Depok,MBR-95260,GOLD,2025-04-30,BR-15,ACTIVE,2025-07-30T05:09:53+07:00
93043c70-5568-56de-bb59-0697b2c6c537,Wahyu Utami,0828-9379-7330, wahyu.utami@mail.id ,10,M,Gunungkidul,MBR-95106,PLATINUM,2026-04-09,BR-12,ACTIVE,2026-02-24T11:41:55+07:00
1ce071ac-2580-5d3e-ab97-f118fe2148d3,Citra Hidayat,085476178483,citra.hidayat.828@example.id,9,U,Kulon Progo,MBR-31868,GOLD,2026-01-07,BR-03,ACTIVE,2026-05-18T18:51:46+07:00
3cabfb7e-36dd-59aa-9871-e2d28b8cbedb,Agus Adinata,0894 9753 4553,agus.adinata.829@customer.test,6,F,Sleman,MBR-83745,,2025-05-31,BR-13,CLOSED,2026-05-07T04:49:22+07:00
6da9edcd-9945-5770-9d12-0f2340522144,Made Mahendra,+6281701534364,made.mahendra.@mail.id,3,F,Bandung,MBR-95240,,2026-03-01,BR-13,ACTIVE,2025-11-08T01:15:10+07:00
84d41703-706c-5183-abfe-f52de44f340a,Ayu Santoso,082130995453,ayu.santoso@example.id,1,U,Sleman,MBR-86429,GOLD,2025-11-30,BR-16,CLOSED,2026-05-08T01:40:47+07:00
9065d26d-71fb-51b2-ae71-389774a38721,Wahyu Setiawan,+6282195474941,,9,M,Gunungkidul,MBR-99141,SILVER,2026-05-30,BR-03,ACTIVE,2025-04-14T06:31:19+07:00
be823244-c3c0-5ab9-8c37-fad5a17dbc0e,Adi Hidayat,, adi.hidayat.833@customer.test ,11,U,Semarang,MBR-21765,BRONZE,2025-12-25,BR-15,ACTIVE,2025-04-01T19:21:20+07:00
6bf1d6d9-b66a-53db-a0d6-2f1e6cd2f200,Ayu Darmawan,+6281848557453, ayu.darmawan.@mail.id ,11,U,Depok,MBR-88553,,2025-04-06,BR-01,ACTIVE,2025-04-16T11:39:04+07:00
48434c52-3fde-5133-8dcd-62dd6e3f17d6,Tari Wijaya,+62814 8801 3023,tari.wijaya.835@customer.test,9,F,Gunungkidul,MBR-35014,SILVER,2025-11-25,BR-12,ACTIVE,2026-01-07T06:07:40+07:00
810a1c90-0072-552c-b092-31d0e7e70aa0,Dian Hidayat,0891-1327-7018,dian.hidayat.@example.id,2,M,Jember,MBR-18341,BRONZE,2026-07-07,BR-12,ACTIVE,2025-11-19T01:57:45+07:00
34e7de48-e247-5e1d-8c48-2655c4cea193,Agus Putri,+6283969368785,agus.putri.837@mail.id,7,U,Purworejo,MBR-30463,BRONZE,2025-11-11,BR-05,ACTIVE,2025-04-26T22:27:45+07:00
00277d36-f0fe-52ac-bd95-e4a60e214347,Dian Anggraini,, dian.anggraini@example.id ,2,U,Kediri,MBR-49559,SILVER,2026-07-25,BR-10,ACTIVE,2026-03-06T02:07:03+07:00
270aa81d-3d08-5228-99ef-98470e2bb026,Yuni Setiawan,082626524563,yuni.setiawan@customer.test,3,U,Cirebon,MBR-79526,,2025-05-03,BR-10,ACTIVE,2025-07-19T08:58:50+07:00
9fffdcb3-4325-5f9c-9960-401b9f1a0592,Citra Permata,087975610755,citra.permata@mail.id,5,U,Bogor,MBR-21372,GOLD,2025-04-03,BR-01,ACTIVE,2026-05-06T02:48:56+07:00
13d4fc63-01d9-5c9d-9e68-a02317ec55c3,Dewi Wijaya,083432050730,dewi.wijaya@example.id,4,U,Gunungkidul,MBR-45369,BRONZE,2026-08-10,BR-12,ACTIVE,2025-06-30T09:41:02+07:00
200ce8e8-982b-5a61-9592-2a58fe4dc1a5,Ayu Wulandari,0876-2162-7991,ayu.wulandari@example.id,7,F,Solo,,PLATINUM,2026-06-12,BR-14,ACTIVE,2025-04-04T00:35:56+07:00
e3d1f36d-f39e-57e6-b01d-1869ace785a1,Indra Kusuma,+6285273882549, indra.kusuma.@example.id ,8,U,Cirebon,MBR-44594,GOLD,2025-12-21,BR-16,ACTIVE,2025-05-20T18:28:59+07:00
b03bdf02-5460-5cfb-8024-abb7ea5e58d9,Lina Adinata,0892 5631 2455,lina.adinata@example.id,1,F,Purworejo,MBR-97883,GOLD,2025-06-17,BR-04,ACTIVE,2025-09-06T09:52:44+07:00
f7324101-6d8b-57cf-813d-f6c18add83e2,Intan Permata,+6288468255532,intan.permata@inbox.id,12,F,Magelang,MBR-60448,SILVER,2026-03-21,BR-10,CLOSED,2026-01-18T06:30:25+07:00
6670bfaa-621b-5b2d-a6c5-28bb2cf4ceee,Nadia Wulandari,0837 7260 8892,nadia.wulandari.@inbox.id,10,U,Yogyakarta,MBR-37306,,2026-06-24,BR-20,ACTIVE,2025-11-16T15:03:37+07:00
3d7f8c17-66c0-5199-89c6-f83f68db8336,Citra Kusuma,+62893 5520 8469, citra.kusuma.847@customer.test ,4,F,Kediri,MBR-84882,BRONZE,2025-06-13,BR-14,ACTIVE,2026-05-31T17:38:20+07:00
1a603dfe-e8f4-5492-ada4-7fa243a118c9,Sari Putri,081532301659,sari.putri848@inbox.id,3,M,Madiun,MBR-82503,,2026-08-21,BR-09,ACTIVE,2025-05-08T02:27:21+07:00
0de0490b-f24a-5c87-be15-25383d75888d,Agus Mahendra,+62845 1042 5655,,5,U,Bandung,MBR-15946,GOLD,2025-07-01,BR-11,INACTIVE,2026-01-04T07:37:35+07:00
ed600cf8-3465-5100-98f3-f5181ce8005b,Indra Setiawan,+62836-1476-3745,indra.setiawan.@example.id,5,F,Jember,MBR-31725,BRONZE,2026-09-07,BR-11,ACTIVE,2026-06-05T00:11:16+07:00
d82ace2b-299e-51d2-a503-1e8a913701c4,Ayu Permata,+6284130244201,ayu.permata851@mail.id,9,M,Malang,MBR-99195,BRONZE,2026-01-21,BR-03,ACTIVE,2025-05-17T23:38:27+07:00
bc84f5f6-aebd-50c6-b1d7-1406477c7c4e,Ayu Adinata,0871-2358-3567, ayu.adinata852@inbox.id ,12,F,Bandung,,SILVER,2025-07-04,BR-16,ACTIVE,2026-03-30T19:21:03+07:00
ce1e0e3c-b7bb-56bf-9550-148b192d4a93,Adi Permata,+62880 4507 9208,adi.permata853@customer.test,1,U,Bogor,,PLATINUM,2025-06-20,BR-09,ACTIVE,2025-12-15T22:19:09+07:00
16c97173-3d56-5aca-85fe-d8572a5b0191,Yuni Wijaya,+6280926751436,yuni.wijaya.@inbox.id,10,F,Yogyakarta,MBR-58762,PLATINUM,2025-12-19,BR-02,ACTIVE,2026-06-05T11:39:44+07:00
0b36f954-690a-572e-94f7-dd0946a53096,Lina Utami,+6284496021476, lina.utami855@mail.id ,2,F,Kediri,MBR-69414,BRONZE,2026-06-05,BR-08,ACTIVE,2026-04-02T00:29:40+07:00
9d1fe4a2-15fa-582a-abf3-4f4cc68ce1f6,Lina Darmawan,085858254773,lina.darmawan856@example.id,1,M,Gunungkidul,MBR-55227,BRONZE,2025-12-09,BR-10,ACTIVE,2025-08-11T02:18:36+07:00
5005c2dc-53e5-572e-9869-7b81fe5284c3,Ayu Anggraini,0821 8312 2016,ayu.anggraini857@customer.test,11,U,Sleman,,PLATINUM,2026-07-08,BR-14,ACTIVE,2026-08-04T04:00:58+07:00
6664cea5-879d-5d12-bf7b-8ad31c7d1148,Eka Mahendra,0829 8855 0402,eka.mahendra@customer.test,12,M,Malang,MBR-69534,,2025-07-01,BR-05,ACTIVE,2025-07-30T04:25:34+07:00
9b61ac52-0bc3-5ca9-9e52-ee7cab2669d9,Hana Darmawan,+6285221491438,hana.darmawan859@customer.test,9,M,Klaten,,PLATINUM,2026-02-12,BR-01,ACTIVE,2026-09-06T14:58:33+07:00
641f7321-18d4-525d-8279-dcf356662045,Lina Putra,+62866-0767-1354,lina.putra@mail.id,3,M,Bekasi,MBR-10155,,2025-07-02,BR-14,ACTIVE,2026-04-26T03:24:31+07:00
5cf61125-eebf-5c83-8ee1-ff0199ce9fb0,Agus Wulandari,+62823-9038-1019,agus.wulandari.861@mail.id,9,U,Depok,MBR-72837,SILVER,2025-11-23,BR-11,ACTIVE,2025-04-20T02:21:10+07:00
395195b2-d580-56f5-912d-4645c0133687,Made Mahendra,080014818643,made.mahendra862@inbox.id,11,F,Surabaya,,GOLD,2025-09-27,BR-01,ACTIVE,2025-08-01T12:33:27+07:00
19a39225-659c-5628-9c14-7f173a2825a6,Citra Kusuma,0826-2279-4829,citra.kusuma@example.id,11,F,Semarang,MBR-16342,PLATINUM,2026-08-22,BR-15,ACTIVE,2026-01-16T13:02:07+07:00
c6e9cbca-8175-5906-b4dd-55c3ca832544,Dewi Setiawan,085218946350,dewi.setiawan864@customer.test,7,U,Kulon Progo,MBR-46944,PLATINUM,2025-08-04,BR-12,CLOSED,2025-10-08T10:03:28+07:00
8702fe93-18bd-52e1-9ac4-15c0025d6812,Intan Santoso,+62823 5589 3498,intan.santoso865@example.id,7,M,Bantul,MBR-72984,BRONZE,2026-01-12,BR-02,INACTIVE,2026-01-17T18:34:18+07:00
93eb16cd-6999-5210-b452-473003d4dd5d,Adi Utami,0808 9727 7849,adi.utami866@inbox.id,6,U,Madiun,MBR-91638,SILVER,2026-04-25,BR-15,ACTIVE,2026-03-04T07:27:13+07:00
20b47b85-33cb-5ebc-b3e4-c56ac4a95f79,Indra Prasetyo,087005326387,indra.prasetyo867@inbox.id,1,F,Surabaya,MBR-85064,,2026-06-26,BR-04,ACTIVE,2026-08-20T00:13:20+07:00
9867e8bd-69cc-5920-9f68-2f700d3276cc,Eka Hidayat,0845 7507 9674, eka.hidayat.868@inbox.id ,6,M,Solo,MBR-95207,SILVER,2025-06-04,BR-03,ACTIVE,2025-05-21T17:55:43+07:00
2c3de71e-cc21-5df4-bc4f-cf591c3ad669,Indra Adinata,+6289317081329,indra.adinata869@inbox.id,11,U,Gunungkidul,MBR-53249,BRONZE,2026-09-12,BR-08,ACTIVE,2025-10-25T23:02:22+07:00
42fcba10-369e-5f8c-883d-0df18e6dd711,Nadia Adinata,+62811 8264 8664,nadia.adinata.870@inbox.id,1,F,Bogor,MBR-62778,,2025-08-30,BR-15,ACTIVE,2025-06-23T05:18:03+07:00
58b2f01d-d4f6-54ac-8df7-8f0df14da80c,Lina Permata,+62817-3800-2030,lina.permata871@example.id,2,F,Klaten,MBR-53825,GOLD,2025-08-20,BR-09,ACTIVE,2025-12-15T11:56:39+07:00
a0c57d05-3a72-554d-bfe5-06cfc3d189b1,Indra Kusuma,+6281741785703,indra.kusuma872@inbox.id,2,U,Bekasi,MBR-96446,PLATINUM,2026-06-23,BR-05,ACTIVE,2025-11-05T21:40:17+07:00
3b1dae59-063e-59ae-8de2-b0885be715dd,Dewi Putri,+6282778735542,dewi.putri@example.id,11,U,Bantul,MBR-81396,,2026-09-03,BR-06,ACTIVE,2025-05-23T05:42:28+07:00
f5db13af-0daf-504e-ae59-9f884f487d99,Intan Darmawan,0839 9666 1954,intan.darmawan.874@inbox.id,8,U,Gunungkidul,MBR-11295,SILVER,2025-12-10,BR-13,ACTIVE,2026-07-24T15:47:48+07:00
b17298d0-dd7c-593b-8070-430404b4e27e,Yuni Anggraini,086227779393,yuni.anggraini@example.id,12,M,Surabaya,MBR-67032,GOLD,2025-06-04,BR-18,ACTIVE,2026-04-12T09:01:24+07:00
2aacc078-2f1b-5388-89be-82c25aaaea3c,Dewi Wulandari,087827817438,dewi.wulandari876@example.id,5,M,Malang,MBR-59600,GOLD,2026-02-04,BR-03,ACTIVE,2026-09-07T23:35:57+07:00
8298e39c-d473-5570-89dd-926364c3a34a,Agus Utami,+6286376504834,agus.utami.877@customer.test,9,U,Semarang,,,2026-03-28,BR-11,ACTIVE,2026-01-18T05:32:05+07:00
c043f89d-0360-5cc0-a6b3-606e282fd19f,Adi Wijaya,+6289138719309,adi.wijaya.@inbox.id,2,F,Jember,MBR-59772,PLATINUM,2026-05-07,BR-09,ACTIVE,2026-01-28T13:04:58+07:00
980f408b-77a5-5a78-80e3-5ef5f3daa272,Dewi Kusuma,0884 5558 3527,dewi.kusuma@example.id,5,M,Gunungkidul,MBR-73674,GOLD,2026-06-10,BR-16,CLOSED,2025-12-10T03:17:17+07:00
6198b6e6-1b9b-55e3-9c4d-a9d77e765b9b,Dewi Putra,080395351566,dewi.putra880@mail.id,5,U,Gunungkidul,MBR-20923,PLATINUM,2025-12-27,BR-04,ACTIVE,2025-10-29T15:10:28+07:00
b69f9d25-5841-5ac0-8487-78a6f97e064c,Intan Wijaya,+6285306332181,intan.wijaya.881@example.id,10,F,Cirebon,MBR-77134,SILVER,2026-07-31,BR-09,ACTIVE,2025-10-29T21:02:30+07:00
874f82ae-481d-5be0-8d13-b84b9cdb2685,Ayu Permata,+6286481070507,ayu.permata882@example.id,1,U,Bogor,MBR-37647,PLATINUM,2026-01-20,BR-09,INACTIVE,2025-06-27T07:49:48+07:00
65b047b0-4c9b-5776-a9d3-31a161db68c2,Fitri Hidayat,+62822-8031-1595,fitri.hidayat@inbox.id,5,F,Solo,MBR-85678,BRONZE,2025-08-31,BR-05,ACTIVE,2026-02-13T02:14:35+07:00
0b28db25-8cce-5c59-8953-c41ffc6cfb60,Sari Prasetyo,+6287721532295,sari.prasetyo.@mail.id,6,F,Bogor,MBR-28082,SILVER,2026-08-18,BR-05,ACTIVE,2025-09-29T18:48:35+07:00
7e73082e-341b-508f-86c3-dd8f47b877cf,Eka Wulandari,+6286996159867,eka.wulandari885@customer.test,5,U,Gunungkidul,MBR-43965,BRONZE,2025-08-25,BR-13,ACTIVE,2025-12-08T02:38:46+07:00
753dabcc-af2f-54fa-9add-2234e057bf99,Ayu Santoso,0838-5891-1044,ayu.santoso.@customer.test,10,U,Gunungkidul,MBR-94194,SILVER,2026-09-13,BR-08,ACTIVE,2025-11-25T10:27:33+07:00
108a3837-2643-5439-8c5d-2ec29e10603e,Dian Wijaya,088540044398,dian.wijaya.887@mail.id,9,F,Jember,MBR-13584,PLATINUM,2025-09-06,BR-03,INACTIVE,2025-07-03T01:16:28+07:00
7b45ba79-d8b5-5dd0-987f-0cd6cea4ddcb,Lina Prasetyo,088346940751, lina.prasetyo.888@customer.test ,4,F,Cirebon,MBR-85753,PLATINUM,2025-12-25,BR-13,ACTIVE,2026-08-28T22:41:44+07:00
dfbf1af4-e245-5f99-99b7-e5efd1b7cabf,Made Prasetyo,0825-4880-5714,made.prasetyo.@customer.test,11,F,Semarang,MBR-96453,BRONZE,2025-08-04,BR-20,ACTIVE,2026-02-20T01:29:38+07:00
1c42e1f8-e8c3-5e3c-8c86-798a607c3319,Lina Hidayat,, lina.hidayat.890@inbox.id ,8,M,Sleman,MBR-52551,GOLD,2026-04-17,BR-09,ACTIVE,2025-10-06T17:10:38+07:00
152293ed-cc74-5bb5-a4ee-41a0f60f2d2a,Citra Permata,089197508500,citra.permata@customer.test,8,F,Solo,MBR-32003,BRONZE,2025-10-21,BR-05,INACTIVE,2025-07-11T05:34:20+07:00
c162e0d6-200f-5917-a7a6-ac5e69dc22ed,Yuni Hidayat,,yuni.hidayat@example.id,1,M,Semarang,MBR-38847,PLATINUM,2026-06-20,BR-05,ACTIVE,2026-03-12T03:17:23+07:00
5bce769f-6922-5340-9f62-ab91313cb3e0,Indra Utami,+62875 1799 2749,indra.utami893@mail.id,7,U,Bandung,MBR-49312,BRONZE,2026-07-17,BR-18,ACTIVE,2025-07-06T01:00:06+07:00
5c373cb6-8d18-5d1e-81d9-e9387a5e7f4d,Fitri Wijaya,+6281663132857,fitri.wijaya@example.id,2,F,Solo,MBR-13132,,2026-04-02,BR-19,ACTIVE,2026-01-29T02:48:06+07:00
daa53d0b-6048-53e7-bf41-66a3f71d8adf,Tari Putra,+62808-7466-1707,tari.putra.895@mail.id,9,M,Cirebon,MBR-69070,SILVER,2026-04-14,BR-13,ACTIVE,2025-12-07T05:46:12+07:00
98696c80-c2a3-5ac9-8ea3-081e8979dcff,Lina Setiawan,+6282260524953,lina.setiawan.@mail.id,8,U,Depok,MBR-49453,BRONZE,2026-03-09,BR-07,ACTIVE,2025-12-05T09:24:02+07:00
de18e5ba-4eb9-52ec-833e-2732447d526e,Raka Kusuma,0819-2944-3328,raka.kusuma@example.id,5,U,Sleman,MBR-83538,,2025-04-12,BR-10,ACTIVE,2025-11-17T16:32:36+07:00
a7ce01f8-293e-5069-b9a9-edfd9eb04e08,Dewi Utami,+6288507260644,dewi.utami.898@example.id,5,F,Klaten,MBR-63845,GOLD,2026-04-27,BR-17,ACTIVE,2026-01-29T03:11:12+07:00
120c7a53-6242-57cf-b480-207a3a18be09,Citra Hidayat,0875 9567 3909,citra.hidayat899@inbox.id,7,M,Yogyakarta,MBR-78709,PLATINUM,2025-12-14,BR-02,ACTIVE,2025-06-30T11:52:14+07:00
54329c6c-a3bd-5ae6-9007-68be9ad849bd,Yuni Adinata,+62801 0837 4280,yuni.adinata.900@mail.id,5,F,Cirebon,MBR-97020,BRONZE,2025-11-27,BR-10,ACTIVE,2026-04-20T21:09:18+07:00
d7d8fd2e-9da2-542b-8e39-a5588fe71d42,Lina Anggraini,081257975657, lina.anggraini.@inbox.id ,3,M,Surabaya,MBR-31781,,2026-08-02,BR-08,ACTIVE,2026-06-12T01:27:26+07:00
59eb8abf-d712-5b03-ace6-e576d86bb20b,Lina Putri,080738074982,lina.putri.@customer.test,4,U,Bekasi,MBR-41329,,2025-08-04,BR-08,ACTIVE,2025-07-14T02:52:33+07:00
f6f3d463-9920-506f-a5de-d52958e2bd94,Budi Permata,+62855-2849-3180,budi.permata.@inbox.id,2,F,Malang,MBR-47939,BRONZE,2026-08-21,BR-14,INACTIVE,2026-05-19T19:45:10+07:00
ae05f91e-412f-57c5-9295-0e80746d8588,Intan Setiawan,+6283519023102, intan.setiawan904@mail.id ,11,F,Yogyakarta,MBR-54905,,2026-08-18,BR-16,ACTIVE,2026-03-17T14:14:21+07:00
c0bfe6c4-a92c-5949-bde8-ca6fae9e7b79,Hana Wulandari,+6287145714819,hana.wulandari@example.id,1,F,Sleman,MBR-23285,SILVER,2025-09-10,BR-03,ACTIVE,2026-04-25T23:33:33+07:00
c3201c7f-e89d-5536-bebe-d7088021b46f,Fitri Kusuma,081504267564,,9,M,Purworejo,MBR-26043,PLATINUM,2026-02-05,BR-15,INACTIVE,2025-04-05T11:28:55+07:00
0666cc0a-76af-503e-9653-2252f4d8e92f,Wahyu Putri,089644304558,wahyu.putri.@example.id,12,M,Gunungkidul,MBR-63341,GOLD,2025-12-06,BR-20,ACTIVE,2026-03-21T02:49:40+07:00
3c26612e-dae9-590f-9ade-212a42a551c8,Nadia Anggraini,+6287677190034,nadia.anggraini.908@mail.id,11,U,Gunungkidul,MBR-73063,BRONZE,2025-05-20,BR-20,ACTIVE,2025-06-16T14:23:06+07:00
5acc93db-4f7e-5f8b-a50e-aefa6ecb242d,Indra Santoso,+6285091839830, indra.santoso909@inbox.id ,12,F,Kediri,,SILVER,2025-07-27,BR-07,ACTIVE,2025-05-03T07:56:25+07:00
21084c56-6ff8-5831-b982-41fc0e5a3259,Dewi Setiawan,0841-9563-1847,,6,U,Bekasi,MBR-42472,BRONZE,2026-09-21,BR-05,ACTIVE,2025-09-06T15:11:15+07:00
1aee26df-c764-50a7-8b8a-aadbf6bfef52,Intan Setiawan,+62894 7787 3106,intan.setiawan911@customer.test,6,F,Magelang,MBR-28190,GOLD,2025-10-11,BR-15,CLOSED,2025-06-08T16:08:31+07:00
031ae898-0e5d-503d-8c7c-784dc521600b,Citra Darmawan,+62886 7878 0779,citra.darmawan.@example.id,5,F,Madiun,MBR-69519,GOLD,2026-08-11,BR-16,ACTIVE,2026-01-23T02:27:36+07:00
5af31662-2f79-57a8-b57c-ccfa0da3b8be,Wahyu Darmawan,0831-8432-8313,wahyu.darmawan.913@inbox.id,2,F,Semarang,MBR-83223,BRONZE,2025-09-03,BR-17,ACTIVE,2025-09-28T03:03:02+07:00
ee058dbc-2f14-505b-8777-ababd968f95c,Dian Permata,+62828 9732 3519,dian.permata@example.id,6,U,Bekasi,MBR-26232,PLATINUM,2025-05-16,BR-16,ACTIVE,2025-12-26T10:12:45+07:00
48e23373-08a3-5320-bdd2-61ab6cf51b9e,Adi Adinata,,adi.adinata.915@example.id,7,F,Madiun,MBR-49501,GOLD,2025-08-13,BR-02,ACTIVE,2025-12-03T21:09:29+07:00
bfdff11b-6337-514f-b537-66f988db7c92,Tari Santoso,087793528284,tari.santoso@customer.test,8,M,Sleman,MBR-49386,GOLD,2025-11-04,BR-10,ACTIVE,2025-12-23T08:47:50+07:00
3944f7b2-7502-5e7b-ac0f-8bcfda2ff247,Made Hidayat,089129688791,made.hidayat.917@customer.test,9,U,Malang,MBR-71586,,2025-09-05,BR-04,ACTIVE,2026-09-20T02:02:03+07:00
c16acdbc-1090-5d88-a8db-f3bf24c4af77,Fitri Setiawan,+6280808044324,fitri.setiawan@inbox.id,6,F,Depok,MBR-62361,SILVER,2025-10-31,BR-03,ACTIVE,2025-08-06T13:22:21+07:00
b9e965ad-adaa-5072-9863-e9e0926de7da,Fitri Adinata,0815-1423-4402,fitri.adinata.919@customer.test,8,F,Bandung,MBR-71111,,2025-10-08,BR-04,ACTIVE,2025-04-24T01:30:06+07:00
b8bf41ce-7209-5a9f-b177-44c067f70a66,Intan Wijaya,,,8,M,Madiun,MBR-28096,,2025-06-06,BR-13,ACTIVE,2025-07-24T23:51:12+07:00
a30a611c-9bf8-5036-bf86-0fd77e74ea90,Adi Utami,+62827-6570-0832,adi.utami@customer.test,9,M,Purworejo,MBR-79628,BRONZE,2026-04-04,BR-16,ACTIVE,2026-05-28T18:17:48+07:00
83f1e548-365d-5c41-b260-a953ced0f900,Nadia Wijaya,+62807 8802 5319,nadia.wijaya.922@example.id,10,F,Klaten,MBR-14193,GOLD,2026-09-09,BR-04,ACTIVE,2026-08-03T20:44:04+07:00
22aaf031-75e0-5ca6-b238-0ddae7fcf5e7,Indra Adinata,+62848-8055-1547,indra.adinata.@example.id,2,U,Bantul,,GOLD,2025-05-30,BR-05,ACTIVE,2026-03-29T03:47:45+07:00
dde9f420-dea7-57d7-8e98-08d090eac051,Fitri Anggraini,+62898 7127 2813,fitri.anggraini@mail.id,6,M,Bekasi,MBR-70567,BRONZE,2025-08-23,BR-02,ACTIVE,2025-08-06T15:48:35+07:00
4b47551d-f540-5ba5-a66b-af78032e553c,Yuni Putri,0848-9092-2396,yuni.putri@customer.test,2,M,Madiun,MBR-21451,SILVER,2025-09-28,BR-08,INACTIVE,2025-12-05T01:48:51+07:00
c0c593b7-fdd1-58da-aeb3-a81e85a9bb77,Raka Darmawan,+6286160835066,raka.darmawan.926@customer.test,8,F,Cirebon,MBR-21745,SILVER,2025-06-13,BR-03,ACTIVE,2026-07-14T08:27:04+07:00
a3590788-f371-5667-b320-bbf70b34c355,Indra Setiawan,089027640795, indra.setiawan.@inbox.id ,5,M,Magelang,MBR-51281,SILVER,2026-01-31,BR-05,ACTIVE,2026-08-06T00:32:13+07:00
19246861-58b3-5a34-bc3b-364dae347f3d,Dian Mahendra,+6289372548867, dian.mahendra.@inbox.id ,2,U,Gunungkidul,MBR-40748,,2026-04-21,BR-06,ACTIVE,2026-02-10T06:31:01+07:00
3b853a7b-18b9-5863-bd61-aa8635299003,Tari Adinata,+62825 9967 2493,tari.adinata929@customer.test,12,U,Bekasi,MBR-89003,SILVER,2026-01-23,BR-14,ACTIVE,2025-08-10T17:01:41+07:00
04c22c0f-fd45-585e-a3e9-d936a9893148,Agus Mahendra,080377263829,agus.mahendra.930@inbox.id,7,M,Surabaya,,,2026-05-03,BR-18,ACTIVE,2026-01-26T06:29:46+07:00
67737569-a7b1-5f9a-a021-fd3bad4d48d9,Dian Mahendra,+62870 3150 5577,dian.mahendra931@mail.id,3,M,Madiun,MBR-75950,PLATINUM,2025-10-21,BR-13,ACTIVE,2025-05-12T21:20:20+07:00
d6702e37-3c37-52de-8b8f-626c16a56591,Tari Hidayat,+62885 8549 0723,tari.hidayat.932@example.id,7,F,Yogyakarta,,BRONZE,2026-06-07,BR-12,ACTIVE,2025-10-06T05:36:11+07:00
90ad1f47-a7b5-5f13-8f3d-b8632299a5ab,Sari Adinata,+6284599430889, sari.adinata933@mail.id ,5,U,Bogor,MBR-26627,SILVER,2025-11-01,BR-01,ACTIVE,2026-08-08T04:57:27+07:00
6dc835b3-99fb-550d-9c14-9afdece62b7e,Lina Anggraini,+6284019019128,lina.anggraini934@example.id,9,M,Bantul,,BRONZE,2025-05-20,BR-07,ACTIVE,2026-03-20T16:12:28+07:00
9403fb4f-de2f-5c4c-8616-6fa470ced02f,Nadia Putri,084580959191,nadia.putri.@example.id,10,U,Bandung,,,2026-08-10,BR-15,ACTIVE,2026-05-15T08:56:04+07:00
84d9a64e-0c1b-53c8-a240-a9be8e59a4d6,Fitri Utami,089700254883,fitri.utami936@mail.id,11,M,Bandung,MBR-97407,PLATINUM,2026-02-13,BR-19,ACTIVE,2026-04-13T14:37:39+07:00
b622bbe5-82fb-5e0c-b36b-49f1506a1454,Sari Wulandari,,sari.wulandari.937@example.id,1,U,Surabaya,MBR-65814,SILVER,2025-08-10,BR-12,ACTIVE,2025-07-18T19:01:51+07:00
6cc352a7-72fa-52a4-81b1-468ee0301c65,Eka Santoso,+6288200219816,eka.santoso938@mail.id,4,U,Kulon Progo,MBR-13267,PLATINUM,2025-11-03,BR-03,CLOSED,2025-11-11T12:48:22+07:00
3cb9df8b-6f93-5235-96c3-ae04d661e9ee,Yuni Prasetyo,,yuni.prasetyo.939@example.id,3,U,Yogyakarta,MBR-18106,SILVER,2025-11-28,BR-02,INACTIVE,2025-10-09T02:27:01+07:00
ce6c1b52-cdee-5d37-ac57-63892a46b951,Hana Wijaya,080135177879,hana.wijaya.940@customer.test,5,M,Yogyakarta,,GOLD,2025-06-19,BR-12,ACTIVE,2026-01-16T23:15:28+07:00
0ca4bc3a-2238-5191-b09f-a5f396ac7255,Agus Putra,+62811-5511-8251,agus.putra941@inbox.id,3,F,Bekasi,MBR-69683,BRONZE,2025-09-28,BR-17,ACTIVE,2026-08-16T04:02:26+07:00
eaba3859-7004-5699-ada8-590deb29c381,Indra Wulandari,+6285596183200,indra.wulandari.942@mail.id,11,M,Malang,MBR-95804,SILVER,2026-06-03,BR-17,ACTIVE,2025-11-24T22:19:49+07:00
13bf4ca8-4dde-53a1-82a5-f6d1731bfa2d,Ayu Anggraini,+62863-4338-0938,ayu.anggraini.943@example.id,4,F,Cirebon,MBR-18232,PLATINUM,2025-07-05,BR-09,ACTIVE,2025-12-07T19:36:36+07:00
bfa2d06a-6891-5c52-9309-60e6abe421bd,Intan Wulandari,0814 3953 4162, intan.wulandari944@mail.id ,3,F,Jember,MBR-23882,BRONZE,2025-07-24,BR-16,ACTIVE,2026-07-09T14:34:26+07:00
f1fa9a2b-97b2-5d03-aeae-edb25f5c89cc,Wahyu Setiawan,+62850 1193 9556, wahyu.setiawan.@customer.test ,5,F,Magelang,MBR-30972,PLATINUM,2025-07-11,BR-06,ACTIVE,2026-08-20T13:39:26+07:00
85f90ca8-8f17-5887-94b9-6363555f992a,Raka Hidayat,+62845 4581 2932, raka.hidayat.@mail.id ,9,U,Sleman,MBR-49073,GOLD,2026-02-16,BR-10,ACTIVE,2026-01-11T19:42:30+07:00
44edd002-a4bb-5c43-910c-7a1707f8ab60,Agus Mahendra,089003638252,agus.mahendra.947@inbox.id,5,F,Yogyakarta,MBR-55381,BRONZE,2026-06-04,BR-18,ACTIVE,2025-10-03T13:13:14+07:00
2ff91d42-aebb-51b7-b3bb-fbef1fe40612,Budi Putri,080007159909, budi.putri948@example.id ,1,F,Purworejo,,BRONZE,2025-09-05,BR-01,ACTIVE,2025-12-28T09:46:31+07:00
97110ae6-5882-5f47-aa3a-a9b46c7d4611,Yuni Hidayat,+6280675010013,,6,U,Depok,MBR-91912,BRONZE,2025-05-05,BR-12,ACTIVE,2025-11-08T22:31:19+07:00
27f24572-eadc-5446-a05d-411c7ea9089f,Raka Adinata,+62840-2498-5738,raka.adinata@example.id,3,U,Sleman,MBR-12010,BRONZE,2026-06-27,BR-07,ACTIVE,2026-04-15T17:30:30+07:00
e8d529e9-931a-5625-9280-7e349389b15c,Ayu Prasetyo,0855-6775-3904,ayu.prasetyo951@customer.test,3,M,Yogyakarta,MBR-40659,GOLD,2025-11-21,BR-07,ACTIVE,2025-04-17T19:26:13+07:00
48a91e2e-6949-503c-bed3-cdd75cf34922,Budi Putra,+6287627061748, budi.putra952@inbox.id ,6,M,Semarang,MBR-25658,BRONZE,2025-04-16,BR-09,ACTIVE,2026-09-26T02:38:22+07:00
bfb1f90e-8e83-5b2d-a3d8-4d5f4d5b40a3,Nadia Mahendra,+62819-7473-6200, nadia.mahendra@example.id ,10,F,Bekasi,MBR-72235,GOLD,2026-05-26,BR-16,ACTIVE,2026-02-06T16:43:16+07:00
297f473e-8721-5632-83d2-52bed124ad23,Intan Adinata,+6287700326438,,11,F,Bantul,MBR-64565,SILVER,2025-10-19,BR-09,ACTIVE,2026-05-16T09:12:45+07:00
c4163874-8e79-5a85-bbd2-c0f498eccac1,Lina Utami,+6285000753212,lina.utami@mail.id,9,U,Magelang,MBR-84642,,2026-09-14,BR-20,ACTIVE,2026-03-22T22:47:27+07:00
30a7df91-c63b-59e3-977b-f6fbec7c9002,Indra Wulandari,0861-0792-3650,indra.wulandari.@customer.test,12,M,Surabaya,,,2025-06-20,BR-19,CLOSED,2026-04-13T13:33:10+07:00
6f148e52-55cc-5049-ad2c-5f2ff5ff89c8,Nadia Permata,085992856533, nadia.permata957@example.id ,12,F,Madiun,MBR-44944,PLATINUM,2026-04-30,BR-02,ACTIVE,2026-02-28T19:19:40+07:00
078f7a89-5d97-5144-9bbd-5007123032a1,Tari Santoso,,,1,F,Malang,MBR-69340,SILVER,2026-07-17,BR-11,ACTIVE,2026-06-11T15:56:00+07:00
faf4cf34-e05a-5840-95ab-4d26a7bd102b,Dian Prasetyo,+62864 1580 1807,dian.prasetyo@inbox.id,10,F,Purworejo,MBR-75299,PLATINUM,2025-10-04,BR-10,INACTIVE,2026-02-19T05:56:29+07:00
b89368b6-973c-55e0-8a84-08031a76c9ce,Raka Putri,0871 5755 8530,raka.putri.@customer.test,3,U,Jember,MBR-34432,GOLD,2025-05-11,BR-16,ACTIVE,2026-09-20T02:57:27+07:00
a58cc2cc-8f05-5df5-8a99-95621f5fa779,Tari Permata,+6282724334779, tari.permata@customer.test ,2,M,Depok,MBR-17322,BRONZE,2026-04-20,BR-10,ACTIVE,2025-12-19T07:20:23+07:00
712ce885-1957-5bb7-8745-e7d2ddc37e2a,Dian Putri,+6287526823201,,9,F,Purworejo,,,2026-05-14,BR-18,ACTIVE,2026-07-06T23:07:39+07:00
16737647-06f3-5e2c-b84d-fc997a2e5b1c,Eka Adinata,,eka.adinata@example.id,8,F,Solo,,BRONZE,2025-05-11,BR-05,ACTIVE,2025-06-19T13:12:32+07:00
6a2af91c-c732-52b4-9730-19f855fc5f88,Eka Adinata,0879-2955-1592,eka.adinata964@customer.test,2,F,Magelang,MBR-14845,,2025-04-14,BR-04,ACTIVE,2025-11-14T13:21:14+07:00
618df9fe-6976-51b9-8a1f-575a7832aac4,Yuni Prasetyo,+6287557151430,yuni.prasetyo.@example.id,9,M,Malang,MBR-74743,,2026-09-03,BR-04,ACTIVE,2026-04-06T19:29:14+07:00
2037e7d5-1e95-5cc9-b0f5-f2cf8600eed0,Budi Permata,+6285632799487, budi.permata.@example.id ,10,M,Jember,MBR-46354,GOLD,2025-04-25,BR-16,ACTIVE,2025-06-21T16:06:02+07:00
a3d10b70-90ca-5148-a297-139720d527ea,Sari Santoso,+62851-0178-2649,sari.santoso@customer.test,6,F,Jember,MBR-17806,SILVER,2026-07-18,BR-08,ACTIVE,2025-10-22T13:54:14+07:00
b3870835-fb22-526c-b14c-276ba24893af,Budi Putri,+6284401849122,budi.putri968@mail.id,1,M,Bantul,MBR-65955,,2026-02-04,BR-14,ACTIVE,2026-03-10T21:43:02+07:00
28d20a18-ef4d-5eb3-87d2-afe231bae8be,Nadia Anggraini,0894-3370-0921,nadia.anggraini@mail.id,11,F,Jember,MBR-25057,PLATINUM,2025-12-03,BR-04,ACTIVE,2025-08-02T07:34:12+07:00
fe58002d-645f-5ad8-863a-b3bfe57b8115,Budi Kusuma,0837 3672 5784,budi.kusuma.@example.id,12,M,Bandung,MBR-47842,,2025-10-18,BR-03,ACTIVE,2025-10-13T01:22:18+07:00
235262f7-5742-5f8d-883f-22ccd42e301d,Lina Putri,088404683730,,12,F,Bantul,MBR-16600,,2026-07-15,BR-17,ACTIVE,2026-08-18T01:02:52+07:00
75f0e3cb-7631-52cd-849f-fa6afe6f9e3e,Raka Wulandari,0801 7817 3444,raka.wulandari@customer.test,11,F,Bandung,MBR-50832,BRONZE,2025-09-22,BR-14,ACTIVE,2026-02-18T05:53:47+07:00
bbea7ac3-2946-5003-8229-bb420ba065dd,Made Hidayat,085441103054, made.hidayat.973@inbox.id ,7,F,Cirebon,MBR-53225,GOLD,2026-01-12,BR-05,ACTIVE,2025-06-12T17:16:33+07:00
2dc9349d-3433-5f96-a9ba-1fab5a19ce6d,Ayu Setiawan,+6282590768923, ayu.setiawan.974@customer.test ,8,U,Madiun,MBR-15647,BRONZE,2025-12-22,BR-08,ACTIVE,2025-07-13T05:22:01+07:00
878ed5bf-0854-5895-9d99-728251671e3e,Eka Hidayat,+6283249682987,eka.hidayat.975@inbox.id,12,F,Jember,,BRONZE,2026-04-11,BR-17,ACTIVE,2026-05-30T23:00:43+07:00
fdf83ba3-e4a0-5077-a01d-e37edf1618cc,Dian Santoso,088568358005,dian.santoso976@example.id,12,F,Sleman,,GOLD,2026-02-04,BR-04,ACTIVE,2025-11-17T08:09:20+07:00
19f2e926-51ad-564b-afc6-fb8d4327f8d6,Budi Wulandari,+62836-5753-3941,budi.wulandari@inbox.id,1,U,Semarang,,SILVER,2026-05-27,BR-08,ACTIVE,2026-03-17T00:05:31+07:00
93bfc08d-d9f0-520c-9b6e-8afee55b5c30,Dewi Putra,0892-7745-7814,dewi.putra978@example.id,8,U,Yogyakarta,MBR-18382,PLATINUM,2025-08-25,BR-05,ACTIVE,2025-07-25T00:48:01+07:00
bb3be77f-298a-580b-a3ed-4c7ee44f554a,Fitri Darmawan,0846 7769 2051,fitri.darmawan@mail.id,4,F,Kulon Progo,MBR-68493,GOLD,2025-10-22,BR-05,ACTIVE,2025-06-19T06:20:50+07:00
a1d14e84-c0c0-5bce-9928-327afc75c539,Lina Putra,089118053004,lina.putra980@example.id,4,M,Sleman,MBR-60707,,2025-12-01,BR-11,ACTIVE,2026-05-05T03:04:40+07:00
611ae313-b240-59a2-9c3f-733103ef573e,Adi Utami,0842-0853-5262,adi.utami.@customer.test,2,F,Jember,MBR-38632,,2025-05-02,BR-01,ACTIVE,2025-11-02T22:29:53+07:00
b4c867d8-500a-5d02-a48d-d2cae6f8208a,Ayu Anggraini,,ayu.anggraini982@inbox.id,3,U,Kulon Progo,MBR-29278,SILVER,2025-04-27,BR-05,ACTIVE,2026-05-21T06:53:51+07:00
73d88221-5bf2-53a7-b1c3-7c275b537c68,Dewi Hidayat,0853 3961 4072,dewi.hidayat983@mail.id,9,F,Kediri,MBR-64622,GOLD,2025-10-02,BR-17,ACTIVE,2025-12-02T03:35:13+07:00
9411650f-39c9-5724-9991-bcb338d81a62,Made Anggraini,084249334036, made.anggraini984@customer.test ,5,F,Depok,MBR-70619,PLATINUM,2026-07-26,BR-03,INACTIVE,2025-09-28T00:06:38+07:00
01d06482-8e3a-5d9f-9a0c-766d01789f29,Raka Prasetyo,082313443704,raka.prasetyo985@mail.id,12,F,Semarang,MBR-66631,PLATINUM,2025-11-16,BR-15,ACTIVE,2025-03-31T12:58:10+07:00
b51c4bc7-7357-5698-aa80-a305a095522e,Made Adinata,, made.adinata.@example.id ,8,F,Bogor,MBR-13567,GOLD,2025-08-14,BR-03,ACTIVE,2025-12-15T02:10:14+07:00
8c38c4ac-c447-5c08-9381-254a8b8875fe,Adi Prasetyo,,adi.prasetyo.987@inbox.id,10,F,Gunungkidul,,PLATINUM,2025-11-28,BR-03,ACTIVE,2026-04-22T03:24:13+07:00
f59a48f1-ef7e-5558-b732-01ef4a5f3b72,Indra Anggraini,0822 1757 8150,indra.anggraini988@mail.id,5,U,Kediri,MBR-71287,BRONZE,2026-05-02,BR-18,ACTIVE,2026-02-04T14:47:29+07:00
e40a91a6-a3b6-5d73-b389-4fe4dc15a192,Lina Mahendra,082712204131,lina.mahendra989@mail.id,8,F,Malang,MBR-49324,GOLD,2025-12-02,BR-20,ACTIVE,2025-08-02T03:00:07+07:00
3881f373-ec0d-572d-8180-17d761a62ae4,Indra Putra,084282478980, indra.putra.@customer.test ,1,M,Bandung,MBR-78778,BRONZE,2026-09-04,BR-13,INACTIVE,2026-03-24T14:11:46+07:00
89ab587d-3aef-5c96-941b-f09cd4b80bcc,Eka Hidayat,085237396996,eka.hidayat.@inbox.id,11,F,Madiun,,SILVER,2026-06-01,BR-18,INACTIVE,2025-07-26T02:44:41+07:00
0faa704c-033d-5685-836c-7bf2c2801eb1,Citra Kusuma,088924838335,citra.kusuma.992@mail.id,8,U,Bantul,MBR-99969,BRONZE,2025-09-12,BR-19,ACTIVE,2025-11-09T02:04:13+07:00
596207a8-2069-5e16-8e1a-8d2c74dc5528,Budi Hidayat,081473921897,budi.hidayat993@customer.test,10,F,Bekasi,MBR-44108,PLATINUM,2026-08-31,BR-18,ACTIVE,2026-04-17T09:49:12+07:00
3b68336a-69aa-5b0a-b70d-d3ebcc8c1064,Yuni Utami,088943772672,yuni.utami994@inbox.id,3,F,Kulon Progo,MBR-51666,SILVER,2026-08-28,BR-10,ACTIVE,2025-10-13T10:49:01+07:00
afc650eb-3635-5970-97ca-8ccc24b1a781,Agus Kusuma,+62889 5496 0393, agus.kusuma.995@inbox.id ,8,M,Bantul,MBR-13541,,2025-06-03,BR-20,ACTIVE,2026-06-27T01:35:39+07:00
c0150a72-c3ba-5cc3-a79e-a21797b9f7ad,Adi Wijaya,0887 5558 0500, adi.wijaya.@customer.test ,8,M,Depok,MBR-90073,GOLD,2026-08-23,BR-01,ACTIVE,2025-05-29T18:00:45+07:00
002297fa-e4f1-5b86-9cd3-12969453e275,Raka Darmawan,0815 4013 8202, raka.darmawan.000@example.id ,8,F,Kediri,MBR-12143,SILVER,2025-08-07,BR-12,ACTIVE,2025-11-25T19:23:08+07:00
d3bd7301-c3b7-5c81-9b69-ba81ecd3961b,Sari Hidayat,0899 5500 0507,sari.hidayat.001@customer.test,1,F,Gunungkidul,,GOLD,2026-01-20,BR-05,ACTIVE,2025-07-25T11:17:38+07:00
eaf06d5e-1b13-5e4b-b41b-ebef696d4a4d,Sari Utami,0842-1213-2558,sari.utami@inbox.id,1,F,Gunungkidul,MBR-15407,PLATINUM,2026-09-17,BR-16,ACTIVE,2026-04-03T15:10:19+07:00
922ef39e-7def-5e9e-89e8-0c4814ac26b6,Yuni Prasetyo,+62888-1618-3324,yuni.prasetyo.003@example.id,7,U,Magelang,MBR-73357,SILVER,2026-08-26,BR-01,ACTIVE,2025-04-12T19:54:08+07:00
7cb1a0ea-dedd-58e8-bb3f-8dae44342a7c,Budi Santoso,+62851-2500-6977, budi.santoso@mail.id ,10,U,Purworejo,MBR-70266,PLATINUM,2025-06-18,BR-01,ACTIVE,2026-07-11T09:21:24+07:00
2153d66f-a832-5d36-a328-81df182e6822,Eka Prasetyo,0823 2220 7907,eka.prasetyo005@inbox.id,12,U,Cirebon,MBR-99949,GOLD,2026-06-03,BR-13,INACTIVE,2025-04-06T13:49:25+07:00
4be1680e-cb50-5446-868a-533bffa26bc6,Ayu Setiawan,+6283904300404,ayu.setiawan.006@customer.test,11,M,Purworejo,MBR-74082,SILVER,2025-12-09,BR-03,ACTIVE,2026-01-28T07:32:45+07:00
f6ca94e6-a834-5d8f-a692-2a47ba07af55,Lia Santoso,087105961546,lia.santoso007@customer.test,7,M,Sleman,MBR-92818,,2026-03-13,BR-05,ACTIVE,2026-01-05T04:21:07+07:00
0f1dc4cf-059b-58dd-a4f9-c4e5ff539419,Yuni Permata,+62837 0011 8686,,11,M,Kediri,MBR-28036,PLATINUM,2025-12-28,BR-14,ACTIVE,2026-02-11T15:37:49+07:00
c902719e-beed-576c-982a-905ded5aea4b,Dina Kusuma,+6288424269977, dina.kusuma009@mail.id ,4,U,Kediri,,SILVER,2026-04-19,BR-02,ACTIVE,2026-08-02T10:28:20+07:00
6ce2151a-53c6-533a-b6e1-67950ab49f95,Fitri Utmai,0875-2752-9762,fitri.utmai010@example.id,7,F,Depok,MBR-49551,SILVER,2026-07-09,BR-20,ACTIVE,2026-05-01T03:23:16+07:00
de716c11-2624-537f-869b-3f97f5e59926,Nadia Perata,085874677223,nadia.perata011@inbox.id,5,F,Jember,MBR-45543,BRONZE,2026-06-11,BR-05,INACTIVE,2025-12-11T13:48:22+07:00
75f0d87a-7480-5134-8dec-959292ec21ca,Lina Putri,087426379969,lina.putri012@inbox.id,9,F,Yogyakarta,,,2026-04-30,BR-11,ACTIVE,2026-02-16T14:28:45+07:00
74d29e38-49a5-5456-80e5-7247a0929e24,Nadia Prasetyo,0840-2791-0512,nadia.prasetyo013@customer.test,9,F,Jember,MBR-99748,BRONZE,2025-04-02,BR-17,ACTIVE,2025-06-25T15:34:39+07:00
8a4e2841-c940-519f-900f-8444270e1ba3,Lina Utami,0822 4055 3534,lina.utami014@example.id,2,U,Klaten,MBR-59236,BRONZE,2025-04-21,BR-02,ACTIVE,2025-07-03T13:17:40+07:00
097809fc-30e5-5a32-949a-4749aedf498f,Eka Darmawan,+6282509196501,eka.darmawan.015@inbox.id,6,M,Malang,MBR-23346,GOLD,2026-08-14,BR-18,ACTIVE,2025-11-13T15:17:24+07:00
31a6753c-6766-59d1-90d0-f6254f4b4d9e,Dwei Prasetyo,+6288247453765, dwei.prasetyo.016@customer.test ,6,F,Cirebon,MBR-72152,,2025-09-07,BR-11,ACTIVE,2026-04-10T03:28:19+07:00
77a1f300-4dd1-58a7-8d1d-9f954a03c437,Sari Santoso,0869 8260 7958,sari.santoso017@mail.id,4,U,Bekasi,MBR-31184,PLATINUM,2025-10-28,BR-09,ACTIVE,2026-06-12T05:12:10+07:00
7ba4ac33-49cc-55de-8ed0-9edbab6c4ae0,Lina Wijaya,0891 6267 7919,lina.wijaya018@example.id,8,M,Jember,MBR-91601,,2025-05-01,BR-04,ACTIVE,2026-06-13T08:48:05+07:00
443b9895-6fbf-590d-bd79-b774dc074f2b,Ayu Hidayat,+62808-9187-5472,,1,F,Bantul,,,2026-05-03,BR-04,ACTIVE,2025-09-28T14:06:50+07:00
8f423907-a69a-56c1-aa1b-4446319e3c35,Indra Mahendra,+62853 7983 6753,indra.mahendra020@mail.id,10,U,Cirebon,MBR-56629,SILVER,2026-04-11,BR-11,CLOSED,2025-10-09T04:09:28+07:00
838f6c79-7b7a-53f2-bcbf-d6a65b7f26bd,Fitri Prasetyo,+6281777919326,fitri.prasetyo021@mail.id,3,U,Bandung,MBR-51880,PLATINUM,2026-01-23,BR-08,INACTIVE,2025-10-29T18:34:25+07:00
ec5ed7d0-bc87-5fff-8f9d-ff6db68b4449,Adi Maehndra,+62814 5589 6268,adi.maehndra.022@customer.test,8,F,Solo,MBR-39197,PLATINUM,2026-05-20,BR-10,ACTIVE,2025-04-07T01:40:42+07:00
d03dcb41-7598-585a-b3c6-cc94efefd420,Aus Adinata,+6289497534553,aus.adinata.023@customer.test,6,F,Sleman,MBR-83745,,2025-05-31,BR-13,CLOSED,2026-05-07T04:49:22+07:00
165c7468-909f-5fb4-91c9-fec053023b7b,Tari Kusuma,+6288686168458,tari.kusuma.024@mail.id,3,U,Purworejo,MBR-25822,GOLD,2025-12-12,BR-13,INACTIVE,2026-05-20T08:19:57+07:00
62baee07-527f-50b8-a3d2-a3d1598a6778,Dwei Putra,080996207217,dwei.putra025@customer.test,1,F,Bantul,MBR-20058,,2025-06-29,BR-07,ACTIVE,2026-01-25T16:16:01+07:00
942e9329-8f5a-56e1-b745-b6fc9d954386,Raa Putra,+62890-3984-9269,raa.putra.026@inbox.id,2,F,Sleman,MBR-57338,,2026-01-24,BR-14,ACTIVE,2026-03-07T09:40:25+07:00
5738b3e4-d457-52ae-a72f-64f4b7569cff,Rka Mahendra,081058796800,,7,F,Magelang,MBR-92666,,2025-08-18,BR-07,ACTIVE,2026-05-07T08:48:06+07:00
a997715e-bc53-5794-8ea8-91798cbecfc3,Budi Putra,0876 2706 1748,,6,M,Semarang,MBR-25658,BRONZE,2025-04-16,BR-09,ACTIVE,2026-09-26T02:38:22+07:00
06c510fa-5582-58a6-9c6e-e116129a3d5b,Inda Putri,+6289929686172,inda.putri029@example.id,8,M,Depok,MBR-47834,SILVER,2026-03-04,BR-12,ACTIVE,2025-06-13T00:28:48+07:00
5f4f6525-4483-589b-9364-fefd8d4f581e,Adi Setaiwan,+62817 3324 0165,adi.setaiwan030@example.id,4,U,Bantul,MBR-21882,SILVER,2026-03-11,BR-08,INACTIVE,2025-10-17T11:16:26+07:00
ca98fdd1-a0ce-5d04-b815-9621c06fd247,Fitri Anggraini,0870-9834-5469,fitri.anggraini.031@inbox.id,4,U,Purworejo,MBR-12247,SILVER,2025-11-15,BR-16,ACTIVE,2025-05-10T10:46:07+07:00
0b47d9f9-6418-54e3-80f1-02e7940defed,Fitri Utami,+62897-1223-5471, fitri.utami.032@mail.id ,4,U,Gunungkidul,MBR-51505,SILVER,2025-08-19,BR-02,ACTIVE,2025-06-28T11:53:00+07:00
95f6bd99-f4ea-565f-b6c6-b82ffc0186ca,Deiw Anggraini,+6288002489964,deiw.anggraini033@example.id,7,U,Bantul,,,2025-04-03,BR-09,ACTIVE,2025-12-15T09:56:22+07:00
cdfc9f30-6a21-551c-ae91-625a9c398f73,Wahuy Utami,+62879 2445 6887,wahuy.utami034@example.id,11,U,Magelang,,BRONZE,2026-04-09,BR-09,ACTIVE,2026-06-13T01:56:14+07:00
b27e6847-b606-5122-801f-e88897b715c1,Adi Permata,088045079208,adi.permata.035@mail.id,1,U,Bogor,,PLATINUM,2025-06-20,BR-09,ACTIVE,2025-12-15T22:19:09+07:00
29846a8c-ff15-5aa0-a70d-ae58b5e00c83,Nadia Anggraini,0843-3988-1988,nadia.anggraini.036@example.id,6,F,Sleman,MBR-11513,GOLD,2026-05-21,BR-06,ACTIVE,2026-09-13T20:20:16+07:00
ddf374eb-e4b1-58d5-9d81-0ac506bdea2d,Raak Prasetyo,+6288584419277,,4,F,Solo,MBR-50126,SILVER,2026-06-05,BR-11,ACTIVE,2025-12-25T20:23:17+07:00
6f20a36a-7f28-5cad-b745-587996d0f759,Ayu Purta,0895 0030 6963,ayu.purta038@inbox.id,11,F,Depok,MBR-82498,BRONZE,2026-07-05,BR-04,ACTIVE,2026-03-18T19:13:56+07:00
57231154-b306-596a-84ee-17c9354ca0d9,Cita Permata,+6284903751433,cita.permata039@customer.test,1,U,Depok,MBR-42550,SILVER,2026-05-03,BR-16,ACTIVE,2026-03-16T06:41:18+07:00
f6c398b7-34d6-55cb-9655-934bd03a0f31,Agsu Utami,,agsu.utami.040@mail.id,8,F,Malang,MBR-36357,GOLD,2025-06-12,BR-02,ACTIVE,2025-10-17T12:00:08+07:00
f399a0de-8111-5f6e-b6a5-e405df43abd8,Budi Kuuma,+62875 0861 7673, budi.kuuma.041@mail.id ,9,M,Jember,MBR-13512,,2026-02-10,BR-01,ACTIVE,2025-10-19T03:12:50+07:00
e139eaf8-3489-5cbd-9c4e-2684167d1177,Dan Putra,+62870 4086 1789,dan.putra.042@customer.test,3,U,Solo,MBR-98127,,2026-05-26,BR-08,ACTIVE,2026-08-14T23:26:34+07:00
797385a4-2589-5f28-a42f-5ee6e56d347d,Budi Putri,0825-1733-1667, budi.putri043@example.id ,12,U,Sleman,MBR-32900,BRONZE,2026-06-02,BR-17,CLOSED,2025-10-15T15:01:13+07:00
f9b51eac-64ae-5641-a078-c3855f539eb1,Fitri Hidayat,+62864 2301 8125,fitri.hidayat044@inbox.id,7,M,Bantul,,PLATINUM,2026-04-10,BR-01,ACTIVE,2026-04-01T00:13:22+07:00
635eb08b-dfd1-5133-bb4f-c6bdd7e1ae7a,Intan Permata,+6284075617775, intan.permata045@inbox.id ,8,F,Magelang,,SILVER,2025-05-31,BR-16,ACTIVE,2025-06-22T02:25:43+07:00
ae1f59c1-2c4f-5d45-a6d0-ebc4acce49da,Fitri Putri,+6280931912504,fitri.putri.046@inbox.id,6,M,Yogyakarta,MBR-52106,SILVER,2025-05-22,BR-08,ACTIVE,2025-10-10T01:43:11+07:00
db793565-6810-5340-8336-9c72035948b5,Citra Mahendra,+6287815316499,citra.mahendra.047@mail.id,10,U,Purworejo,,GOLD,2025-10-13,BR-07,INACTIVE,2026-06-06T10:33:36+07:00
0336541e-1bb7-5564-9e90-a5dfe78d51b8,Nadia Anggraini,+6289433700921,nadia.anggraini.048@inbox.id,11,F,Jember,MBR-25057,PLATINUM,2025-12-03,BR-04,ACTIVE,2025-08-02T07:34:12+07:00
6dcd6286-b3c8-5abf-a738-9003a44f7d10,Citra Prasetyo,+62872 4831 6653,citra.prasetyo.049@inbox.id,4,F,Jember,MBR-12943,BRONZE,2026-04-23,BR-11,ACTIVE,2025-08-08T13:51:34+07:00
b7a479ca-227a-568b-93ec-aba9751ebc1c,Ayu Santoso,0804 9545 3608,ayu.santoso050@customer.test,2,U,Madiun,MBR-55152,BRONZE,2026-03-13,BR-09,ACTIVE,2025-07-29T20:04:46+07:00
9171ec1b-1380-59ed-8e7e-7fc7c5f44456,Yui Wijaya,+6280893692430,yui.wijaya.051@customer.test,1,M,Purworejo,MBR-11427,GOLD,2025-05-24,BR-04,ACTIVE,2026-04-21T11:29:31+07:00
1edaedc4-bcd6-53d8-a885-b03c3b377e16,Citar Anggraini,+6286055443798,citar.anggraini.052@inbox.id,12,U,Jember,MBR-10467,SILVER,2025-03-31,BR-16,ACTIVE,2025-09-11T08:48:00+07:00
62b6bdec-bdf1-5d09-b6ff-c9c51de6a3d5,Tari Prasetyo,082225932844,tari.prasetyo053@inbox.id,9,F,Surabaya,MBR-61080,BRONZE,2025-10-23,BR-15,ACTIVE,2026-04-21T20:20:54+07:00
adff0bb2-4565-54a1-a727-11293a74a5ea,Raka Permata,086009700372, raka.permata.054@mail.id ,4,M,Magelang,MBR-42910,BRONZE,2025-11-17,BR-06,INACTIVE,2025-04-19T22:59:14+07:00
c024eff5-c5e3-5821-8d24-643d1b34cc78,Agus Utami,+62892-0099-0827,agus.utami055@inbox.id,7,U,Bekasi,MBR-68214,PLATINUM,2025-06-29,BR-08,ACTIVE,2026-04-18T07:23:38+07:00
c69bb4cb-a3ea-588d-a284-ef99c96f7c70,Lina Mahendra,0844-9340-9614,lina.mahendra.056@inbox.id,3,F,Malang,MBR-87024,BRONZE,2026-04-23,BR-04,ACTIVE,2026-01-30T03:39:59+07:00
336c06db-04ff-5295-a7ab-e99355752e17,Lina Wulandari,, lina.wulandari057@customer.test ,11,F,Kediri,MBR-23737,PLATINUM,2025-12-06,BR-05,ACTIVE,2026-04-01T18:03:11+07:00
f93c345b-6301-5b3e-b104-e873a8f25d9f,Hana Kusuma,+62811-2243-2063,hana.kusuma.058@mail.id,10,F,Bogor,MBR-40655,,2026-02-04,BR-06,ACTIVE,2025-06-22T05:08:38+07:00
e9b7c8a4-bae0-5731-990d-a2f7eeafc07e,Lina Mhaendra,+62821-5502-7542,lina.mhaendra.059@customer.test,7,F,Surabaya,MBR-28311,,2025-12-15,BR-05,ACTIVE,2025-04-21T13:47:21+07:00
b27a777f-6c26-5a1b-a5c8-da3494fc5601,Adi Hidayat,,adi.hidayat.060@customer.test,3,M,Surabaya,,,2025-12-13,BR-12,ACTIVE,2025-08-16T18:36:08+07:00
724560d7-d734-5464-9b8c-145c93472e05,Yuni Setiawan,082626524563,yuni.setiawan061@example.id,3,U,Cirebon,MBR-79526,,2025-05-03,BR-10,ACTIVE,2025-07-19T08:58:50+07:00
e225f5da-16cc-5378-90d1-ad8b3cef4b00,Raka Wulanadri,086960099025,raka.wulanadri.062@customer.test,6,M,Surabaya,,PLATINUM,2026-08-01,BR-20,INACTIVE,2026-04-21T16:00:31+07:00
a6d9e3a7-c818-573c-b4ed-23bf731b1439,Dewi Santoso,+62819-7779-7270,dewi.santoso063@mail.id,9,M,Gunungkidul,MBR-95573,PLATINUM,2026-04-25,BR-12,ACTIVE,2026-09-18T01:34:28+07:00
0dd181fc-560f-55f8-a68a-57dfd1636e3a,Dian Hiayat,087937166341,dian.hiayat064@customer.test,1,M,Jember,MBR-28557,BRONZE,2026-06-15,BR-17,ACTIVE,2026-03-05T02:45:23+07:00
f9eb240a-9df0-5805-bb32-6fc67c77b748,Mae Kusuma,0800 5836 4367,mae.kusuma065@inbox.id,12,F,Jember,MBR-24592,SILVER,2026-01-03,BR-15,ACTIVE,2025-07-04T19:26:13+07:00
6c85baa9-1958-5339-a86c-efdaee0a8145,Raka Santoso,0811-2789-1884,raka.santoso.066@example.id,2,M,Jember,,PLATINUM,2026-02-14,BR-01,ACTIVE,2026-01-14T04:02:34+07:00
5e38c9be-27bf-5adf-a838-ad2d0d442b40,Dewi Putra,+6282310445868,dewi.putra067@inbox.id,2,M,Bantul,MBR-86799,SILVER,2025-06-21,BR-14,CLOSED,2026-03-15T20:19:05+07:00
e2afee0e-90b6-543a-973e-a724c457b25c,Ayu Adinata,+6286585564807,ayu.adinata.068@mail.id,11,F,Solo,MBR-13336,BRONZE,2025-09-25,BR-19,INACTIVE,2025-10-07T13:43:46+07:00
6470763b-a34c-5805-bfb0-1550c9af6989,Yuni Putra,+62831-8823-9452,yuni.putra.069@inbox.id,2,M,Malang,MBR-59474,SILVER,2025-06-24,BR-16,INACTIVE,2025-05-03T18:12:11+07:00
d1e59b38-0658-53b0-a478-23c107dc2696,Citra Putra,0870 1064 9364, citra.putra.070@example.id ,6,M,Kulon Progo,,PLATINUM,2026-03-28,BR-19,ACTIVE,2026-03-23T16:35:56+07:00
e1f38cd8-d784-5aab-8aaa-d9af466dfb2e,Maed Mahendra,+62807-9026-3233,maed.mahendra.071@inbox.id,3,F,Semarang,MBR-24228,,2026-06-10,BR-16,ACTIVE,2025-11-23T09:12:19+07:00
e8b0ad64-e8ea-5bbe-b7d8-6d481e46a444,Hana Mahendra,083057592674, hana.mahendra.072@customer.test ,3,F,Bekasi,MBR-68055,PLATINUM,2025-11-08,BR-18,ACTIVE,2025-10-23T18:48:41+07:00
ecda021b-2a4a-5ad9-b97b-851a4d13bbe6,Lina Kuuma,081965893323,lina.kuuma073@mail.id,2,F,Klaten,MBR-44811,,2025-08-18,BR-18,ACTIVE,2026-02-26T00:49:31+07:00
38674051-1aaa-56d2-b897-f30626ffe192,Intan Wlandari,+62842 7705 5965,,4,M,Surabaya,MBR-11946,BRONZE,2026-08-13,BR-15,ACTIVE,2026-01-18T23:52:42+07:00
0d4ce393-f932-5c66-961d-2d3ec8494415,Sari Wijaya,0858-2104-7430,sari.wijaya.075@mail.id,3,F,Bekasi,MBR-47786,,2026-07-24,BR-03,ACTIVE,2025-10-23T21:51:49+07:00
cd403f2b-499b-5cc2-8be0-c6d94767c670,Hana Pasetyo,+6282691498868, hana.pasetyo.076@customer.test ,11,M,Bekasi,MBR-58129,GOLD,2025-07-29,BR-18,ACTIVE,2026-06-13T01:27:17+07:00
25794a7c-9146-5dce-8697-c28648903ad3,Fitri Wijaya,+6281663132857,,2,F,Solo,MBR-13132,,2026-04-02,BR-19,ACTIVE,2026-01-29T02:48:06+07:00
8a8619ca-f6f9-5567-9019-bf16f0d5e8c5,Dian Anggraini,+62847 1916 0656,dian.anggraini078@customer.test,2,U,Kediri,MBR-49559,SILVER,2026-07-25,BR-10,ACTIVE,2026-03-06T02:07:03+07:00
5c7500b5-0672-5729-8aad-b3ed9f6c9989,Hna Santoso,+62883 2385 9760,hna.santoso.079@mail.id,3,F,Bantul,MBR-87943,GOLD,2025-11-06,BR-16,ACTIVE,2026-02-21T18:10:17+07:00
2e5ab1f5-3c75-5c76-827f-10388e48dcfa,Eka Wulandari,+62814 2237 0358,eka.wulandari.080@customer.test,1,M,Bogor,MBR-89017,BRONZE,2025-10-06,BR-05,ACTIVE,2025-04-25T11:00:35+07:00
b4efa044-a16a-507a-9907-882c43c05f3d,Hana Darmaan,+62852 3580 2041,hana.darmaan081@mail.id,11,U,Cirebon,,PLATINUM,2026-05-22,BR-01,ACTIVE,2025-09-19T20:34:20+07:00
6822fc63-d41e-5e85-987e-f6bf87df6bad,Hana Permata,0877-1147-8789,hana.permata.082@inbox.id,12,F,Yogyakarta,MBR-26171,PLATINUM,2026-03-21,BR-16,INACTIVE,2025-07-23T00:55:23+07:00
3a813783-320c-524d-b600-84dc129aa6c7,Indra Darmawan,+6288411480068,indra.darmawan083@customer.test,7,M,Sleman,MBR-26017,GOLD,2025-10-14,BR-19,ACTIVE,2025-08-19T22:00:39+07:00
76d40d5f-a351-5b0e-8f13-1fd6821f4c2d,Budi Wluandari,083014891064,budi.wluandari.084@example.id,9,M,Malang,MBR-28295,SILVER,2025-09-04,BR-05,ACTIVE,2025-09-15T07:47:23+07:00
5ef3e16a-349a-5bcb-bb93-675d7d0f7637,Agus Mahendra,+6280377263829, agus.mahendra.085@customer.test ,7,M,Surabaya,,,2026-05-03,BR-18,ACTIVE,2026-01-26T06:29:46+07:00
ab3e696f-0158-5102-929d-63a03b0c3d43,Made Setaiwan,,made.setaiwan086@example.id,3,M,Bogor,MBR-69452,PLATINUM,2026-06-15,BR-20,ACTIVE,2026-01-13T14:01:29+07:00
42d40d9d-fe07-587f-9396-d060771f1c6d,Dian Putra,087530156953,dian.putra.087@mail.id,3,U,Bantul,MBR-25452,,2025-06-05,BR-05,ACTIVE,2025-06-13T17:46:03+07:00
cba21501-be56-518f-9903-d518e2c30454,Intan Adinata,085907104639,intan.adinata088@customer.test,7,U,Depok,MBR-87943,,2025-04-04,BR-05,ACTIVE,2026-07-20T13:03:31+07:00
69e70187-c4ea-593e-ac20-d6dad653987c,Budi Santoso,+62849 3662 2123,budi.santoso.089@customer.test,3,F,Kediri,MBR-70058,BRONZE,2026-05-21,BR-08,ACTIVE,2026-07-03T14:32:10+07:00
c3cd8f40-5f55-5bea-89d8-3ed43ced5f9f,Lina Permata,,,7,M,Kulon Progo,MBR-36744,BRONZE,2025-11-21,BR-03,ACTIVE,2026-08-09T14:18:16+07:00
236942f9-1973-5e01-a193-f0ff1009bbed,Sari Adinata,+6282480984016, sari.adinata091@inbox.id ,3,M,Klaten,MBR-98953,SILVER,2026-04-09,BR-11,ACTIVE,2026-05-17T07:39:42+07:00
b7d9706f-b1f7-562e-9fa3-1109852918a9,Wahyu Putra,,wahyu.putra092@example.id,3,M,Bantul,MBR-40979,BRONZE,2025-04-18,BR-12,ACTIVE,2025-10-25T15:02:56+07:00
6a9bfbcb-79e2-5abe-ab51-bb98f3cc5e48,Adi Hidayat,083997605383,adi.hidayat.093@mail.id,3,M,Surabaya,,,2025-12-13,BR-12,ACTIVE,2025-08-16T18:36:08+07:00
9336b6db-cfc3-57f5-bc75-578059006ad5,Inrda Permata,086472983304,inrda.permata094@customer.test,4,M,Jember,MBR-47586,BRONZE,2025-10-26,BR-19,ACTIVE,2026-06-20T17:12:59+07:00
e7af38c1-c8d8-55d5-96f0-d34519af191f,Intan Santoso,+6283350817943,intan.santoso.095@mail.id,12,F,Sleman,MBR-89123,PLATINUM,2026-05-27,BR-02,ACTIVE,2025-08-09T07:22:17+07:00
732f8161-61e0-5ae0-ad4e-299a83ced110,Ayu Adinata,0871-2358-3567,,12,F,Bandung,,SILVER,2025-07-04,BR-16,ACTIVE,2026-03-30T19:21:03+07:00
d6ab1271-e2d1-5f53-81a9-338147a69072,Yuin Mahendra,+6287143407607,yuin.mahendra097@inbox.id,8,U,Sleman,,PLATINUM,2025-07-20,BR-12,ACTIVE,2026-06-30T08:13:13+07:00
4cbc200c-e066-53d8-9451-343345d571f3,Ayu Santoso,0897-9081-8248,ayu.santoso098@example.id,5,U,Sleman,MBR-88383,SILVER,2026-05-11,BR-10,INACTIVE,2026-01-18T04:07:36+07:00
d55b026e-4907-5e42-8d40-b0c512b2e2b2,Dian Wijaya,0893-2397-9485, dian.wijaya.099@inbox.id ,6,U,Solo,MBR-76932,BRONZE,2026-08-20,BR-04,ACTIVE,2026-03-06T19:25:01+07:00
8421c882-57b2-59ff-8bfb-24f9881dd952,Adi Darmawan,+62816-4663-3242, adi.darmawan100@mail.id ,7,F,Gunungkidul,MBR-12220,BRONZE,2026-07-13,BR-08,INACTIVE,2026-07-23T17:23:48+07:00
0a35e0fb-93b9-5b23-a731-7448768b03e5,Lina Sanotso,+62898-3128-4654, lina.sanotso101@mail.id ,6,U,Kulon Progo,MBR-36222,GOLD,2026-09-21,BR-08,ACTIVE,2026-08-24T02:02:39+07:00
6b9bae20-64c8-56e6-8ff6-7c6fc45f55cc,Yuni Putra,0885 6923 9024,yuni.putra102@inbox.id,9,U,Klaten,,,2026-09-27,BR-20,ACTIVE,2025-12-04T09:27:36+07:00
9f847489-f8fd-5080-9416-e53c7b6dc787,Dewi Adinata,0865 8280 6413,dewi.adinata103@mail.id,3,M,Yogyakarta,MBR-18553,PLATINUM,2025-10-02,BR-17,ACTIVE,2025-07-22T18:10:46+07:00
b091aa0c-5090-531e-bc06-614a6d23da5e,Agus Hidyat,+62878 0342 5013,agus.hidyat104@mail.id,7,F,Depok,MBR-11400,PLATINUM,2026-04-01,BR-03,ACTIVE,2025-10-11T19:07:15+07:00
f85f6601-7953-519b-bcaa-f2c4e6d30b85,Ayu Setiawan,+62895-2737-8577,ayu.setiawan.105@inbox.id,4,U,Magelang,MBR-80821,,2025-07-16,BR-05,ACTIVE,2026-03-27T22:39:06+07:00
168273d8-a93f-519d-9b02-03eac306786b,Inra Putra,+62843 5969 4690,inra.putra.106@mail.id,8,U,Kulon Progo,MBR-96469,,2026-07-17,BR-10,ACTIVE,2026-06-10T12:21:37+07:00
34e71db5-545e-5cb5-a84a-d3a12ad7aae6,Budi Pasetyo,+6284162899571,budi.pasetyo.107@mail.id,10,M,Kulon Progo,,PLATINUM,2026-02-05,BR-18,ACTIVE,2026-04-02T15:12:52+07:00
6345cea7-f105-5ad3-bad7-1d01b4f3fed8,Ayu Wulandari,0861 7964 2244,ayu.wulandari.108@example.id,3,U,Madiun,MBR-49548,,2026-05-28,BR-19,ACTIVE,2026-02-08T23:28:46+07:00
cb9664fc-7a71-5b64-b5cf-3227d960225c,Dewi Prasetyo,088900058522,dewi.prasetyo.109@inbox.id,11,F,Solo,MBR-88191,GOLD,2025-11-08,BR-02,ACTIVE,2025-07-31T12:07:50+07:00
13dbeffa-7c53-5dc0-a23f-21d237002ba9,Indra Sanotso,087223370851,indra.sanotso.110@customer.test,1,F,Jember,MBR-45718,PLATINUM,2025-12-29,BR-12,ACTIVE,2025-11-01T09:38:48+07:00
a3535306-d663-5d1b-a8da-c730249f80b3,Eka Setiawan,+62827-2548-2302,eka.setiawan.111@inbox.id,1,F,Klaten,MBR-91353,PLATINUM,2025-11-08,BR-07,ACTIVE,2025-10-30T11:46:39+07:00
52133bdd-29f7-5132-b59c-a6ce0f7a6011,Yuni Prasetyo,0819-7968-4718,yuni.prasetyo.112@inbox.id,1,F,Surabaya,MBR-84594,BRONZE,2025-11-22,BR-15,ACTIVE,2026-05-30T10:41:25+07:00
984296d9-38b6-5e65-93ae-cb5e2be9bf36,Fitri Anggraini,+6280725664897,fitri.anggraini.113@inbox.id,3,U,Magelang,MBR-43969,,2025-09-29,BR-05,ACTIVE,2025-10-16T19:48:25+07:00
43737456-73e6-59d2-9e8c-d9343044e9d5,Yuni Santoso,082289835939,yuni.santoso.114@customer.test,7,U,Semarang,,,2025-07-10,BR-14,ACTIVE,2026-03-29T14:40:43+07:00
fa8560bc-34fa-53bf-b080-1d53d35f56a7,Tari Santoso,080458348691,tari.santoso.115@mail.id,10,F,Malang,MBR-35606,GOLD,2025-11-18,BR-10,ACTIVE,2026-09-22T17:30:47+07:00
8ad0424d-0d53-5096-9e4a-e4e0a980d84c,Dian Anggraini,+62849 1857 9657,dian.anggraini.116@example.id,12,M,Malang,MBR-31778,PLATINUM,2026-07-29,BR-05,ACTIVE,2026-05-09T07:25:13+07:00
faee3124-0304-52a9-89b1-c77e665b9b08,Dewi Utami,+6282023734761, dewi.utami117@customer.test ,1,F,Solo,MBR-75690,GOLD,2025-11-30,BR-16,ACTIVE,2026-02-06T06:35:16+07:00
a1c4b597-8b08-5e7c-b3fa-6f79235d91cb,Indra Hdayat,086968338586,indra.hdayat.118@mail.id,9,F,Sleman,,,2025-08-05,BR-04,INACTIVE,2026-04-13T11:36:04+07:00
8c793293-7c33-506d-87ac-06bf92624ca4,Yuni Adinata,+62808-7859-4840, yuni.adinata.119@customer.test ,7,U,Bekasi,MBR-35040,,2026-05-06,BR-04,ACTIVE,2025-08-07T21:06:13+07:00
a41b18f5-03b8-5dcc-aa76-112d9265c387,Dwei Setiawan,087537747734,dwei.setiawan.120@customer.test,10,U,Semarang,MBR-23477,BRONZE,2026-02-18,BR-02,ACTIVE,2026-01-13T20:19:31+07:00
6de89830-778a-5399-ab4f-93b3bc78a8a9,Eka Santoos,,eka.santoos.121@example.id,2,U,Kediri,MBR-22557,PLATINUM,2026-03-24,BR-02,ACTIVE,2026-04-14T10:21:12+07:00
e6ebf608-a6e7-5628-ac25-96bc61806de0,Sari Adinata,0807-0670-1808,sari.adinata122@mail.id,3,M,Gunungkidul,MBR-75664,SILVER,2025-12-09,BR-14,ACTIVE,2025-10-01T23:05:39+07:00
eba43b25-38cf-5ef7-9700-06292a549dea,Dewi Setiawan,+62824-3840-3362,dewi.setiawan123@example.id,11,M,Madiun,MBR-32795,PLATINUM,2025-04-09,BR-16,ACTIVE,2026-05-10T10:54:59+07:00
c9ad1fd1-06b4-589a-b02d-556a8109d497,Srai Prasetyo,0869 6971 4932,srai.prasetyo124@customer.test,8,M,Malang,,,2026-05-22,BR-11,ACTIVE,2025-04-29T02:25:21+07:00
b9f99753-3b56-5f82-a603-4ab58ddd1ac3,Eka Wjiaya,+6286272142259, eka.wjiaya125@customer.test ,8,F,Kediri,MBR-73819,BRONZE,2026-06-07,BR-17,ACTIVE,2025-10-10T21:33:41+07:00
0fdd7f88-afd1-5259-8393-a33e51a5ecf4,Ayu Adinata,+62826-2235-1519, ayu.adinata.126@customer.test ,9,F,Bandung,MBR-35098,,2025-12-15,BR-14,ACTIVE,2026-06-21T16:28:55+07:00
4af34808-fb76-55eb-a788-80def7cf69a1,Dewi Utmai,+62886-7609-9810, dewi.utmai127@example.id ,7,M,Jember,MBR-77060,BRONZE,2026-07-18,BR-11,ACTIVE,2026-02-01T23:52:44+07:00
5e8daf27-7099-5226-a886-4adf6e161951,Hana Santoso,0891 3739 5298,hana.santoso.128@mail.id,6,F,Gunungkidul,MBR-18663,,2026-04-30,BR-04,ACTIVE,2026-05-25T05:49:40+07:00
2eab5ac9-6491-5f7e-8197-077ecdfb6c6a,Fitri Prasetyo,+62817 7791 9326,fitri.prasetyo129@mail.id,3,U,Bandung,MBR-51880,PLATINUM,2026-01-23,BR-08,INACTIVE,2025-10-29T18:34:25+07:00
33e7c0e8-fcca-585e-a2e6-539fb257972a,Cira Utami,085867756182,,4,F,Semarang,,,2025-04-15,BR-01,INACTIVE,2026-01-27T12:08:47+07:00
885a7b88-3537-5ccc-af8e-9e19e46749a5,Intan Wulandari,084322979170,intan.wulandari.131@inbox.id,2,U,Bogor,MBR-23976,BRONZE,2026-05-03,BR-01,ACTIVE,2025-12-27T13:35:29+07:00
2326cc3f-f34f-5235-b4f1-ea51c41d2353,Intna Prasetyo,080196929750,intna.prasetyo132@example.id,5,F,Jember,MBR-71314,GOLD,2026-02-01,BR-20,ACTIVE,2025-05-04T13:46:22+07:00
3acf4db6-f328-56e8-93b9-6cd5a62f2f2b,Intan Mhaendra,+6289859055449,intan.mhaendra.133@example.id,12,M,Yogyakarta,MBR-47600,,2026-02-02,BR-16,ACTIVE,2025-05-20T18:30:58+07:00
9d31a9b2-2bad-585c-b222-9903fb73c564,Sair Permata,,sair.permata.134@mail.id,1,F,Madiun,MBR-74801,SILVER,2025-06-14,BR-05,ACTIVE,2025-10-12T22:11:46+07:00
1e35fd48-b783-5c5d-960a-ca6336a41b76,Maed Putri,083005111159,maed.putri.135@inbox.id,1,M,Madiun,MBR-67315,GOLD,2025-09-19,BR-04,ACTIVE,2026-03-26T12:26:20+07:00
e281943e-7c8f-5e0c-a180-d1ff1bfaac65,Ndaia Anggraini,0876-7719-0034,ndaia.anggraini.136@inbox.id,11,U,Gunungkidul,MBR-73063,BRONZE,2025-05-20,BR-20,ACTIVE,2025-06-16T14:23:06+07:00
2f3ad001-8b15-5905-941f-e38a9c962a06,Adi Permata,081739741387,adi.permata.137@mail.id,8,M,Sleman,MBR-32437,SILVER,2025-05-01,BR-05,ACTIVE,2026-01-02T07:35:27+07:00
f1274670-3780-5ceb-92de-7474a0861fb6,Wahyu Santoso,+62861-0074-0563, wahyu.santoso.138@customer.test ,7,M,Kediri,MBR-68447,SILVER,2025-06-23,BR-06,ACTIVE,2025-05-13T23:47:36+07:00
1648ce74-b88a-573d-b7f2-60dc2447824b,Inrda Hidayat,+62869 6833 8586,inrda.hidayat.139@mail.id,9,F,Sleman,,,2025-08-05,BR-04,INACTIVE,2026-04-13T11:36:04+07:00
12968044-4046-5e19-90b8-eae76c0a8e2f,Fitri Utami,+6289712235471,fitri.utami.140@customer.test,4,U,Gunungkidul,MBR-51505,SILVER,2025-08-19,BR-02,ACTIVE,2025-06-28T11:53:00+07:00
32a5d430-6414-57d0-8c3f-e50ad36f10d6,Intan Snatoso,083513992708,intan.snatoso.141@customer.test,7,M,Bekasi,,BRONZE,2025-12-13,BR-02,ACTIVE,2026-01-26T19:12:36+07:00
5884ce0f-7dfa-5124-9275-cdd86fc01927,Adi Darmawan,0877-7698-9632,adi.darmawan.142@inbox.id,2,F,Kulon Progo,MBR-43663,GOLD,2026-05-25,BR-09,ACTIVE,2026-09-20T06:35:55+07:00
6691eb0a-2f91-567a-a8dc-d8a92cc172a3,Dian Putar,086452094996,dian.putar.143@mail.id,6,M,Magelang,MBR-17645,,2026-03-27,BR-11,ACTIVE,2025-04-25T19:20:05+07:00
693090f8-d1b8-5dd6-ace5-2a7ba86cde93,Yuni Adinaat,+62870-6315-7209, yuni.adinaat144@inbox.id ,7,U,Yogyakarta,MBR-52442,,2025-03-31,BR-02,INACTIVE,2026-04-26T17:47:28+07:00
b7f2339b-ff7c-5b42-825b-ec9ef8c17e22,Dain Putra,080388286734,dain.putra145@customer.test,8,M,Bogor,MBR-32439,,2026-07-14,BR-01,ACTIVE,2025-06-10T10:21:14+07:00
1cd45da9-36d8-52f2-ac27-d1b76adfa781,Adi Setiawan,+62820-0855-5537,adi.setiawan.146@mail.id,11,F,Yogyakarta,MBR-84358,SILVER,2025-10-11,BR-12,ACTIVE,2026-08-25T18:33:10+07:00
b3915d3b-b39c-507e-aa0d-29c2a15d5a4b,Intna Putra,0828 9572 3866,intna.putra147@example.id,6,U,Depok,MBR-39247,BRONZE,2026-05-22,BR-13,ACTIVE,2025-06-08T14:08:29+07:00
3c21453e-4a14-523e-86dd-1b99f8acb6d9,Raka Darmawan,+62895 3475 6445,raka.darmawan.148@mail.id,3,U,Cirebon,MBR-87464,GOLD,2025-04-15,BR-08,ACTIVE,2025-11-21T23:46:50+07:00
e91b1e10-05cf-5974-a303-d0d8bd1a69dc,Maed Utami,082630333258,maed.utami149@example.id,10,U,Jember,MBR-31497,PLATINUM,2025-05-08,BR-13,ACTIVE,2026-05-27T03:16:52+07:00
3ecb4295-777c-567c-a3a4-b857016b50fb,Eka Anggrini,, eka.anggrini150@mail.id ,12,F,Gunungkidul,MBR-42841,GOLD,2026-06-01,BR-14,ACTIVE,2025-05-03T08:51:08+07:00
16b1e1d7-7ed6-56c4-b1d3-e1d2a95f8d63,Indra Kusuam,,indra.kusuam151@example.id,8,U,Bantul,MBR-36425,,2025-06-30,BR-15,ACTIVE,2026-01-18T11:36:36+07:00
753ec976-d999-570c-8432-1f3c36cd8e61,Agus Darmwan,+62835 5554 9193,agus.darmwan.152@customer.test,10,F,Klaten,MBR-74377,SILVER,2026-03-20,BR-04,ACTIVE,2025-09-29T07:01:13+07:00
d35cb290-8c90-5b64-ac3f-9cbfa4be7a8e,Ayu Darmawan,+6284238015511,ayu.darmawan153@example.id,1,M,Bekasi,MBR-35197,SILVER,2026-04-11,BR-11,ACTIVE,2025-10-01T12:45:28+07:00
0f71d295-f616-53e8-b130-256c3ee987ea,Adi Setiawna,085750605582,adi.setiawna154@inbox.id,3,M,Kulon Progo,MBR-88296,GOLD,2025-09-29,BR-08,ACTIVE,2026-04-01T16:16:55+07:00
63e4ba5b-f22a-5118-a797-9bb2809cbf6a,Ags Hidayat,+62884 0822 7877,,1,F,Malang,MBR-55690,,2025-08-11,BR-08,INACTIVE,2025-11-17T10:30:27+07:00
db9647a6-b2a0-58a8-8233-3473872dfdaa,Dwi Kusuma,0870 1510 1869,dwi.kusuma.156@example.id,8,M,Magelang,MBR-27910,GOLD,2026-03-18,BR-13,ACTIVE,2026-09-27T04:48:58+07:00
28876df2-61b7-56bd-bd98-7c76b21d3279,Lina Utami,,lina.utami157@example.id,3,U,Surabaya,MBR-75564,,2026-07-29,BR-18,INACTIVE,2026-03-15T06:00:34+07:00
b246d445-7e13-5440-b0ec-4d2a74a4b890,Intan Ainata,+62866-0594-6233, intan.ainata158@customer.test ,1,U,Jember,,PLATINUM,2026-06-12,BR-08,ACTIVE,2025-09-07T12:10:58+07:00
ebd25bdf-2166-56fa-9268-05ef0a769684,Fitri Setiawan,0883 9267 0949,fitri.setiawan159@example.id,3,U,Bandung,,BRONZE,2026-06-27,BR-13,ACTIVE,2026-04-19T06:10:24+07:00
311d66d7-dc6e-5308-a984-f74955cc453d,Lna Setiawan,+62826 1760 6400,lna.setiawan.160@customer.test,2,F,Surabaya,MBR-27760,SILVER,2026-04-11,BR-20,INACTIVE,2026-07-12T18:59:54+07:00
f9fe6314-ba4b-5d0f-b9c7-477619ab5994,Fitri Santoso,0866-5902-3497,fitri.santoso.161@customer.test,10,F,Bekasi,,,2025-10-27,BR-02,ACTIVE,2025-12-09T04:18:41+07:00
05e64fec-0c1d-574c-a47c-96799d6feb83,Raka Wuladari,080670180402,,6,U,Bekasi,MBR-64239,BRONZE,2025-10-15,BR-19,ACTIVE,2026-07-16T00:53:02+07:00
0211c360-d155-556c-99bd-de5afa1371ee,Dian Putra,080388286734, dian.putra.163@example.id ,8,M,Bogor,MBR-32439,,2026-07-14,BR-01,ACTIVE,2025-06-10T10:21:14+07:00
998b8d07-41c0-56ea-9d51-0d528ab6c15b,Mde Mahendra,081701534364,mde.mahendra164@inbox.id,3,F,Bandung,MBR-95240,,2026-03-01,BR-13,ACTIVE,2025-11-08T01:15:10+07:00
7b75e9ff-ac7e-5af4-8952-a625c8059d8f,Yuni Mahenra,0891-9729-1122,yuni.mahenra.165@customer.test,10,M,Solo,MBR-58464,SILVER,2026-06-18,BR-03,INACTIVE,2026-02-05T23:48:46+07:00
f7376910-fdc3-5ec2-aaab-9887d28df5a1,Budi Setiawna,0878-5863-6457,budi.setiawna.166@customer.test,11,U,Cirebon,MBR-16234,BRONZE,2025-07-23,BR-16,ACTIVE,2026-07-12T04:54:24+07:00
dd69c98a-d68b-5132-9ff2-6ad0f019402f,Naia Kusuma,0866 8986 7238, naia.kusuma.167@mail.id ,1,F,Kediri,MBR-26951,GOLD,2026-09-27,BR-20,INACTIVE,2026-06-29T20:14:26+07:00
f9379bf5-63e2-5de4-a25e-8768b62e8093,Dian Setawan,085761109870,dian.setawan.168@customer.test,8,F,Yogyakarta,MBR-59673,SILVER,2026-07-04,BR-05,INACTIVE,2025-10-24T05:57:39+07:00
61c3a0e8-db46-5122-b5d9-7b441caaf3fc,Fitri Santoso,+62847-3257-3378,fitri.santoso169@customer.test,12,F,Solo,MBR-78253,SILVER,2025-05-16,BR-05,ACTIVE,2026-04-09T20:56:05+07:00
800a3b81-f267-54d8-8546-15c726b90070,Dian Wiajya,+6289323979485,dian.wiajya170@example.id,6,U,Solo,MBR-76932,BRONZE,2026-08-20,BR-04,ACTIVE,2026-03-06T19:25:01+07:00
424d1a27-35a5-5246-9697-8db467d14521,Indra Anggraini,+62822 1757 8150,indra.anggraini171@customer.test,5,U,Kediri,MBR-71287,BRONZE,2026-05-02,BR-18,ACTIVE,2026-02-04T14:47:29+07:00
c21d225e-0a0f-5de7-904c-e87f0fe6f529,Yuni Setiawan,+62807-3799-9455, yuni.setiawan.172@example.id ,5,M,Gunungkidul,MBR-72396,SILVER,2026-01-02,BR-13,ACTIVE,2025-08-01T07:20:18+07:00
d8b85ffe-4cea-5e67-b4b0-f9ea544cd167,Hana Pemrata,081281881623,hana.pemrata173@example.id,4,F,Semarang,MBR-18879,,2026-03-11,BR-17,ACTIVE,2025-07-13T15:28:28+07:00
48713f3f-91b1-57a1-9d63-5bb6f7512931,Dewi Setiawan,0824-3840-3362,dewi.setiawan174@customer.test,11,M,Madiun,MBR-32795,PLATINUM,2025-04-09,BR-16,ACTIVE,2026-05-10T10:54:59+07:00
28b38059-2888-53a0-9fff-41581f2c759c,Yni Wulandari,0826 7998 1442, yni.wulandari175@inbox.id ,4,F,Jember,,GOLD,2025-09-13,BR-01,ACTIVE,2026-01-11T08:51:33+07:00
5bebefa6-2035-5aee-b1bf-6b2bf70f4923,Indra Hidayat,+6281480082731,indra.hidayat.176@customer.test,6,F,Depok,,,2026-02-11,BR-02,ACTIVE,2026-03-04T22:06:15+07:00
b7119fb1-7ec6-5f3a-a4b5-eeb74c67d343,Adi Hidayat,+62835-6913-1586,adi.hidayat.177@example.id,5,U,Yogyakarta,MBR-22650,SILVER,2025-04-13,BR-19,ACTIVE,2026-08-21T23:04:50+07:00
6395a20b-f597-59cf-8ee9-21367c9a5149,Lina Darmawan,0873-9505-0128,lina.darmawan178@example.id,11,M,Bantul,MBR-52467,SILVER,2026-03-09,BR-07,ACTIVE,2025-12-12T23:38:16+07:00
5dc1b6ef-68e0-54b0-9ca1-d3c691b8f18b,Yuni Wulandari,+62877-6023-4461,yuni.wulandari179@mail.id,6,F,Gunungkidul,MBR-89937,,2025-09-11,BR-02,ACTIVE,2026-05-14T00:09:29+07:00
bb80bbab-9cee-53f7-893e-51a8e2b961d7,Ndia Setiawan,084559622120,ndia.setiawan.180@example.id,7,M,Klaten,MBR-34109,PLATINUM,2025-06-14,BR-16,ACTIVE,2026-09-04T11:32:45+07:00
bee1274e-14c1-5d6b-81d9-e175528be285,Raka Utami,085306043649, raka.utami.181@mail.id ,1,F,Cirebon,MBR-30966,BRONZE,2026-03-17,BR-18,ACTIVE,2025-11-30T13:10:05+07:00
2c874a55-b078-5a97-8b29-98b8268f673f,Dian Setiawan,+6282833429546,dian.setiawan.182@inbox.id,8,M,Semarang,MBR-92874,GOLD,2025-08-05,BR-14,ACTIVE,2026-08-12T05:57:25+07:00
af182666-ae26-5766-ba8c-bb0559ad971d,Ayu Hidayat,0889 3272 3745,ayu.hidayat183@example.id,5,M,Malang,MBR-96962,SILVER,2026-08-09,BR-19,ACTIVE,2025-12-30T05:54:25+07:00
e24eae0e-ba8e-5ceb-b55f-1dbb785b7eaa,Intan Kusma,082044274898, intan.kusma.184@inbox.id ,7,F,Purworejo,,SILVER,2025-06-17,BR-16,ACTIVE,2025-06-25T20:19:47+07:00
50d5068d-1fdc-56fb-980e-a182789d82b7,Eka Wulandari,0897-4602-6783,eka.wulandari.185@customer.test,4,U,Bandung,MBR-95417,SILVER,2026-02-26,BR-05,ACTIVE,2025-12-16T14:40:59+07:00
0792c95f-e185-50c1-bd93-49c05c264b2c,Yuni Hidaat,082799248630,yuni.hidaat.186@example.id,7,F,Yogyakarta,MBR-76002,PLATINUM,2025-12-15,BR-14,ACTIVE,2026-08-29T00:27:22+07:00
d0b9befd-3c11-5051-97c6-9eb798fd01b5,Tari Santoso,,tari.santoso.187@customer.test,1,F,Solo,MBR-64937,SILVER,2025-10-19,BR-14,ACTIVE,2026-09-16T15:26:22+07:00
242c078b-c84b-53af-8349-d358759bfc09,Citra Mahenda,+6286863406039, citra.mahenda188@example.id ,9,M,Solo,MBR-10440,SILVER,2025-11-03,BR-20,ACTIVE,2026-01-20T17:08:26+07:00
f7e0da6b-315d-515f-be8c-f1ffb2deb6c0,Eka Utami,+6284276306345, eka.utami189@inbox.id ,9,F,Depok,MBR-26100,SILVER,2026-08-16,BR-12,CLOSED,2026-02-26T01:54:23+07:00
a0584d1f-65e3-537b-a609-8699d9258597,Tari Darmawan,0875-4678-9875,tari.darmawan.190@customer.test,11,M,Purworejo,MBR-50010,,2025-10-05,BR-20,ACTIVE,2026-03-16T08:06:45+07:00
76facd78-4968-5cd0-82ab-7ef736424e39,Fitri Anggraini,+6280620656508,fitri.anggraini191@mail.id,1,F,Surabaya,MBR-73878,SILVER,2026-02-06,BR-10,INACTIVE,2025-04-11T19:30:55+07:00
3fec9c22-8d00-5fad-b088-75299c7dfb13,Sri Wijaya,085821047430, sri.wijaya.192@example.id ,3,F,Bekasi,MBR-47786,,2026-07-24,BR-03,ACTIVE,2025-10-23T21:51:49+07:00
c3608fcc-94bd-516d-b782-e8fd10bd69e1,Intan Hidayat,+62833-3439-4704, intan.hidayat.193@example.id ,4,M,Bogor,MBR-49095,,2025-07-30,BR-07,ACTIVE,2026-09-20T05:35:16+07:00
a3d45c1d-5802-5aba-8bf6-ee7394fe546f,Adi Mahendra,+6287993234192, adi.mahendra.194@customer.test ,12,M,Madiun,,PLATINUM,2026-01-20,BR-16,ACTIVE,2025-07-18T21:21:35+07:00
51539799-4713-5ded-a8ee-42a1cfc6472e,Intan Adinata,0873 8481 9455,intan.adinata195@customer.test,3,F,Bandung,MBR-90103,PLATINUM,2026-09-09,BR-08,ACTIVE,2026-05-19T19:43:50+07:00
f3fda636-d11c-578d-bbd1-86a642784bd4,Raka Prasetyo,081674204332,raka.prasetyo.196@inbox.id,6,M,Bogor,MBR-28718,BRONZE,2026-08-19,BR-07,ACTIVE,2025-10-28T09:08:40+07:00
1088fee1-032d-53c1-8e7b-96dc5bcaef69,Hnaa Wulandari,083100224134,hnaa.wulandari197@mail.id,9,U,Magelang,,,2025-10-26,BR-10,ACTIVE,2025-10-24T16:35:42+07:00
4bec1a8f-4c7d-5dbd-8740-1b74000cf36d,Nadia Setiawan,+6287195077300,nadia.setiawan.198@example.id,6,U,Solo,MBR-90549,SILVER,2025-11-12,BR-06,ACTIVE,2025-07-07T10:34:44+07:00
c8fab9a6-a411-5a08-b0cf-1d56320952f9,Intan Wulanari,088733967733,intan.wulanari199@inbox.id,1,U,Bandung,MBR-93933,BRONZE,2025-04-17,BR-18,INACTIVE,2025-06-01T22:08:58+07:00
63d85a5d-ec18-5f57-859d-db458a257e23,Dewi Putra,081550010958,dewi.putra.200@mail.id,2,U,Jember,MBR-34319,BRONZE,2025-11-11,BR-20,ACTIVE,2026-01-22T15:45:56+07:00
5973a646-c6e8-5f2d-bc8a-47428d0927d9,Yuni Pturi,088892074233,yuni.pturi201@mail.id,2,M,Kediri,MBR-78304,BRONZE,2025-07-27,BR-16,ACTIVE,2025-09-19T11:21:39+07:00
8512c9f1-0b50-5ce2-abc0-d0aab3ca110f,Raka Putra,,raka.putra202@customer.test,5,U,Sleman,,GOLD,2026-02-27,BR-12,ACTIVE,2025-06-26T09:52:05+07:00
03aeb054-61e8-51f9-9b77-c49ea62961a6,Haan Wulandari,+6282397407128, haan.wulandari203@example.id ,10,M,Jember,MBR-94915,SILVER,2026-05-23,BR-19,ACTIVE,2026-01-13T22:57:16+07:00
18f6c843-2c96-5480-8b8b-cd8641c5bc3d,Dwei Wulandari,+6288212747956, dwei.wulandari.204@example.id ,8,M,Surabaya,MBR-12000,SILVER,2026-09-29,BR-05,ACTIVE,2026-07-23T18:08:28+07:00
fb834e8b-05c7-5163-85e0-3dbbac0d0589,Eka Anggraini,+6281596344490, eka.anggraini.205@mail.id ,6,M,Bantul,MBR-56587,,2026-06-05,BR-06,ACTIVE,2025-04-08T08:12:47+07:00
490a3c95-a778-54e1-9e86-a74f3bba7f26,Adi Utami,+6282765700832, adi.utami206@example.id ,9,M,Purworejo,MBR-79628,BRONZE,2026-04-04,BR-16,ACTIVE,2026-05-28T18:17:48+07:00
4cdf17af-ea12-5a24-bd05-5ddc31add97b,Made Putri,+6281592480548,,2,M,Magelang,,GOLD,2025-10-03,BR-10,ACTIVE,2025-06-11T03:00:54+07:00
599d667c-4a34-50ec-9383-f9c5c3139138,Ayu Utami,+6288782445152,ayu.utami208@customer.test,3,F,Bantul,MBR-17243,GOLD,2026-05-02,BR-03,ACTIVE,2025-08-27T02:42:14+07:00
cf8695d9-b246-56df-8f80-810bd59d40b5,Sari Praetyo,+6286969714932,sari.praetyo209@mail.id,8,M,Malang,,,2026-05-22,BR-11,ACTIVE,2025-04-29T02:25:21+07:00
aac2713f-354f-53f5-be27-73aac2926ccf,Intn Wulandari,083462963423,intn.wulandari.210@customer.test,8,U,Surabaya,MBR-22569,GOLD,2025-08-24,BR-04,ACTIVE,2026-04-16T14:33:44+07:00
56e69b9f-7167-5f7b-95a4-e3902912adc4,Tari Wijaya,+6286987058119,tari.wijaya.211@inbox.id,9,U,Klaten,MBR-58579,BRONZE,2025-09-10,BR-04,ACTIVE,2026-03-06T08:53:58+07:00
2c89fab7-27be-5491-860e-e2c7677a66fa,Sari Santoso,0811-1661-6086, sari.santoso.212@mail.id ,7,F,Cirebon,MBR-62860,PLATINUM,2025-10-15,BR-12,ACTIVE,2025-12-06T10:33:20+07:00
8c365c48-816e-59b5-9d15-94a5b46e5a24,Intan Putri,088792756225,intan.putri.213@mail.id,2,F,Cirebon,MBR-97085,SILVER,2026-08-17,BR-08,ACTIVE,2025-10-27T09:38:39+07:00
25c16a6d-5cba-5c4a-b314-aee4dae0b2d3,Dewi Pura,089918052817,dewi.pura.214@mail.id,8,M,Purworejo,MBR-64237,GOLD,2025-09-19,BR-08,ACTIVE,2026-07-25T00:25:13+07:00
f247485a-1e3b-5e65-9827-56ec0c59ebda,Ayu Kusuma,0828-4987-3498,ayu.kusuma215@mail.id,12,M,Magelang,MBR-52279,,2026-04-07,BR-03,ACTIVE,2025-09-02T02:32:28+07:00
e2cf7cf1-5945-58b5-b025-f51ab3ed36c1,Fitri Hidayat,+6286423018125,,7,M,Bantul,,PLATINUM,2026-04-10,BR-01,ACTIVE,2026-04-01T00:13:22+07:00
2f4755ad-1b91-53c6-a199-839c110ee5b3,Wayhu Kusuma,0898-0494-0080,wayhu.kusuma.217@customer.test,9,U,Jember,MBR-41986,GOLD,2026-08-27,BR-12,ACTIVE,2025-12-04T08:39:16+07:00
b038d9dc-58cb-56ce-b099-1c4428e3a1b1,Mae Utami,+6288460254526,mae.utami.218@mail.id,12,M,Depok,MBR-61122,GOLD,2026-08-03,BR-01,CLOSED,2026-02-20T16:01:16+07:00
35aa6139-26ab-53d1-8a3e-f61e65f4f870,Hana Hidayat,0808 2184 2825,hana.hidayat.219@example.id,10,F,Jember,,BRONZE,2026-01-28,BR-01,ACTIVE,2025-10-16T04:48:11+07:00
be536935-0dd9-59d3-9819-d364f11b73a7,Yni Setiawan,0883 9065 0878,yni.setiawan.220@inbox.id,12,M,Bandung,MBR-17735,PLATINUM,2025-09-24,BR-03,INACTIVE,2025-10-31T00:39:41+07:00
cecc3d16-ebdf-5be2-bc57-76686e5ac26e,Wahyu Santoso,084446991067,wahyu.santoso221@inbox.id,8,M,Bandung,MBR-12375,GOLD,2026-07-23,BR-07,ACTIVE,2026-08-19T07:59:57+07:00
d0551c00-a53c-52f3-a6eb-f06f0005bd13,Budi Anggriani,086874949861,budi.anggriani222@example.id,12,F,Purworejo,MBR-90783,,2026-09-27,BR-03,ACTIVE,2026-08-14T14:40:02+07:00
2bd969b6-fa9f-53e8-8b07-a8d9f4a27e51,Bdui Darmawan,+6281197503835,bdui.darmawan223@example.id,9,U,Bandung,MBR-97031,SILVER,2025-08-31,BR-16,ACTIVE,2026-01-19T21:09:36+07:00
0c7c64f9-e606-5c48-bb5d-6ca2464f5f4f,Made Anggrani,089605399361, made.anggrani224@example.id ,12,U,Sleman,MBR-96906,GOLD,2026-07-20,BR-02,ACTIVE,2025-05-18T20:10:11+07:00
2cd6ccea-ef96-5a12-85d1-e8a378114ac3,Citra Putra,084298387286,citra.putra.225@customer.test,8,F,Magelang,MBR-54685,GOLD,2025-09-29,BR-09,ACTIVE,2025-05-25T19:02:02+07:00
f62efa19-c637-5f6d-bebc-b83bc346bab0,Agus Prasetyo,+6283156561841, agus.prasetyo.226@inbox.id ,11,U,Purworejo,MBR-15531,SILVER,2025-10-28,BR-11,ACTIVE,2026-06-01T18:23:21+07:00
a32a4591-fe0c-58f0-875b-bbfd7d5bdbc5,Fitri Agngraini,0870 9834 5469,fitri.agngraini.227@inbox.id,4,U,Purworejo,MBR-12247,SILVER,2025-11-15,BR-16,ACTIVE,2025-05-10T10:46:07+07:00
2518efd4-a534-52a2-9360-51c72ea0aaaf,Dian Adinata,+62871 9491 8296, dian.adinata.228@inbox.id ,1,U,Kulon Progo,MBR-31231,,2025-10-18,BR-19,ACTIVE,2025-04-13T14:27:43+07:00
108abbf5-2886-52cd-8288-25cbf6df67e0,Tari Darmawan,0804 0766 2792,tari.darmawan229@example.id,10,M,Depok,MBR-40852,GOLD,2026-03-10,BR-05,ACTIVE,2025-10-19T21:34:19+07:00
aa924319-cec3-5de8-908b-74760de40e85,Indra Hidayat,0876-1000-2173,indra.hidayat.230@mail.id,2,M,Gunungkidul,MBR-75645,GOLD,2025-04-01,BR-20,ACTIVE,2025-09-17T19:57:26+07:00
9cfb0231-ae79-56ee-a3ec-08967f08e035,Tri Adinata,089428528302,tri.adinata.231@example.id,8,U,Bekasi,MBR-27948,SILVER,2025-05-28,BR-15,ACTIVE,2026-07-13T18:02:02+07:00
3a36fbd8-e9d4-5b77-a8e8-c31b27b95e86,Indra Putra,+62849 1078 6238,,2,U,Yogyakarta,MBR-46289,BRONZE,2025-11-22,BR-20,ACTIVE,2026-03-02T00:26:04+07:00
d72faf30-e612-56a1-bff9-bbd8f48ec427,Wahyu Anggaini,0858 2862 4033,wahyu.anggaini.233@example.id,7,F,Magelang,MBR-19256,PLATINUM,2026-07-28,BR-18,INACTIVE,2026-01-09T04:40:22+07:00
678230da-ec7c-5b0d-ad8f-7c5cd6adf20c,Citra Hidayt,0819-8011-2994, citra.hidayt234@example.id ,2,F,Gunungkidul,MBR-64025,SILVER,2026-01-23,BR-09,ACTIVE,2026-09-22T05:03:38+07:00
90b1f3a4-bdae-5585-9d99-c43c42ff4469,Ayu Seitawan,0809 0063 9176,ayu.seitawan235@inbox.id,4,M,Sleman,MBR-18225,BRONZE,2025-08-25,BR-12,ACTIVE,2025-05-29T06:57:48+07:00
ac2f2797-1874-5cf6-8fff-766e94a6b3ec,Indra Kusuma,081130157473, indra.kusuma236@mail.id ,6,M,Semarang,,,2026-05-19,BR-01,ACTIVE,2025-08-23T02:06:27+07:00
ab5167d4-7d90-5870-ae2d-fc8a2793e6af,Ctra Adinata,0824-8224-7308,ctra.adinata.237@customer.test,2,U,Cirebon,MBR-32690,,2025-11-21,BR-14,INACTIVE,2025-04-14T06:36:55+07:00
04cd2c80-64d5-5c46-bb8d-ca6d9ecf875d,Bui Prasetyo,+62804-2895-7686,bui.prasetyo.238@customer.test,8,M,Magelang,MBR-88803,PLATINUM,2026-04-15,BR-12,ACTIVE,2026-02-19T12:55:36+07:00
0e7b57c3-9aad-51c3-be1b-f7057ce164cf,Din Kusuma,+6281650326690,din.kusuma239@mail.id,7,U,Semarang,MBR-79999,PLATINUM,2026-09-04,BR-02,ACTIVE,2026-07-02T13:55:18+07:00
b1b9abdd-6128-5a3e-bba5-8481d385d099,Dewi Mahendra,0852 8092 2667,dewi.mahendra240@example.id,6,F,Magelang,MBR-45283,,2026-05-26,BR-18,ACTIVE,2025-12-22T15:19:36+07:00
15088c59-c3fc-5fc9-b47d-2d51955c83ec,Nadia Santoso,087934469221,nadia.santoso.241@example.id,6,U,Bekasi,MBR-55544,SILVER,2025-09-18,BR-07,INACTIVE,2026-04-28T20:47:02+07:00
8917b4f5-cada-5314-8695-eb6eca70863b,Indra Permata,+62877 6116 7505,indra.permata242@inbox.id,5,M,Bogor,MBR-23262,PLATINUM,2025-07-21,BR-20,ACTIVE,2026-04-03T23:50:37+07:00
3a45cf69-09df-50b8-b8b1-244209f6904d,Intna Santoso,+62846 2114 5670, intna.santoso243@mail.id ,1,F,Magelang,,BRONZE,2026-02-24,BR-08,INACTIVE,2026-08-15T09:04:51+07:00
73cbca9b-78f2-5a8c-94a4-d1a39e3dd0bd,Wahyu Ptura,+62808-8608-0334,wahyu.ptura.244@customer.test,3,M,Bantul,MBR-40979,BRONZE,2025-04-18,BR-12,ACTIVE,2025-10-25T15:02:56+07:00
bc1262f4-6e65-55e1-b79e-67a53b0e6bbd,Dewi Hidayat,0861-2290-5371,dewi.hidayat245@example.id,4,F,Klaten,MBR-87535,SILVER,2026-01-29,BR-11,ACTIVE,2025-08-27T08:25:42+07:00
bd33737d-c7a1-55e1-a2f8-5209184a92bb,Citra Putra,0881-1782-0654,citra.putra.246@mail.id,4,M,Depok,MBR-84021,SILVER,2026-08-16,BR-12,ACTIVE,2025-06-03T00:17:28+07:00
25d0d67c-06fd-5d71-aa66-22d17d16bff9,Inan Mahendra,085155591293,,7,U,Solo,MBR-26254,BRONZE,2026-06-30,BR-14,ACTIVE,2025-10-11T07:00:07+07:00
7b3d35d8-9bbb-5c32-bc25-a7be8c877324,Bdi Putra,080829545533,bdi.putra.248@example.id,6,F,Magelang,MBR-86057,,2025-10-31,BR-05,ACTIVE,2026-04-12T06:45:04+07:00
7b7a6d70-e82d-51b4-8f48-67b738e3efa6,Haa Wulandari,,haa.wulandari249@example.id,9,U,Magelang,,,2025-10-26,BR-10,ACTIVE,2025-10-24T16:35:42+07:00
297ea94e-505a-511a-8d77-e6b209959976,Nadia Wijaya,+62807 8802 5319,nadia.wijaya.250@mail.id,10,F,Klaten,MBR-14193,GOLD,2026-09-09,BR-04,ACTIVE,2026-08-03T20:44:04+07:00
9e06bf87-fd84-5b9e-acdc-d94ba6607269,Tari Mahendra,084480785037,tari.mahendra251@inbox.id,3,F,Depok,MBR-89627,PLATINUM,2026-06-15,BR-08,ACTIVE,2025-10-24T18:47:49+07:00
8fa164c2-a8c5-5e2a-a317-df72f2a3177f,Cirta Putri,085897685322,cirta.putri252@example.id,4,M,Cirebon,MBR-60578,,2026-07-11,BR-04,ACTIVE,2025-07-01T01:25:26+07:00
4ab38c66-044e-5f77-91c6-a7a3e82adea9,Sari Kusuma,+62857 9104 6245,sari.kusuma.253@customer.test,1,U,Cirebon,MBR-73461,GOLD,2026-02-07,BR-13,INACTIVE,2026-01-30T17:25:42+07:00
5b2a0f2d-fa72-5917-a1a6-aed26638429f,Lna Permata,0834-1357-3304,,10,U,Purworejo,MBR-66700,PLATINUM,2025-09-06,BR-06,ACTIVE,2026-02-02T18:13:32+07:00
091fdca6-5201-5888-91bb-2a2c0190f17f,Rka Mahendra,+6283941311094,rka.mahendra.255@mail.id,7,F,Kulon Progo,,SILVER,2026-06-01,BR-11,ACTIVE,2025-10-04T22:46:17+07:00
c0b8d3f8-5802-5aee-8141-2a03434f5c13,Nadia Darmawan,082433645906,,1,U,Klaten,MBR-16592,GOLD,2025-10-30,BR-08,ACTIVE,2025-07-25T01:30:42+07:00
43617914-c0db-5db2-8682-bc9c5500cf70,Ayu Kuusma,+62828-4987-3498,ayu.kuusma.257@customer.test,12,M,Magelang,MBR-52279,,2026-04-07,BR-03,ACTIVE,2025-09-02T02:32:28+07:00
4cad4638-b9f6-5cb6-a20a-d1e6c1e9313b,Yuni Prasetyo,+6284190845747,,3,U,Yogyakarta,MBR-18106,SILVER,2025-11-28,BR-02,INACTIVE,2025-10-09T02:27:01+07:00
ee613863-300a-5a26-9f64-2950f97b76c1,Citra Pturi,+62818-1438-4016, citra.pturi259@inbox.id ,3,U,Bandung,MBR-12750,GOLD,2026-01-19,BR-09,ACTIVE,2025-07-19T01:31:14+07:00
a06440cd-17b5-5491-92b2-c1b5215471a0,Ayu Hidayat,0860-1872-1653,ayu.hidayat.260@mail.id,11,M,Yogyakarta,MBR-16327,BRONZE,2025-05-15,BR-04,ACTIVE,2025-11-29T02:14:49+07:00
0257ec8d-5439-50c3-8a93-0fd9a43dc144,Raka Santoso,,raka.santoso.261@inbox.id,1,M,Madiun,MBR-32320,,2026-02-20,BR-17,ACTIVE,2026-08-15T17:59:41+07:00
1ff20b82-e955-5ea1-9542-81498dca1dba,Dewi Hidayat,0812-5175-5301, dewi.hidayat.262@mail.id ,4,F,Bandung,MBR-53436,BRONZE,2026-06-21,BR-19,ACTIVE,2025-09-12T21:19:34+07:00
7dd28049-55c0-5852-a479-8b39a5784b6c,Citra Putra,0872 6294 2464, citra.putra.263@mail.id ,6,F,Sleman,MBR-67635,BRONZE,2026-04-30,BR-19,ACTIVE,2025-12-13T21:00:09+07:00
67e3f975-90a2-5749-8f60-442885e6b463,Agus Permaa,+6280238848477,agus.permaa264@mail.id,12,F,Jember,MBR-81798,BRONZE,2026-01-09,BR-06,ACTIVE,2026-02-02T21:12:20+07:00
279e64af-0346-56f5-95eb-47564d5f855e,Budi Putri,084401849122,budi.putri.265@customer.test,1,M,Bantul,MBR-65955,,2026-02-04,BR-14,ACTIVE,2026-03-10T21:43:02+07:00
7d259558-89a0-5794-864c-616a22ad1ad4,Hana Darmawan,+6289555055499,hana.darmawan266@customer.test,10,F,Magelang,MBR-11307,BRONZE,2025-04-29,BR-06,ACTIVE,2026-04-10T04:02:48+07:00
6367d92e-33bf-5b54-b787-17bb4a167279,Eka Santoso,+6286377824916,eka.santoso.267@mail.id,11,U,Purworejo,MBR-73083,PLATINUM,2025-12-25,BR-10,ACTIVE,2026-02-12T16:22:19+07:00
e5426ca2-6ee4-50a6-8d7a-2b9261a57207,Wahyu Darmawan,0827 5256 8357, wahyu.darmawan268@mail.id ,10,F,Purworejo,,PLATINUM,2026-03-27,BR-06,ACTIVE,2026-07-06T17:54:04+07:00
5ac2dc7d-5652-5155-962d-0d88a4ea70bb,Sari Darmawan,0838-9408-8959,sari.darmawan269@mail.id,1,F,Bandung,MBR-18812,SILVER,2025-12-21,BR-20,ACTIVE,2025-12-30T16:46:44+07:00
fde6795a-5e62-54b9-9858-979d6c1c5a0a,Intan Hdiayat,+62876-7679-1871,intan.hdiayat270@customer.test,11,M,Magelang,,PLATINUM,2026-05-04,BR-12,ACTIVE,2025-05-29T20:53:54+07:00
e09ec976-1805-5049-a844-e4bf714b17b6,Raka Mahendra,0866-8820-7396,raka.mahendra.271@customer.test,8,F,Bekasi,,SILVER,2025-10-25,BR-16,ACTIVE,2025-07-25T18:55:17+07:00
68c9f65a-81c5-58d9-b6cd-754aa5f0bef2,Indra Setiawan,0875 4141 9413,indra.setiawan272@inbox.id,9,M,Surabaya,MBR-99502,,2025-06-09,BR-17,ACTIVE,2026-08-27T23:49:48+07:00
6a2d3de8-8938-5498-8886-93a6e82a3db3,Citra Prasetyo,+6280954463398,citra.prasetyo.273@customer.test,1,F,Bekasi,MBR-99393,,2025-04-11,BR-07,ACTIVE,2025-11-20T08:07:57+07:00
3681af72-3b26-53f8-9f71-5b4135061b84,Made Mahendra,+62875 0141 4924,made.mahendra.274@example.id,11,F,Semarang,MBR-90648,GOLD,2025-05-22,BR-07,ACTIVE,2025-08-19T01:48:23+07:00
88ecda6d-2426-526c-a9c3-0b678bc6224b,Raka Setiawan,+6285127198468,raka.setiawan.275@inbox.id,6,U,Malang,MBR-37083,PLATINUM,2026-03-24,BR-11,ACTIVE,2025-07-28T21:47:26+07:00
5393c76f-c32f-5342-8b18-3b7bd88a1352,Aus Darmawan,084738892731,aus.darmawan276@example.id,8,F,Madiun,MBR-93916,BRONZE,2026-04-08,BR-18,ACTIVE,2026-08-14T16:47:30+07:00
58af9472-d722-566f-9d03-05ee5b2242d3,Maed Putra,+6280160167059,,7,M,Bekasi,MBR-48566,GOLD,2026-02-14,BR-04,ACTIVE,2026-04-07T11:01:19+07:00
fe87cdfc-4399-5289-8784-3dbd24371f0f,Sai Darmawan,0852-5144-8533,sai.darmawan.278@example.id,2,U,Gunungkidul,MBR-49770,PLATINUM,2025-07-18,BR-03,ACTIVE,2025-11-24T05:29:24+07:00
170e635b-a909-59cd-b415-563f1528fac6,Agus Setiawan,+62840-9777-6524,agus.setiawan279@mail.id,3,U,Bantul,MBR-33512,PLATINUM,2025-09-30,BR-11,ACTIVE,2025-10-02T01:08:12+07:00
e2aea032-e738-5cf9-8af6-c7a242f384c1,Lnia Anggraini,+62840 1901 9128,,9,M,Bantul,,BRONZE,2025-05-20,BR-07,ACTIVE,2026-03-20T16:12:28+07:00
cddfbb36-7b75-52b1-b786-092fb28fb102,Idra Anggraini,+62890-4075-0870,idra.anggraini.281@customer.test,10,M,Kulon Progo,MBR-30751,BRONZE,2025-10-21,BR-19,ACTIVE,2026-04-02T07:23:12+07:00
3216c9c5-1845-551a-bb92-81c2db61dc00,Dwi Hidayat,082684301858,dwi.hidayat282@example.id,6,M,Bandung,,PLATINUM,2026-07-29,BR-17,INACTIVE,2025-10-11T22:10:07+07:00
7545eee7-1d34-59d5-abf5-8db55ac6ae5e,Wahyu Kusuma,+6284876973800, wahyu.kusuma283@inbox.id ,4,F,Kulon Progo,MBR-83810,PLATINUM,2025-05-08,BR-20,ACTIVE,2026-09-16T11:07:48+07:00
5dcb2606-990f-5e8e-a8dd-cbea75c047eb,Ags Adinata,089497534553,ags.adinata.284@inbox.id,6,F,Sleman,MBR-83745,,2025-05-31,BR-13,CLOSED,2026-05-07T04:49:22+07:00
a2b1474f-bb98-5bf9-9eb1-931a159100c3,Dewi Wjaya,+62862-3882-8030,dewi.wjaya.285@customer.test,5,F,Bantul,MBR-39928,PLATINUM,2026-06-04,BR-13,ACTIVE,2025-09-05T13:19:31+07:00
c5debe8f-fc97-52ee-a8f6-9d08befb3904,Sari Hidayat,085139244803,sari.hidayat.286@mail.id,4,F,Purworejo,,BRONZE,2025-10-01,BR-13,ACTIVE,2026-03-02T10:11:30+07:00
0c1cddee-6697-538a-8189-3c0c26aa23ae,Ayu Santoso,0815-8255-9302,ayu.santoso.287@example.id,9,U,Jember,MBR-93560,PLATINUM,2025-12-30,BR-12,ACTIVE,2025-11-05T15:31:21+07:00
b2075e39-9413-5c39-883f-5291a3e2ba87,Tari Pura,0859-4181-5747,tari.pura288@inbox.id,5,M,Malang,MBR-35131,BRONZE,2025-06-03,BR-07,ACTIVE,2025-08-09T04:47:06+07:00
70893f58-bd56-55b4-93f2-d6ecefef3ef5,Intn Kusuma,0858-7977-6596,intn.kusuma289@example.id,9,F,Jember,,GOLD,2025-12-12,BR-08,ACTIVE,2025-06-06T02:31:45+07:00
7410f549-f794-55d2-acf4-8e39b4e6de5e,Dewi Santoos,,dewi.santoos.290@example.id,6,F,Jember,MBR-27935,BRONZE,2025-08-05,BR-06,INACTIVE,2026-03-30T20:54:31+07:00
7fda89b1-5ec8-5454-962b-f578da7bcf42,Dian Hidayat,0809-4126-7697,dian.hidayat291@example.id,11,U,Jember,MBR-30925,BRONZE,2025-05-14,BR-08,ACTIVE,2025-07-28T12:30:48+07:00
bddcdd99-e9d9-5330-ac0b-b5627f0757b5,Citar Kusuma,089355208469,citar.kusuma.292@example.id,4,F,Kediri,MBR-84882,BRONZE,2025-06-13,BR-14,ACTIVE,2026-05-31T17:38:20+07:00
daea641d-db96-5f8a-9f49-89cbf7eb4e36,Dewi Kusuma,085541047404,dewi.kusuma293@customer.test,4,F,Klaten,MBR-59901,BRONZE,2025-11-26,BR-18,ACTIVE,2026-09-22T15:36:35+07:00
96c78d4f-9521-5963-ac6e-e43ca7914418,Sair Mahendra,+62868 3837 7353,sair.mahendra.294@customer.test,12,U,Bandung,,GOLD,2026-04-24,BR-18,ACTIVE,2025-06-20T00:35:22+07:00
a6d1e497-3b4e-5bee-bded-c7db674a783d,Adi Wijaya,0894 9829 2938,adi.wijaya.295@customer.test,10,U,Jember,MBR-19067,BRONZE,2025-07-12,BR-17,ACTIVE,2026-01-22T15:04:26+07:00
6838ba62-b045-57aa-baa6-0edd8a78c8f8,Inan Utami,081754129180,inan.utami296@mail.id,4,F,Depok,MBR-28631,,2025-06-01,BR-16,ACTIVE,2026-08-18T19:42:32+07:00
abe6c037-9266-5a6b-9a45-4a423479e016,Raka Wulandari,087556896725,raka.wulandari.297@inbox.id,3,F,Bantul,MBR-66302,GOLD,2025-05-11,BR-03,ACTIVE,2026-05-24T07:34:30+07:00
54a54809-ea1e-5cca-bf6b-05b2e7188469,Ayu Anggraini,0863-4338-0938, ayu.anggraini.298@mail.id ,4,F,Cirebon,MBR-18232,PLATINUM,2025-07-05,BR-09,ACTIVE,2025-12-07T19:36:36+07:00
bc0a8505-e845-5d33-9013-9d32fd6e3e29,Eka Uami,+62843 4465 7843, eka.uami299@inbox.id ,2,U,Kulon Progo,MBR-10571,BRONZE,2025-09-03,BR-17,ACTIVE,2026-08-18T07:52:09+07:00
75ec3c78-5d5b-515f-ad86-407345e5699e,Rka Putra,080184220346, rka.putra.300@example.id ,7,F,Surabaya,MBR-51415,,2025-08-04,BR-02,ACTIVE,2026-05-22T23:43:22+07:00
15c02d11-38a9-55c5-a608-8628c667fab5,Intan Anggraini,+6281811355767,intan.anggraini301@inbox.id,11,F,Kediri,,,2026-06-11,BR-04,CLOSED,2025-06-02T03:00:50+07:00
3633fcde-af75-5110-8fdf-9e05da60107c,Mde Setiawan,,mde.setiawan302@inbox.id,2,M,Surabaya,MBR-94053,,2026-07-20,BR-14,ACTIVE,2026-02-21T00:39:35+07:00
5460292e-2781-5441-9007-3716d331c20d,Dian Permata,+62800-5967-8227,dian.permata303@example.id,7,F,Bandung,MBR-54357,SILVER,2025-04-13,BR-13,INACTIVE,2025-04-18T07:57:14+07:00
001bb6d4-6601-5432-9b32-cbd29867065e,Yuni Hidayat,+62835-8306-4843, yuni.hidayat.304@inbox.id ,5,F,Purworejo,,PLATINUM,2026-05-18,BR-17,ACTIVE,2026-08-22T03:45:03+07:00
4e0a1b13-e3f1-564b-aa45-2dc2dd23f381,Adi Wulandari,086268959253,adi.wulandari.305@inbox.id,4,F,Klaten,MBR-94018,GOLD,2026-03-03,BR-06,ACTIVE,2025-05-10T08:54:49+07:00
e30bdfc8-ba64-55a5-82c9-e54977f3e771,Fitri Setiwaan,,fitri.setiwaan306@mail.id,1,F,Kulon Progo,MBR-73894,,2026-08-26,BR-06,ACTIVE,2025-11-23T15:17:47+07:00
31308183-8703-5453-ab56-70b612fe917d,Wahyu Utmi,+6287924456887,wahyu.utmi.307@inbox.id,11,U,Magelang,,BRONZE,2026-04-09,BR-09,ACTIVE,2026-06-13T01:56:14+07:00
e761ca72-ac08-5f6e-bed0-871c4be66d2e,Eka Permata,089824525052,eka.permata308@inbox.id,3,M,Magelang,MBR-48676,BRONZE,2026-07-03,BR-03,ACTIVE,2026-01-05T19:29:58+07:00
37749f60-e754-5f03-a8f3-ad869aebe32c,Raka Satoso,0808-1571-7576,raka.satoso309@mail.id,1,M,Madiun,MBR-32320,,2026-02-20,BR-17,ACTIVE,2026-08-15T17:59:41+07:00
16ae7375-ccc7-53cf-921d-3a9ec5b9650c,Budi Permata,085632799487,budi.permata.310@customer.test,10,M,Jember,MBR-46354,GOLD,2025-04-25,BR-16,ACTIVE,2025-06-21T16:06:02+07:00
d6a0b063-9a3a-5552-a1d4-bb6c6a2330c1,Augs Kusuma,+62889-5496-0393,augs.kusuma.311@example.id,8,M,Bantul,MBR-13541,,2025-06-03,BR-20,ACTIVE,2026-06-27T01:35:39+07:00
6cde92e8-078b-5c26-a5c3-db62439de494,Cita Utami,+62834 5052 2332,cita.utami312@example.id,10,U,Klaten,,,2025-08-22,BR-15,ACTIVE,2026-06-16T12:39:54+07:00
6b34c272-e183-58d9-bef6-78ca39d51a50,Dewi Anggrini,+6284894687167,dewi.anggrini.313@customer.test,7,M,Malang,MBR-12761,GOLD,2026-02-10,BR-09,ACTIVE,2025-12-21T12:42:25+07:00
cc592ef6-70ff-5ad9-955f-09b8ca088a63,Budi Wijaya,+6283548041310,budi.wijaya314@customer.test,5,F,Kulon Progo,MBR-23748,SILVER,2025-10-04,BR-18,ACTIVE,2025-12-18T16:52:39+07:00
c6aedce6-436e-55eb-a49e-40d488229af9,Tair Utami,+6287031663484,tair.utami.315@inbox.id,3,U,Jember,MBR-39602,GOLD,2025-04-20,BR-19,ACTIVE,2025-08-13T04:17:33+07:00
724152c7-a41e-55a5-9f2f-cb8347b86b49,Tair Utami,087031663484,tair.utami.316@customer.test,3,U,Jember,MBR-39602,GOLD,2025-04-20,BR-19,ACTIVE,2025-08-13T04:17:33+07:00
bfe027a5-0496-50ea-b81f-134657ecc67e,Yuni Wulandari,087760234461,,6,F,Gunungkidul,MBR-89937,,2025-09-11,BR-02,ACTIVE,2026-05-14T00:09:29+07:00
13c93ea2-2c80-57d1-92e4-55cffb242d80,Inan Kusuma,+6289657152424,inan.kusuma.318@inbox.id,12,M,Magelang,MBR-39707,,2025-10-08,BR-02,ACTIVE,2026-05-27T02:27:49+07:00
28a05d15-058d-5be8-aff1-a7c9fcd82cae,Ndaia Santoso,+6288143744361,ndaia.santoso.319@mail.id,10,U,Purworejo,MBR-57016,,2025-12-15,BR-13,ACTIVE,2026-08-09T19:44:59+07:00
d98da6f4-af7e-5377-908e-c84e0018f051,Budi Setiawan,0859 9769 4630,budi.setiawan.320@customer.test,1,M,Yogyakarta,,SILVER,2025-06-29,BR-18,ACTIVE,2025-12-20T09:54:49+07:00
4ff20f98-9e34-5da3-9fc6-f99156efa780,Sari Wluandari,0822 6629 3585, sari.wluandari.321@example.id ,1,U,Surabaya,MBR-65814,SILVER,2025-08-10,BR-12,ACTIVE,2025-07-18T19:01:51+07:00
7406f036-48ab-5c43-9483-f43f1d47e652,Ayu Mahendra,+62802-9746-0683, ayu.mahendra322@mail.id ,7,U,Gunungkidul,MBR-25517,SILVER,2025-11-08,BR-04,CLOSED,2025-09-03T04:58:27+07:00
d2c94779-974f-5778-b849-4045848eed33,Dewi Putri,081598269193,dewi.putri323@mail.id,5,F,Bekasi,MBR-12307,BRONZE,2025-12-18,BR-03,ACTIVE,2025-10-30T10:44:32+07:00
41ee77b2-b3d2-5b33-a4ff-610854fa538a,Wahyu Utaim,083870008878,wahyu.utaim.324@example.id,9,F,Klaten,MBR-16590,,2026-01-26,BR-18,ACTIVE,2026-05-27T02:38:43+07:00
dee35c15-517f-5eae-971f-4dd1dd4cc7d3,Nadia Sntoso,080687030060,nadia.sntoso.325@mail.id,6,M,Kulon Progo,MBR-91977,,2025-09-15,BR-11,ACTIVE,2025-11-17T01:33:18+07:00
20ee0c37-20ba-5320-a720-d19c2503fa61,Lnia Permata,+62857-4965-9422,lnia.permata.326@mail.id,1,F,Bogor,MBR-88875,SILVER,2026-01-04,BR-03,ACTIVE,2025-08-31T21:29:42+07:00
c1dcc3c3-b961-5a94-b6ac-994bfd8b225e,Mdae Mahendra,+62817-0153-4364, mdae.mahendra.327@customer.test ,3,F,Bandung,MBR-95240,,2026-03-01,BR-13,ACTIVE,2025-11-08T01:15:10+07:00
eaa71c0b-84ee-5b49-86fd-424198c860bc,Eka Wualndari,+6280156326597,eka.wualndari328@example.id,3,M,Purworejo,MBR-34257,SILVER,2025-07-06,BR-13,ACTIVE,2025-04-09T08:17:43+07:00
da7ce420-4746-5504-8285-539f90ac7968,Yuni Utami,084111919472, yuni.utami329@mail.id ,12,M,Kediri,MBR-64228,SILVER,2025-04-17,BR-05,ACTIVE,2025-11-18T16:04:17+07:00
4e3a5c0c-0321-5a02-9fc6-e2d929187211,Intan Utami,0823 9378 0026,intan.utami330@inbox.id,10,F,Madiun,MBR-87481,BRONZE,2026-06-25,BR-06,ACTIVE,2026-08-03T14:01:56+07:00
b5a92e45-02bb-5de7-9fe6-3793b15edfb5,Tari Adinata,+62894-2852-8302, tari.adinata.331@example.id ,8,U,Bekasi,MBR-27948,SILVER,2025-05-28,BR-15,ACTIVE,2026-07-13T18:02:02+07:00
49c3e3c7-0259-57e5-9cfd-d539f1c06d72,Eka Wulandari,0801 5632 6597,eka.wulandari.332@inbox.id,3,M,Purworejo,MBR-34257,SILVER,2025-07-06,BR-13,ACTIVE,2025-04-09T08:17:43+07:00
2d88cf99-a756-5497-981e-0970220204eb,Ayu Utami,0841 0848 6080,ayu.utami.333@inbox.id,12,M,Bekasi,,,2026-07-29,BR-11,ACTIVE,2025-09-17T11:36:54+07:00
9fddc384-df5b-5806-8f78-a40b1f6755ee,Fitir Mahendra,081467869762,fitir.mahendra.334@customer.test,2,F,Bogor,MBR-65313,PLATINUM,2026-07-05,BR-17,ACTIVE,2026-02-09T09:36:26+07:00
a57e6e24-b81c-5538-b051-dd884ab560dc,Cira Wulandari,086222605212,,12,M,Gunungkidul,MBR-59813,,2026-08-08,BR-07,ACTIVE,2026-04-01T01:04:29+07:00
906f8735-dcfd-50bc-b357-f3ad569e6433,Adi Prasetyo,+6283358749687,adi.prasetyo.336@example.id,4,F,Sleman,MBR-12343,BRONZE,2025-08-05,BR-04,ACTIVE,2025-08-28T00:17:57+07:00
24718567-274e-5b12-b844-05dcfda3a4a3,Ayu Utami,+6289336382769,ayu.utami337@inbox.id,12,F,Jember,MBR-88279,BRONZE,2026-05-27,BR-19,ACTIVE,2026-01-08T03:10:10+07:00
f9b903b7-bab6-588f-9c30-7d26a058b56b,Citra Ptura,+62872-6294-2464,citra.ptura.338@customer.test,6,F,Sleman,MBR-67635,BRONZE,2026-04-30,BR-19,ACTIVE,2025-12-13T21:00:09+07:00
a7e104a4-c0b8-5b45-be0d-e3527059434c,Indra Setiawna,0875 4141 9413,indra.setiawna339@inbox.id,9,M,Surabaya,MBR-99502,,2025-06-09,BR-17,ACTIVE,2026-08-27T23:49:48+07:00
00e74f94-11c4-56d2-a44d-c2c19108677c,Budi Ptri,+6288626550813,budi.ptri.340@customer.test,9,M,Surabaya,MBR-10607,PLATINUM,2026-05-03,BR-12,ACTIVE,2026-02-06T14:53:07+07:00
50bc91d6-70f9-559b-80e9-3189dce8dd50,Intan Puta,084499116528,intan.puta.341@inbox.id,7,M,Gunungkidul,MBR-74812,BRONZE,2026-05-09,BR-14,ACTIVE,2026-02-25T17:21:34+07:00
3eb0dece-39a2-5586-9fca-03d6edf6f9a0,Wahyu Kusuma,+6288365542850, wahyu.kusuma.342@inbox.id ,12,M,Kulon Progo,,BRONZE,2026-01-08,BR-08,ACTIVE,2025-06-14T20:36:57+07:00
0e3f87a4-3cc8-5137-9a1c-c4f845c887e4,Eka Wluandari,089746026783,eka.wluandari343@inbox.id,4,U,Bandung,MBR-95417,SILVER,2026-02-26,BR-05,ACTIVE,2025-12-16T14:40:59+07:00
54aa3ff1-a65f-52aa-bc32-4bd174c72dbf,Sari Anggraini,088299149452,sari.anggraini.344@example.id,5,M,Purworejo,MBR-94524,SILVER,2025-12-04,BR-07,ACTIVE,2025-09-26T02:10:17+07:00
b5dbf5c2-c451-5124-990d-c27ae5a68b6e,Agus Praseyto,+62896-8103-6873,agus.praseyto345@example.id,7,M,Bandung,MBR-31082,BRONZE,2026-03-09,BR-10,ACTIVE,2026-08-23T05:44:51+07:00
c6bbde8d-194f-516a-bf6b-ab1dfd338f45,Made Kusuma,0845 0288 2928,made.kusuma.346@customer.test,3,U,Yogyakarta,,SILVER,2025-08-30,BR-06,ACTIVE,2025-05-23T18:49:43+07:00
bf5134a5-0a30-5ef1-9e48-e8618b9c0417,Nadia Darmwaan,082433645906,nadia.darmwaan347@mail.id,1,U,Klaten,MBR-16592,GOLD,2025-10-30,BR-08,ACTIVE,2025-07-25T01:30:42+07:00
fa2c279d-28c9-57db-ac7a-5fa54140effb,Intan Santoso,086581536603,intan.santoso348@customer.test,12,U,Solo,MBR-31650,GOLD,2025-04-21,BR-05,ACTIVE,2025-09-26T03:07:01+07:00
be04edae-f334-53ee-8304-14d796e7ed69,Agus Hidayat,087803425013, agus.hidayat.349@customer.test ,7,F,Depok,MBR-11400,PLATINUM,2026-04-01,BR-03,ACTIVE,2025-10-11T19:07:15+07:00
d84cb6b5-70a1-583e-b51c-7f5fa8e3d3f6,Wahyu Kusuma,+6288467684929,wahyu.kusuma350@example.id,6,F,Magelang,MBR-59386,PLATINUM,2025-05-21,BR-17,ACTIVE,2026-04-23T13:03:17+07:00
55bad49a-9bdf-583f-8b1b-acbcc0690643,Made Anggraini,+6286078043680, made.anggraini.351@mail.id ,1,F,Surabaya,,GOLD,2025-09-08,BR-08,ACTIVE,2025-12-05T14:10:20+07:00
ba2762bf-5d33-5bc7-85e2-d353211fe7a8,Sari Hidayat,+62899-5500-0507, sari.hidayat.352@inbox.id ,1,F,Gunungkidul,,GOLD,2026-01-20,BR-05,ACTIVE,2025-07-25T11:17:38+07:00
56a64711-89cb-5bb4-8d4d-304f99728be3,Intan Kusua,083107153006,,12,M,Bandung,MBR-38175,PLATINUM,2025-11-21,BR-05,INACTIVE,2026-04-20T11:49:11+07:00
1aaf0e02-571d-562b-abda-9151052968a8,Intan Adinata,+6280891583269, intan.adinata.354@inbox.id ,6,M,Bekasi,MBR-94936,,2025-12-23,BR-12,ACTIVE,2026-04-18T12:10:30+07:00
8102ea41-e97b-5542-8afb-e94445371dcd,Made Setiaan,0887-0598-5266, made.setiaan355@example.id ,5,M,Bandung,MBR-52997,,2026-02-25,BR-11,INACTIVE,2025-08-05T23:01:57+07:00
cf502180-5dfa-5605-bf95-36a788db7fb3,Ctra Hidayat,0898-9648-2689,ctra.hidayat356@inbox.id,8,F,Malang,,BRONZE,2026-04-13,BR-01,INACTIVE,2025-11-26T17:21:34+07:00
f8e415ee-e140-5fb8-92cb-ad6c211845ef,Dewi Wulandari,+6280252767865,,8,M,Kulon Progo,MBR-55501,PLATINUM,2026-06-26,BR-18,INACTIVE,2025-10-17T15:40:40+07:00
1a5402d9-ff41-5196-90f1-d43eb78fd70a,Agus Wijya,089743530984,agus.wijya358@mail.id,8,U,Magelang,MBR-46905,,2025-07-29,BR-20,ACTIVE,2026-02-24T00:17:31+07:00
a173105f-919b-5d1d-9043-96ccc8cc005f,Dan Santoso,084843917686,dan.santoso359@customer.test,10,F,Bogor,MBR-98645,GOLD,2025-10-12,BR-17,ACTIVE,2025-11-12T22:40:50+07:00
15dae580-c871-5abf-bc3f-26c5d86fb806,Adi Wulandari,+62829-2398-1932,adi.wulandari360@inbox.id,8,F,Kediri,,,2025-08-29,BR-15,ACTIVE,2026-09-13T11:08:28+07:00
5a21825f-fc4f-566c-84e5-730f50887bce,Sari Adinaa,+62852-0646-7144,sari.adinaa.361@mail.id,5,M,Kediri,MBR-92764,SILVER,2025-06-28,BR-11,ACTIVE,2025-07-26T17:37:55+07:00
6c03265c-5958-501a-8f5d-a81eafcdb01f,Ayu Setiawan,+62823 9777 9597, ayu.setiawan.362@mail.id ,7,U,Kulon Progo,MBR-52658,GOLD,2025-06-19,BR-10,ACTIVE,2025-09-16T16:43:46+07:00
597f7beb-e84b-51aa-a55e-fb769a818600,Hna Wijaya,089306652696,hna.wijaya363@inbox.id,3,U,Sleman,MBR-91892,,2026-03-29,BR-12,ACTIVE,2025-09-21T16:06:43+07:00
53dc8362-0e27-5231-bdd3-62f78adfded8,Lina Mahendra,085908158519,lina.mahendra364@customer.test,4,M,Purworejo,MBR-45335,SILVER,2026-01-25,BR-19,INACTIVE,2026-09-06T09:16:42+07:00
16934759-45c9-5176-9a32-791e09d13fb4,Yuni Adinata,0816-7741-8303,yuni.adinata.365@customer.test,4,F,Kulon Progo,MBR-87229,SILVER,2026-08-30,BR-20,ACTIVE,2025-05-19T02:46:41+07:00
0b7bfdf5-b03a-53f1-9f5e-09c5ca47c523,Yuni Wijaya,+62897 7956 7902,yuni.wijaya366@inbox.id,7,U,Bantul,,GOLD,2026-01-27,BR-14,ACTIVE,2026-05-20T09:35:30+07:00
22315290-4a61-59a1-9f7f-3a12601684d2,Intan Darmaawn,0828-6996-0701,intan.darmaawn367@example.id,4,M,Kediri,,SILVER,2026-03-10,BR-01,ACTIVE,2025-10-05T10:25:04+07:00
7452eb16-6c2b-5341-8f6c-48daf89cc18e,Aus Putri,+62872-1564-2916,aus.putri.368@mail.id,8,U,Kulon Progo,MBR-11593,GOLD,2026-04-04,BR-02,ACTIVE,2026-06-11T22:49:55+07:00
c0fbe311-4f16-5bf5-9661-dfcf1813cb09,Tari Permata,+6284390950881,tari.permata.369@inbox.id,7,U,Bogor,,,2025-07-09,BR-15,INACTIVE,2025-05-04T14:56:31+07:00
3c2de865-2bf0-5dce-9b2f-269180ea432c,Yuni Mahendra,0841 0779 3125,yuni.mahendra370@customer.test,3,M,Bantul,,PLATINUM,2026-07-30,BR-14,ACTIVE,2026-06-09T06:33:49+07:00
3f8b1c1e-1931-5eb8-a2aa-a36c618d93b0,Lina Wulandari,+62894-3794-7043,lina.wulandari.371@example.id,11,F,Kediri,MBR-23737,PLATINUM,2025-12-06,BR-05,ACTIVE,2026-04-01T18:03:11+07:00
fc398529-0c5e-5d50-95bd-8daf84af4327,Tai Wulandari,+6289770169169,,10,U,Malang,,SILVER,2026-07-24,BR-02,ACTIVE,2025-05-24T02:55:24+07:00
270e9598-dde3-5c35-854d-a894d0411b7e,Eka Permata,0898-2452-5052,eka.permata.373@customer.test,3,M,Magelang,MBR-48676,BRONZE,2026-07-03,BR-03,ACTIVE,2026-01-05T19:29:58+07:00
48513b30-7baf-5739-879c-95b76928d7b4,Tari Santoso,0842 6004 3107,tari.santoso.374@mail.id,12,U,Kediri,MBR-44822,SILVER,2026-01-10,BR-15,ACTIVE,2025-07-18T14:47:17+07:00
5c517f5f-ab6f-5362-8a1b-d9d47ca8c24e,Dian Setiaan,+6287861142915, dian.setiaan375@mail.id ,10,F,Malang,,PLATINUM,2026-06-27,BR-09,INACTIVE,2026-08-14T00:12:47+07:00
75937700-4d3e-51af-b196-8434548fb379,Itnan Putra,+62880 7155 9622, itnan.putra.376@inbox.id ,2,M,Bandung,,SILVER,2026-02-15,BR-02,ACTIVE,2026-04-14T22:29:04+07:00
ac111b60-a405-561b-8634-7bef8e984631,Lina Putri,+6283361304396,lina.putri377@mail.id,4,F,Magelang,MBR-43331,,2026-01-17,BR-02,ACTIVE,2025-12-26T14:51:49+07:00
8ebfa36f-3ff1-5370-8326-79bc1728d101,Hana Purti,085216082577, hana.purti378@customer.test ,12,U,Solo,MBR-98287,SILVER,2026-03-18,BR-04,ACTIVE,2026-01-14T18:43:08+07:00
fadb26c9-4cb3-5ec9-aa18-36decad29fd2,Sari Uami,,sari.uami.379@inbox.id,1,F,Gunungkidul,MBR-15407,PLATINUM,2026-09-17,BR-16,ACTIVE,2026-04-03T15:10:19+07:00
8ca9e72c-d818-59f4-aeaa-811f3278a962,Lina Ptra,+62833-9270-5124,lina.ptra.380@example.id,9,M,Solo,MBR-99440,PLATINUM,2025-07-31,BR-13,ACTIVE,2026-08-19T21:47:45+07:00
2be9a3f8-2b27-5d9b-be88-be3c3270a43f,Lina Utami,0822-4055-3534,lina.utami381@mail.id,2,U,Klaten,MBR-59236,BRONZE,2025-04-21,BR-02,ACTIVE,2025-07-03T13:17:40+07:00
f138836c-06a7-5549-9667-269f070ebb73,Agus Santoso,+62864-1489-4700,agus.santoso.382@customer.test,12,U,Kediri,MBR-60730,BRONZE,2025-05-04,BR-07,ACTIVE,2026-09-05T05:15:25+07:00
24c40e64-69ce-5d9c-b78f-9c18a2f95f1e,Raa Prasetyo,+6288909614417,,6,F,Gunungkidul,,SILVER,2025-04-15,BR-09,ACTIVE,2026-02-13T19:48:24+07:00
582238ba-c486-53c7-aa51-105f338137b9,Raka Ptura,089039849269,raka.ptura384@customer.test,2,F,Sleman,MBR-57338,,2026-01-24,BR-14,ACTIVE,2026-03-07T09:40:25+07:00
8922d666-9901-56be-a7b8-5dc858c91af5,Ayu Kusuam,+62854 9565 7953,ayu.kusuam.385@mail.id,12,U,Bogor,MBR-99226,PLATINUM,2025-06-25,BR-18,ACTIVE,2026-01-10T09:02:03+07:00
3acb27b8-ca9d-5555-9d35-acde807db57a,Wahyu Wijaya,,wahyu.wijaya.386@customer.test,7,F,Kulon Progo,MBR-23855,SILVER,2025-11-20,BR-12,ACTIVE,2026-02-17T14:49:42+07:00
658b2acb-0e29-5b04-8591-d7c94c9c4eff,Hana Prasetyo,082691498868, hana.prasetyo.387@inbox.id ,11,M,Bekasi,MBR-58129,GOLD,2025-07-29,BR-18,ACTIVE,2026-06-13T01:27:17+07:00
a6bb67e2-6830-5e79-ae44-6b16861305f5,Ynui Hidayat,086201193146,,1,M,Kulon Progo,MBR-43101,PLATINUM,2026-05-31,BR-02,ACTIVE,2026-03-04T09:19:34+07:00
147f6cb5-2a0b-5dbf-a3d7-523b11b79e38,Wahyu Permata,,wahyu.permata389@customer.test,5,M,Madiun,MBR-10022,SILVER,2025-08-07,BR-09,ACTIVE,2025-10-18T05:43:50+07:00
be57769c-8ff6-5177-b563-d9db0d58dfa1,Cira Putri,0817 0316 6750,cira.putri390@mail.id,6,F,Klaten,MBR-54975,GOLD,2025-09-26,BR-20,ACTIVE,2026-02-27T03:04:29+07:00
9a11216b-444b-52ae-acd2-8a75d3ff5e1d,Fitri Setiwaan,086352842601, fitri.setiwaan.391@example.id ,1,F,Kulon Progo,MBR-73894,,2026-08-26,BR-06,ACTIVE,2025-11-23T15:17:47+07:00
726318a7-ae24-5601-a221-7dd6e4df5fe9,Adi Utami,082765700832, adi.utami.392@example.id ,9,M,Purworejo,MBR-79628,BRONZE,2026-04-04,BR-16,ACTIVE,2026-05-28T18:17:48+07:00
9de90519-89ef-596e-b611-c033dac9e53a,Dian Permata,0854 0704 5212,dian.permata.393@mail.id,1,M,Madiun,MBR-23788,SILVER,2026-06-24,BR-20,ACTIVE,2025-10-19T00:47:18+07:00
56ad6d06-a85a-5d42-b97b-bacf7e4a2117,Citra Putri,084217350406, citra.putri394@example.id ,3,U,Magelang,MBR-68699,SILVER,2026-05-04,BR-18,ACTIVE,2025-05-20T21:05:31+07:00
c7a1b6a2-f65b-50a0-ab53-0c46a8a2f526,Agus Kusuma,+6280434265339,agus.kusuma395@inbox.id,5,F,Semarang,MBR-29583,SILVER,2026-07-14,BR-12,ACTIVE,2026-02-28T11:01:44+07:00
60bb8fbb-6070-5524-8ca3-11bf91abe0a5,Agus Utami,,agus.utami396@mail.id,8,U,Surabaya,MBR-38446,,2026-03-11,BR-18,ACTIVE,2026-07-15T10:13:05+07:00
2391f081-05b4-5ecd-bab7-af43f411aa2f,Agus Utami,,agus.utami397@customer.test,7,U,Bekasi,MBR-68214,PLATINUM,2025-06-29,BR-08,ACTIVE,2026-04-18T07:23:38+07:00
a6498b2f-8d53-54a9-8bed-4fcfa478ff7e,Tari Santsoo,084269339221, tari.santsoo398@customer.test ,3,M,Bandung,,SILVER,2025-08-09,BR-14,ACTIVE,2026-01-01T01:52:24+07:00
fda205a3-a405-5656-bdbb-bf50347797cd,Tai Mahendra,+6281647293691,tai.mahendra.399@example.id,3,M,Surabaya,MBR-90033,PLATINUM,2025-09-04,BR-06,ACTIVE,2026-09-18T04:05:55+07:00
3f5f81a2-3d60-5237-b080-aa26acb8e773,Indra Wulandari,0816 8279 7124,indra.wulandari400@inbox.id,6,U,Magelang,MBR-96950,BRONZE,2026-07-04,BR-17,ACTIVE,2026-03-23T06:25:21+07:00
4d4ea895-6646-51ae-983a-567883ba9ced,Eka Wijaya,0831-8407-1873, eka.wijaya401@example.id ,4,F,Kediri,,SILVER,2025-08-16,BR-15,ACTIVE,2026-07-31T10:25:14+07:00
ee5de0ea-9ad5-5eda-ae35-51ec61f72040,Ayu Setiawan,086208049145,ayu.setiawan.402@customer.test,9,U,Bantul,,SILVER,2026-04-17,BR-03,ACTIVE,2025-10-19T18:17:40+07:00
9a61fa0b-43d6-5131-a2a3-0acdc131622a,Raa Hidayat,0823 2730 9524,raa.hidayat403@customer.test,11,M,Yogyakarta,MBR-71760,,2026-07-19,BR-13,ACTIVE,2025-08-06T00:02:31+07:00
765a540d-f298-57d0-bfe4-665736c168ce,Lna Putri,080153295360,lna.putri.404@customer.test,5,M,Bekasi,MBR-96860,GOLD,2025-11-06,BR-18,INACTIVE,2026-02-20T19:03:37+07:00
9f63716b-0983-5173-8ac0-e652fa8facd4,Yuni Anggriani,,yuni.anggriani405@mail.id,12,M,Surabaya,MBR-67032,GOLD,2025-06-04,BR-18,ACTIVE,2026-04-12T09:01:24+07:00
b06a3028-f3b6-58d8-b179-9e59bb160c69,Fitri Wulandari,0834-9523-7618,fitri.wulandari406@mail.id,2,M,Semarang,MBR-42754,SILVER,2025-11-16,BR-07,CLOSED,2026-07-20T03:01:38+07:00
ce789a6f-47a8-5fb7-a61e-1f8caea1514c,Ayu Putra,,ayu.putra.407@inbox.id,9,U,Madiun,MBR-61802,,2026-07-27,BR-10,ACTIVE,2025-10-08T03:45:24+07:00
70c19fcb-c7b3-55c2-8b7f-8f6083323dad,Citra Anggarini,0879-5079-8797,citra.anggarini408@example.id,2,M,Depok,,PLATINUM,2026-03-17,BR-14,ACTIVE,2026-02-04T17:51:09+07:00
48d4f367-00d8-5ffd-8688-0d2651f7847d,Sari Setiawan,0848 9391 6983,sari.setiawan409@customer.test,7,F,Kediri,MBR-70779,SILVER,2025-12-26,BR-10,ACTIVE,2026-06-07T05:49:31+07:00
0edcf05c-8bb4-5331-af64-59042adc74e6,Adi Setiawan,+6285750605582,adi.setiawan.410@mail.id,3,M,Kulon Progo,MBR-88296,GOLD,2025-09-29,BR-08,ACTIVE,2026-04-01T16:16:55+07:00
8583c318-9428-5d32-a0d7-8d72acf2fa4d,Yuni Wulanari,+62863 3160 6946,yuni.wulanari.411@customer.test,8,M,Gunungkidul,MBR-22955,,2025-06-04,BR-11,ACTIVE,2026-08-09T13:26:09+07:00
fd6d061d-b39b-5a72-ba54-9ff211a5b58e,Srai Santoso,,srai.santoso.412@mail.id,1,F,Jember,,BRONZE,2025-06-02,BR-12,ACTIVE,2026-05-15T19:45:04+07:00
e303ba7d-041e-5b4a-a8a5-a6132d0f9fb2,Trai Putra,0804 4124 7474,,11,M,Purworejo,MBR-92104,PLATINUM,2025-05-21,BR-15,ACTIVE,2025-09-14T14:31:45+07:00
ff8d067f-6e17-52a9-81a2-86645c54de26,Tair Hidayat,087984673755,tair.hidayat414@inbox.id,8,U,Solo,MBR-10041,GOLD,2026-09-17,BR-15,INACTIVE,2026-03-21T15:28:13+07:00
3808e8f7-ffae-5e5e-bddb-508dc358cb90,Made Hidayat,+6284998012901,made.hidayat.415@example.id,12,U,Semarang,MBR-94435,GOLD,2025-12-09,BR-10,ACTIVE,2026-07-04T21:08:20+07:00
8ca57576-a95a-5536-9d7c-f5484bfe179b,Lina Wijaya,082746610587,lina.wijaya.416@inbox.id,6,F,Jember,MBR-58671,GOLD,2025-11-09,BR-16,ACTIVE,2025-11-14T13:45:06+07:00
82cc750a-5019-513b-9f4b-ed3ec03f3dcf,Tari Prasetyo,+6288149955549,tari.prasetyo417@customer.test,9,M,Purworejo,,PLATINUM,2026-08-10,BR-18,ACTIVE,2026-07-30T21:07:37+07:00
87cb45ca-b23a-59cb-959a-ecc0e7b9ead1,Made Darmawn,,made.darmawn418@mail.id,3,U,Semarang,MBR-13383,SILVER,2025-09-05,BR-14,ACTIVE,2025-06-14T21:29:12+07:00
b59d4fa9-4be7-548a-9350-89d7de7dfce5,Made Wijaya,+6283094434298, made.wijaya.419@mail.id ,3,U,Madiun,MBR-48343,GOLD,2025-11-11,BR-02,ACTIVE,2025-08-07T10:37:57+07:00
88489424-4fb6-5703-9762-cb644353aa4f,Sari Anggraini,+62882-9914-9452, sari.anggraini420@customer.test ,5,M,Purworejo,MBR-94524,SILVER,2025-12-04,BR-07,ACTIVE,2025-09-26T02:10:17+07:00
9d0322ba-27ac-5de0-867d-747833aa89a3,Hana Kusuma,086729019954,hana.kusuma.421@mail.id,7,U,Magelang,MBR-10052,GOLD,2025-12-16,BR-01,ACTIVE,2025-05-09T03:46:23+07:00
4400db2e-d556-5709-82b2-37ed2dcae63c,Fitri Darmawan,+62882-5592-8062,fitri.darmawan.422@customer.test,1,F,Madiun,MBR-77938,GOLD,2025-08-03,BR-09,ACTIVE,2025-05-09T11:36:24+07:00
acf43d8b-36f0-550d-8658-6f536160cfdb,Ayu Putri,083960990917,ayu.putri.423@inbox.id,1,M,Madiun,MBR-60238,SILVER,2026-01-28,BR-14,INACTIVE,2026-08-31T16:32:34+07:00
f2bd75e8-7caf-585d-8291-5a22cee6ef7e,Dewi Setiawn,088332590178, dewi.setiawn424@inbox.id ,7,M,Yogyakarta,MBR-14744,,2026-01-22,BR-03,ACTIVE,2026-02-13T08:44:21+07:00
61783817-39e9-5d7a-bfe6-a67933afccad,Adi Wulandari,+6285224354445,,5,U,Purworejo,,PLATINUM,2026-03-03,BR-02,ACTIVE,2026-04-23T03:19:37+07:00
e1a7232e-ba97-586c-8293-8607ae79223c,Sari Praseto,0814 7614 9994, sari.praseto426@inbox.id ,12,M,Gunungkidul,MBR-90979,PLATINUM,2026-04-11,BR-14,ACTIVE,2026-09-26T00:52:07+07:00
eaeb7734-62b5-5244-9276-fe7f97e46565,Budi Prasetyo,080428957686,budi.prasetyo427@example.id,8,M,Magelang,MBR-88803,PLATINUM,2026-04-15,BR-12,ACTIVE,2026-02-19T12:55:36+07:00
9ea467f7-6f1c-51b7-83fa-532997f9c6b8,Lina Setiaawn,+62891 6426 2210,lina.setiaawn.428@mail.id,6,U,Sleman,MBR-29944,SILVER,2025-11-14,BR-13,ACTIVE,2025-04-09T12:23:41+07:00
048d80a3-2e1e-5630-99ba-20c7cb95c1a5,Idra Kusuma,085273882549,idra.kusuma429@customer.test,8,U,Cirebon,MBR-44594,GOLD,2025-12-21,BR-16,ACTIVE,2025-05-20T18:28:59+07:00
8651b4aa-29fb-5df7-9dd5-7c9f77c7cfef,Made Anggraini,+6288653195661,made.anggraini.430@customer.test,3,U,Malang,MBR-66205,BRONZE,2026-03-25,BR-12,ACTIVE,2026-09-05T12:53:56+07:00
b4c8716b-8bea-5090-8595-65a0a5148976,Hana Wulandari,085034245190,hana.wulandari.431@mail.id,2,F,Jember,MBR-89682,SILVER,2026-08-19,BR-15,ACTIVE,2025-04-01T06:33:35+07:00
fae1b7fd-0d9d-59e3-84ac-bfea66031f4e,Raa Permata,0827-0610-1289,raa.permata.432@customer.test,2,U,Klaten,,PLATINUM,2026-04-07,BR-19,ACTIVE,2026-08-29T06:40:56+07:00
1d9c49bb-3441-53dc-ad26-da1e7a28ce77,Citra Santoso,+62825 8730 5826,citra.santoso433@inbox.id,8,M,Kediri,MBR-93724,SILVER,2025-09-06,BR-10,ACTIVE,2025-10-21T13:57:04+07:00
0e42b560-0fd6-5c60-9bdb-072f11d39afd,Citra Anggraini,082786877015, citra.anggraini434@mail.id ,5,M,Bandung,,BRONZE,2026-09-18,BR-09,INACTIVE,2025-07-04T05:17:47+07:00
d2775be5-7be2-5dd7-a8ab-14ed278a84a4,Tair Prasetyo,+62813 1913 3637,,5,U,Bantul,MBR-88295,SILVER,2025-07-11,BR-19,CLOSED,2026-05-07T07:36:15+07:00
13a38c35-32d8-54bb-be28-b755c15624a3,Raka Wulandari,081151214571,,12,U,Cirebon,,,2025-12-22,BR-02,ACTIVE,2025-08-15T11:14:28+07:00
8c02952e-5e2d-52b5-bf13-e1442b9fc658,Raka Utami,+62853 0604 3649,raka.utami437@example.id,1,F,Cirebon,MBR-30966,BRONZE,2026-03-17,BR-18,ACTIVE,2025-11-30T13:10:05+07:00
8ecd46c9-e44e-5365-914a-e294f1ea8163,Citra Darmawan,0842-8796-8723, citra.darmawan438@customer.test ,4,F,Bekasi,MBR-52128,,2025-08-26,BR-01,ACTIVE,2026-02-07T15:30:02+07:00
5225f44f-5b3d-53f6-a65b-0856cef3b0fc,Yuni Darmawan,0836 7620 1166,yuni.darmawan.439@customer.test,1,F,Yogyakarta,MBR-10675,,2026-09-08,BR-02,ACTIVE,2025-10-06T12:23:05+07:00
eee2df84-890c-5a41-b205-178db8f2b499,Dian Kusuma,0897-2034-4718,dian.kusuma.440@example.id,3,M,Sleman,MBR-83457,,2026-05-20,BR-04,CLOSED,2026-06-16T01:13:23+07:00
97235484-66ae-5793-9bfe-79697aafde25,Agsu Utami,089270726523, agsu.utami441@mail.id ,8,U,Yogyakarta,MBR-23949,BRONZE,2025-11-26,BR-02,ACTIVE,2025-09-25T03:15:07+07:00
779d690c-861a-55ee-8c3f-45700c4d1cf7,Wahyu Anggraini,+6287771015213,wahyu.anggraini442@mail.id,9,M,Depok,MBR-11927,PLATINUM,2025-05-04,BR-17,ACTIVE,2026-04-03T22:33:41+07:00
839f6e51-262b-58e7-b11b-d1044b8924bf,Indra Hidayat,+62816 7454 0309,indra.hidayat443@inbox.id,10,U,Malang,MBR-35758,GOLD,2025-04-10,BR-20,INACTIVE,2026-07-03T20:10:50+07:00
0224d59b-d5c8-5cc5-afc7-c126a1d00822,Citra Prastyo,0809-5446-3398,citra.prastyo444@mail.id,1,F,Bekasi,MBR-99393,,2025-04-11,BR-07,ACTIVE,2025-11-20T08:07:57+07:00
17d22e79-f4e1-5d49-9daa-e9a38b4c35cc,Adi Hidayat,082830008867, adi.hidayat.445@customer.test ,8,F,Semarang,,PLATINUM,2025-07-01,BR-11,ACTIVE,2025-07-17T13:09:21+07:00
